"unitid","name","city","state","region","sector","control","level","locale","size","carnegie","hbcu","tribal","longitude","latitude","headcount","undergrad","pct_women_ug","pct_white_ug","pct_black_ug","pct_hispanic_ug","pct_asian_ug","pct_intl_ug","retention_ft","retention_pt","stu_fac_ratio","grad_cohort","grad_rate_150","bach_cohort","grad_rate_bach_6yr","grad_rate_bach_4yr","aid_cohort","pct_pell","pct_any_grant","net_price","net_price_0_30k","net_price_30_48k","net_price_48_75k","net_price_75_110k","net_price_110k_plus","associates_awarded","bachelors_awarded","masters_awarded","doctorates_awarded","peer_group","peer_group_sort"
100654,"Alabama A & M University","Normal","AL","Southeast","Public 4-year","Public","4-year","City","5,000-9,999","Master's","Yes","No",-86.5685,34.7834,6627,5664,58.9,2.1,89.5,1.2,0.2,1.1,64,40,19,1284,28.7,1284,28.7,14.9,1547,64,83,14064,13776,13923,16471,19057,18200,,511,217,3,"Group 4",4
100663,"University of Alabama at Birmingham","Birmingham","AL","Southeast","Public 4-year","Public","4-year","City","20,000 and above","Doctoral","No","No",-86.7993,33.5057,25357,14713,62.4,50.9,26,7,7.7,2.7,82,47,18,2219,62.6,2198,62.4,43.3,2172,33,74,17413,14816,15876,18310,20913,21326,,2897,2664,692,"Group 2",2
100706,"University of Alabama in Huntsville","Huntsville","AL","Southeast","Public 4-year","Public","4-year","City","5,000-9,999","Doctoral","No","No",-86.6404,34.7246,10515,8021,41.1,69.2,9.5,6.8,4.3,1.6,81,28,17,1339,61.9,1339,61.9,41,1154,22,69,19847,16521,17935,21187,21205,21937,,1593,612,63,"Group 2",2
100724,"Alabama State University","Montgomery","AL","Southeast","Public 4-year","Public","4-year","City","1,000-4,999","Doctoral","Yes","No",-86.2957,32.3643,4255,3641,63.9,1.5,92.5,1.3,0.2,2.1,60,80,16,951,30.2,951,30.2,13.5,938,72,96,13504,13512,14047,15155,15771,11863,,471,100,26,"Group 4",4
100751,"The University of Alabama","Tuscaloosa","AL","Southeast","Public 4-year","Public","4-year","City","20,000 and above","Doctoral","No","No",-87.546,33.2119,42869,35413,56.5,72.2,11.6,5.8,1.5,1.3,86,50,19,7380,73.7,7380,73.7,56.2,7981,18,66,21761,18592,19928,23056,25396,25773,,6409,2146,436,"Group 2",2
100830,"Auburn University at Montgomery","Montgomery","AL","Southeast","Public 4-year","Public","4-year","City","5,000-9,999","Master's","No","No",-86.1775,32.3674,6464,4496,67.8,41.3,44.3,1.9,3,4.3,66,27,15,625,35.7,625,35.7,13.6,384,43,71,15458,12999,13645,16689,18249,16075,,704,512,3,"Group 4",4
100858,"Auburn University","Auburn","AL","Southeast","Public 4-year","Public","4-year","City","20,000 and above","Doctoral","No","No",-85.4883,32.5994,35381,27999,50,82.1,4.5,3.9,2.7,3.2,93,67,21,4762,79.2,4762,79.2,56.6,5282,12,59,24524,16332,17633,21834,26957,29310,,5552,1416,590,"Group 2",2
100937,"Birmingham-Southern College","Birmingham","AL","Southeast","Private nonprofit 4-year","Private nonprofit","4-year","City","Under 1,000","Baccalaureate","No","No",-86.8506,33.5138,1000,1000,47.5,73.4,15,5.5,2.4,2.1,63,,9,349,64.2,349,64.2,55.6,244,23,99,24170,19562,20562,21634,22894,25419,,273,,,"Group 3",3
101189,"Faulkner University","Montgomery","AL","Southeast","Private nonprofit 4-year","Private nonprofit","4-year","City","1,000-4,999","Master's","No","No",-86.2164,32.3842,3456,2195,56.4,46.7,38.7,4.1,1.2,2.9,70,63,13,308,37.7,293,36.5,20.5,205,44,75,19908,21012,16987,27967,31335,31706,10,436,319,37,"Group 3",3
101435,"Huntingdon College","Montgomery","AL","Southeast","Private nonprofit 4-year","Private nonprofit","4-year","City","Under 1,000","Baccalaureate","No","No",-86.2844,32.351,847,839,44.3,65.9,19.2,5.6,0.4,0,67,,14,294,46.9,294,46.9,39.5,258,39,100,22642,18007,18221,23949,22851,24993,,173,5,,"Group 3",3
101480,"Jacksonville State University","Jacksonville","AL","Southeast","Public 4-year","Public","4-year","Suburb","5,000-9,999","Master's","No","No",-85.7653,33.8229,11071,9380,58.1,59.6,23.4,4.5,0.6,1.7,64,33,19,1115,51.1,1115,51.1,31.9,1911,43,80,14511,13268,13842,16202,18157,18079,,1409,515,38,"Group 4",4
101587,"University of West Alabama","Livingston","AL","Southeast","Public 4-year","Public","4-year","Rural","5,000-9,999","Master's","No","No",-88.1863,32.5881,8933,3336,71.6,46.4,37.1,2.8,0.1,2.5,61,43,17,460,38,441,36.5,20.4,300,54,74,14781,13773,12806,14480,16763,16755,41,357,1082,9,"Group 4",4
101675,"Miles College","Fairfield","AL","Southeast","Private nonprofit 4-year","Private nonprofit","4-year","Suburb","1,000-4,999","Baccalaureate","Yes","No",-86.9088,33.4824,1720,1720,55.5,3,95.2,0.8,0,0,56,,12,304,25.7,304,25.7,16.1,296,76,90,14633,13517,14076,15789,19804,20491,,145,,,"Group 4",4
101693,"University of Mobile","Mobile","AL","Southeast","Private nonprofit 4-year","Private nonprofit","4-year","Rural","1,000-4,999","Master's","No","No",-88.1289,30.7932,1903,1662,61.4,49,12.5,1.3,1,2.8,72,,13,227,55.5,227,55.5,41.9,272,30,70,20503,15222,18260,18493,23561,23547,1,255,87,6,"Group 3",3
101709,"University of Montevallo","Montevallo","AL","Southeast","Public 4-year","Public","4-year","Town","1,000-4,999","Master's","No","No",-86.8651,33.1063,2935,2385,63.5,65.9,17.3,6.9,0.5,3.2,73,25,13,482,49.4,482,49.4,34.2,540,39,91,17280,13806,14642,18414,20102,20529,,440,147,,"Group 3",3
101879,"University of North Alabama","Florence","AL","Southeast","Public 4-year","Public","4-year","City","10,000-19,999","Master's","No","No",-87.6804,34.8073,12159,8606,62.8,69.9,10.6,5.9,2,4.9,78,44,18,1105,54,1105,54,33.2,1106,24,83,10441,8309,7613,11901,14907,14273,,1202,887,1,"Group 2",2
101912,"Oakwood University","Huntsville","AL","Southeast","Private nonprofit 4-year","Private nonprofit","4-year","City","1,000-4,999","Baccalaureate","Yes","No",-86.6527,34.7563,1650,1601,57.6,0.9,71.4,9.4,0.1,14.2,64,25,10,366,48.9,357,49.9,31.4,374,47,93,22833,21428,22305,22185,25190,28244,2,186,4,,"Group 3",3
102049,"Samford University","Birmingham","AL","Southeast","Private nonprofit 4-year","Private nonprofit","4-year","Suburb","5,000-9,999","Doctoral","No","No",-86.7918,33.4641,6043,3772,66.8,84.5,5.8,4.1,1.4,0.9,88,100,14,855,79.9,855,79.9,71.8,972,11,98,32176,21891,24253,27995,32769,33894,,836,344,426,"Group 1",1
102094,"University of South Alabama","Mobile","AL","Southeast","Public 4-year","Public","4-year","City","10,000-19,999","Doctoral","No","No",-88.1787,30.696,15488,9553,61.2,59.6,23.2,4.8,3.9,1.4,76,64,18,1870,52.6,1868,52,33.2,1599,37,75,13613,10148,11633,15456,21143,21878,,1791,1256,343,"Group 2",2
102234,"Spring Hill College","Mobile","AL","Southeast","Private nonprofit 4-year","Private nonprofit","4-year","City","Under 1,000","Baccalaureate","No","No",-88.1382,30.6948,1215,1041,56,59.1,13.1,9.9,1.6,9.2,66,100,10,392,56.1,392,56.1,47.4,225,33,94,20271,11239,13282,16103,9655,20316,,209,48,,"Group 3",3
102270,"Stillman College","Tuscaloosa","AL","Southeast","Private nonprofit 4-year","Private nonprofit","4-year","City","Under 1,000","Baccalaureate","Yes","No",-87.5853,33.2,983,983,56.3,7.7,87.6,0.5,0.7,0.5,79,33,12,117,41,117,41,31.6,128,68,89,12479,11789,12252,11214,13001,17500,,94,,,"Group 4",4
102298,"Talladega College","Talladega","AL","Southeast","Private nonprofit 4-year","Private nonprofit","4-year","Town","Under 1,000","Baccalaureate","Yes","No",-86.1127,33.4335,1337,1247,40.8,5.8,78.3,5.3,0,7.2,81,100,19,157,65,157,65,58.6,118,76,92,12450,13423,11620,13910,20485,19595,,144,41,,"Group 4",4
102368,"Troy University","Troy","AL","Southeast","Public 4-year","Public","4-year","Town","10,000-19,999","Master's","No","No",-85.958,31.7996,17868,13031,63.9,51.8,32.2,4.7,0.8,2.4,73,39,15,1898,46.8,1861,45.7,28.2,1413,42,74,12504,12718,12632,15109,15553,14278,218,2101,1098,27,"Group 3",3
102377,"Tuskegee University","Tuskegee","AL","Southeast","Private nonprofit 4-year","Private nonprofit","4-year","Town","1,000-4,999","Master's","Yes","No",-85.7085,32.4309,3037,2510,61.3,0.7,85.9,1.6,0.4,0,73,,12,748,57.1,748,57.1,31.1,533,48,95,35126,31858,33168,34010,34215,,,410,69,68,"Group 3",3
102553,"University of Alaska Anchorage","Anchorage","AK","Far West","Public 4-year","Public","4-year","City","10,000-19,999","Master's","No","No",-149.8262,61.1902,17352,16562,61.1,51,2.6,7.6,5.6,1.4,72,43,12,1344,28.9,946,28.4,15.2,705,19,45,13931,11436,11993,13543,18947,19563,444,817,192,5,"Group 3",3
102614,"University of Alaska Fairbanks","Fairbanks","AK","Far West","Public 4-year","Public","4-year","City","5,000-9,999","Doctoral","No","No",-147.8231,64.8576,10975,9790,64.1,46.8,4,9.1,2.4,1.3,72,43,12,638,32,387,32.8,20.7,561,22,47,9985,7494,8206,9719,13515,16203,185,436,178,31,"Group 3",3
104151,"Arizona State University Campus Immersion","Tempe","AZ","Southwest","Public 4-year","Public","4-year","City","20,000 and above","Doctoral","No","No",-111.9344,33.4177,87154,70646,48.8,44.3,4.4,25.5,8.5,7.3,85,47,18,11163,67.8,11163,67.8,54.8,14980,30,77,16401,8909,10562,15764,19651,21772,,14221,5014,863,"Group 2",2
104179,"University of Arizona","Tucson","AZ","Southwest","Public 4-year","Public","4-year","City","20,000 and above","Doctoral","No","No",-110.9508,32.2327,55911,43817,55.5,47.7,4.4,27.6,5.1,4.7,88,68,19,5875,65.9,5875,65.9,50.9,6154,26,79,18144,12043,13789,15497,20124,20936,,7543,2267,987,"Group 2",2
104586,"Embry-Riddle Aeronautical University-Prescott","Prescott","AZ","Southwest","Private nonprofit 4-year","Private nonprofit","4-year","City","1,000-4,999","Baccalaureate","No","No",-112.4497,34.6168,3341,3294,27.5,56.6,1.9,15.3,6.3,9.6,84,,17,678,69.8,678,69.8,47.5,756,17,91,41209,37016,34781,37944,40511,42052,,609,14,,"Group 1",1
105330,"Northern Arizona University","Flagstaff","AZ","Southwest","Public 4-year","Public","4-year","City","20,000 and above","Doctoral","No","No",-111.6537,35.1884,31245,25421,63,54.5,3.1,26.4,3,2,73,19,19,5257,56.9,5256,56.8,45.4,5434,30,80,16544,10333,11015,14211,19013,20484,,5167,1627,244,"Group 2",2
105899,"Arizona Christian University","Glendale","AZ","Southwest","Private nonprofit 4-year","Private nonprofit","4-year","Suburb","1,000-4,999","Baccalaureate","No","No",-112.1818,33.623,1172,1172,39.8,49.4,10.4,26.4,1.6,3.2,55,67,18,152,41.4,152,41.4,33.6,295,33,90,32397,30451,32794,32719,32025,33002,6,187,,,"Group 3",3
106245,"University of Arkansas at Little Rock","Little Rock","AR","Southeast","Public 4-year","Public","4-year","City","5,000-9,999","Doctoral","No","No",-92.3398,34.7233,10122,7132,63,53.3,24.3,3.2,2.4,2.5,71,41,11,717,41.4,705,39.4,25.4,523,41,73,11225,14143,15520,18216,20594,21013,359,989,432,165,"Group 3",3
106306,"Arkansas Baptist College","Little Rock","AR","Southeast","Private nonprofit 4-year","Private nonprofit","4-year","City","Under 1,000","Baccalaureate","Yes","No",-92.2906,34.7348,646,646,22.1,2.5,86.2,6.5,0,1.1,21,22,15,163,8,152,2.6,0.7,136,46,73,11047,8700,11820,18924,20340,20431,8,16,,,"Group 4",4
106342,"Lyon College","Batesville","AR","Southeast","Private nonprofit 4-year","Private nonprofit","4-year","Town","Under 1,000","Baccalaureate","No","No",-91.6254,35.7776,511,511,38.9,50.1,6.5,3.5,1.2,7,68,,10,186,55.9,186,55.9,44.1,144,36,99,22675,18857,17504,22559,25258,26818,,118,,,"Group 3",3
106397,"University of Arkansas","Fayetteville","AR","Southeast","Public 4-year","Public","4-year","City","20,000 and above","Doctoral","No","No",-94.177,36.07,33352,27936,55.6,73.4,4.6,10.8,2.8,1.7,86,67,20,5028,70,5028,70,55.4,7063,17,52,17475,13017,14115,17379,19755,20991,,4671,1202,360,"Group 2",2
106412,"University of Arkansas at Pine Bluff","Pine Bluff","AR","Southeast","Public 4-year","Public","4-year","Town","1,000-4,999","Baccalaureate","Yes","No",-92.0187,34.244,2580,2332,56.1,2.7,90,2.6,0.3,1.5,65,27,13,504,39.7,503,39.8,24.3,504,67,95,11649,10558,11091,14740,15719,15423,5,350,35,,"Group 4",4
106458,"Arkansas State University","Jonesboro","AR","Southeast","Public 4-year","Public","4-year","City","10,000-19,999","Doctoral","No","No",-90.68,35.8424,18471,10321,63,66.9,14.9,4.8,1.2,7.3,78,45,15,1401,55.1,1375,53,40.7,1240,37,79,13002,9806,11300,14092,15587,17431,608,1738,1672,78,"Group 2",2
106467,"Arkansas Tech University","Russellville","AR","Southeast","Public 4-year","Public","4-year","Town","5,000-9,999","Master's","No","No",-93.1356,35.2932,10600,9682,57.7,73.9,5.9,10.8,1.9,2.1,71,50,18,1753,48.7,1510,43,31.9,1385,34,67,11443,11146,11314,12549,15398,14637,1390,1033,212,7,"Group 4",4
106485,"University of Arkansas at Monticello","Monticello","AR","Southeast","Public 4-year","Public","4-year","Town","1,000-4,999","Master's","No","No",-91.8112,33.5909,4154,3262,58.7,53.7,30,8.5,0.6,0.6,69,50,12,624,43.3,404,35.1,23.8,374,49,72,13575,12803,12742,14976,18179,18311,221,263,195,,"Group 4",4
106704,"University of Central Arkansas","Conway","AR","Southeast","Public 4-year","Public","4-year","City","5,000-9,999","Doctoral","No","No",-92.4577,35.0779,11341,8886,61.2,65.1,16.8,6.4,2.2,4.2,73,75,14,1927,53.3,1927,53,40.3,1799,37,83,16362,14387,14946,17233,19775,20028,34,1584,521,132,"Group 3",3
107044,"Harding University","Searcy","AR","Southeast","Private nonprofit 4-year","Private nonprofit","4-year","Town","1,000-4,999","Doctoral","No","No",-91.7261,35.2474,5539,3953,56.4,79.2,4.7,4.3,1.6,4.8,87,33,16,943,70.9,943,70.9,55.2,800,19,93,21069,16473,16466,18528,22084,23563,,705,408,88,"Group 2",2
107071,"Henderson State University","Arkadelphia","AR","Southeast","Public 4-year","Public","4-year","Town","1,000-4,999","Master's","No","No",-93.0597,34.1282,2963,2027,53.4,61.7,22.4,7.1,1.6,2.1,59,14,17,615,38,538,38.7,29,404,48,89,16929,15236,15087,19426,17869,19082,16,479,177,,"Group 4",4
107080,"Hendrix College","Conway","AR","Southeast","Private nonprofit 4-year","Private nonprofit","4-year","City","1,000-4,999","Baccalaureate","No","No",-92.4433,35.1016,1162,1149,50.7,68.8,7.6,9,3.1,3,78,,11,338,69.2,338,69.2,61.8,363,23,98,24236,17343,21032,21853,25645,26203,,211,11,,"Group 1",1
107141,"John Brown University","Siloam Springs","AR","Southeast","Private nonprofit 4-year","Private nonprofit","4-year","Town","1,000-4,999","Master's","No","No",-94.5603,36.1898,2726,1985,59.2,69.3,2.3,9,2.2,5.7,84,50,16,325,66.8,325,66.8,59.7,304,21,71,21464,17732,18333,19073,21672,24817,2,315,152,,"Group 2",2
107512,"Ouachita Baptist University","Arkadelphia","AR","Southeast","Private nonprofit 4-year","Private nonprofit","4-year","Town","1,000-4,999","Baccalaureate","No","No",-93.0525,34.1261,1898,1802,57.7,80.6,6.4,5.4,1.5,2.1,83,,12,468,70.3,445,70.3,61.6,445,23,89,22087,19709,19326,20813,23238,23523,1,344,46,,"Group 1",1
107558,"University of the Ozarks","Clarksville","AR","Southeast","Private nonprofit 4-year","Private nonprofit","4-year","Town","Under 1,000","Baccalaureate","No","No",-93.4672,35.4763,857,857,52,40.8,6.4,13.1,1.4,29.9,73,,13,255,51.8,255,51.8,41.2,229,36,100,16651,10780,10743,13810,13331,19376,,153,,,"Group 3",3
107600,"Philander Smith University","Little Rock","AR","Southeast","Private nonprofit 4-year","Private nonprofit","4-year","City","Under 1,000","Baccalaureate","Yes","No",-92.283,34.7371,1167,1146,57.6,0.5,81.8,3.1,0,6.3,67,33,12,325,32.3,325,32.3,18.8,217,71,93,14986,15661,14460,15092,20335,,,138,,,"Group 4",4
107877,"Williams Baptist University","Walnut Ridge","AR","Southeast","Private nonprofit 4-year","Private nonprofit","4-year","Rural","Under 1,000","Baccalaureate","No","No",-90.9403,36.1257,621,588,52.2,79.9,7.5,1.9,0.2,8,50,,12,142,35.9,141,34.8,26.2,144,47,98,16658,13498,16882,14728,18651,18456,1,119,12,,"Group 4",4
107983,"Southern Arkansas University Main Campus","Magnolia","AR","Southeast","Public 4-year","Public","4-year","Town","5,000-9,999","Master's","No","No",-93.2359,33.2916,6037,3493,57.7,64.1,22,6.2,0.7,1.5,69,75,16,856,46.5,856,40.8,30.1,703,45,97,14164,14823,15172,15686,19378,18896,486,590,834,,"Group 4",4
108092,"University of Arkansas-Fort Smith","Fort Smith","AR","Southeast","Public 4-year","Public","4-year","City","5,000-9,999","Baccalaureate","No","No",-94.3737,35.3842,6034,5981,59.7,60.4,4.1,17.4,5.1,1.2,72,74,20,993,37,756,35.8,2.6,764,39,92,10387,8450,9256,11856,13295,13335,653,712,13,,"Group 4",4
109651,"Art Center College of Design","Pasadena","CA","Far West","Private nonprofit 4-year","Private nonprofit","4-year","City","1,000-4,999","Master's","No","No",-118.1851,34.169,2965,2644,56.8,10.4,1.3,9.3,30.9,44.2,82,,8,230,82.6,230,82.6,38.7,275,24,67,53306,42545,40905,46301,52165,60976,,521,87,,"Group 1",1
109785,"Azusa Pacific University","Azusa","CA","Far West","Private nonprofit 4-year","Private nonprofit","4-year","Suburb","5,000-9,999","Doctoral","No","No",-117.8884,34.13,8426,3729,68.6,26.6,6.7,38.4,13.2,4.1,84,38,10,1099,64.4,1099,64.4,49.2,510,35,90,26117,17839,19271,20848,21641,23832,,1191,1147,169,"Group 1",1
110097,"Biola University","La Mirada","CA","Far West","Private nonprofit 4-year","Private nonprofit","4-year","Suburb","5,000-9,999","Doctoral","No","No",-118.0144,33.9062,5857,3673,60.4,40.9,3,22.2,14.1,7.1,85,40,14,888,68.8,888,68.8,55.4,694,26,94,30510,23001,21504,25038,28830,35263,,811,346,64,"Group 1",1
110361,"California Baptist University","Riverside","CA","Far West","Private nonprofit 4-year","Private nonprofit","4-year","City","10,000-19,999","Master's","No","No",-117.4256,33.9293,13556,9224,63.1,33.9,7.2,40.6,6.1,2,74,41,20,1374,59.5,1374,59.5,42.5,1305,41,95,28596,23788,24409,23799,28057,34648,11,1849,1375,68,"Group 2",2
110370,"California College of the Arts","San Francisco","CA","Far West","Private nonprofit 4-year","Private nonprofit","4-year","City","1,000-4,999","Special focus","No","No",-122.3995,37.7675,1649,1217,64.4,20,3.5,14.9,15,35.3,57,100,7,235,58.7,235,58.7,39.1,209,25,90,49945,32800,28423,42404,44139,52438,,279,185,,"Group 1",1
110404,"California Institute of Technology","Pasadena","CA","Far West","Private nonprofit 4-year","Private nonprofit","4-year","City","1,000-4,999","Doctoral","No","No",-118.1259,34.1373,2518,1023,44.8,21.5,3.4,22,34.4,9,98,,3,234,93.2,234,93.2,78.6,224,15,61,23397,1667,1023,7003,22073,56275,,233,155,228,"Group 1",1
110413,"California Lutheran University","Thousand Oaks","CA","Far West","Private nonprofit 4-year","Private nonprofit","4-year","City","1,000-4,999","Master's","No","No",-118.8789,34.2246,4185,2728,53.5,37.5,4.5,40,5.6,3.3,81,,13,585,74,585,74,66.5,602,30,97,27080,17414,18518,23759,23547,32409,,750,430,29,"Group 1",1
110422,"California Polytechnic State University-San Luis Obispo","San Luis Obispo","CA","Far West","Public 4-year","Public","4-year","Suburb","20,000 and above","Master's","No","No",-120.6573,35.2995,23290,22148,48.9,51.8,0.7,21.3,13.9,1.4,95,64,18,5241,85.2,5241,85.2,61.2,5099,18,52,16888,6476,6904,11372,18032,26920,,4850,591,,"Group 2",2
110486,"California State University-Bakersfield","Bakersfield","CA","Far West","Public 4-year","Public","4-year","City","5,000-9,999","Master's","No","No",-119.1047,35.35,12062,10342,65.3,13,4,66.2,6.9,1.4,80,59,16,1383,49.3,1383,49.3,27.6,1080,61,83,6567,3070,3977,6183,10935,16810,,2188,399,3,"Group 4",4
110495,"California State University-Stanislaus","Turlock","CA","Far West","Public 4-year","Public","4-year","Suburb","5,000-9,999","Master's","No","No",-120.8525,37.5258,11486,10078,66.7,18,2.6,61.1,9.2,0.9,80,47,16,1362,58,1362,58,25.6,963,55,78,7316,3218,3946,6347,10199,16815,,2330,331,6,"Group 4",4
110510,"California State University-San Bernardino","San Bernardino","CA","Far West","Public 4-year","Public","4-year","City","10,000-19,999","Doctoral","No","No",-117.3238,34.1826,21960,18777,61.8,10.5,5.1,70.2,5.7,2.4,78,52,19,2483,54.7,2483,54.7,24,2236,57,78,6645,3298,4311,6381,10337,15250,,4286,766,15,"Group 4",4
110529,"California State Polytechnic University-Pomona","Pomona","CA","Far West","Public 4-year","Public","4-year","Suburb","20,000 and above","Master's","No","No",-117.8215,34.0579,29442,26692,45.7,13.6,2.7,53.1,22.4,1.7,88,67,23,3668,66.7,3668,66.7,29.1,3576,46,69,11898,7599,8192,11196,15145,20829,,6370,639,21,"Group 2",2
110538,"California State University-Chico","Chico","CA","Far West","Public 4-year","Public","4-year","City","10,000-19,999","Master's","No","No",-121.8449,39.7297,15709,14298,54.5,42.5,2.7,37.5,6,1.6,84,56,20,2769,63.6,2769,63.6,33.1,1970,40,61,15187,10045,10612,13937,18380,23572,,3531,372,,"Group 2",2
110547,"California State University-Dominguez Hills","Carson","CA","Far West","Public 4-year","Public","4-year","City","10,000-19,999","Master's","No","No",-118.2559,33.8648,18253,15412,61.5,5,11.5,70.6,6.9,0.9,66,39,18,1635,46.9,1635,46.9,17.7,1908,61,79,4438,2624,2970,4942,8028,12878,,3302,671,,"Group 4",4
110556,"California State University-Fresno","Fresno","CA","Far West","Public 4-year","Public","4-year","City","20,000 and above","Doctoral","No","No",-119.7446,36.8112,25971,23040,59,16.2,2.9,60.2,12.2,2.4,78,42,18,3307,54.8,3307,54.8,24.7,3236,56,76,7303,4447,4858,7220,11299,16580,,4995,797,66,"Group 4",4
110565,"California State University-Fullerton","Fullerton","CA","Far West","Public 4-year","Public","4-year","Suburb","20,000 and above","Doctoral","No","No",-117.8854,33.8815,45255,39697,57.7,15.7,2.2,52.1,21.8,1.8,85,62,22,4305,69.2,4305,69.2,36.2,4965,47,69,6283,2675,3466,5438,9101,14831,,9065,1538,83,"Group 2",2
110574,"California State University-East Bay","Hayward","CA","Far West","Public 4-year","Public","4-year","Suburb","10,000-19,999","Doctoral","No","No",-122.0541,37.6577,15404,12198,59.6,15.7,9.2,39.9,22.6,2.4,79,64,17,1393,45.5,1393,45.5,17.7,882,44,67,10874,8059,8500,11087,15190,20930,,3298,1083,8,"Group 4",4
110583,"California State University-Long Beach","Long Beach","CA","Far West","Public 4-year","Public","4-year","City","20,000 and above","Doctoral","No","No",-118.112,33.7828,43106,36021,58.1,15.3,3.7,49.7,21.5,2.8,85,53,19,4107,69.9,4107,69.9,37.9,5260,49,73,9731,5477,6191,9063,12787,18575,,8633,2009,55,"Group 2",2
110592,"California State University-Los Angeles","Los Angeles","CA","Far West","Public 4-year","Public","4-year","City","20,000 and above","Master's","No","No",-118.169,34.0669,28820,24651,58.2,4.5,4,75.5,11,1.2,73,44,19,3405,52.6,3405,52.6,21.1,3715,66,85,4551,2855,3231,5373,8813,14599,,5596,1205,39,"Group 4",4
110608,"California State University-Northridge","Northridge","CA","Far West","Public 4-year","Public","4-year","City","20,000 and above","Master's","No","No",-118.5293,34.2401,41751,35488,54.4,19.8,5,55.8,9.1,3.5,74,44,21,5174,56.2,5174,56.2,25,4899,56,76,8222,5153,6277,8897,13510,18688,,8520,1637,43,"Group 4",4
110617,"California State University-Sacramento","Sacramento","CA","Far West","Public 4-year","Public","4-year","City","20,000 and above","Master's","No","No",-121.4235,38.5594,36945,33456,56.2,23.2,6.3,37.5,20.7,1.6,81,50,21,3481,55.8,3481,55.8,25.9,3804,49,71,11183,7306,8214,10861,14618,20649,,7530,882,47,"Group 2",2
110635,"University of California-Berkeley","Berkeley","CA","Far West","Public 4-year","Public","4-year","City","20,000 and above","Doctoral","No","No",-122.2605,37.8719,48230,34306,55.4,20.2,2.1,20.6,34.7,12.9,97,83,18,6344,92.9,6344,92.9,80.8,6680,27,57,16997,5895,7751,11424,18713,35154,,8849,3977,1245,"Group 2",2
110644,"University of California-Davis","Davis","CA","Far West","Public 4-year","Public","4-year","Suburb","20,000 and above","Doctoral","No","No",-121.7496,38.5397,42046,33442,59.4,20.9,1.8,24.1,30.9,13.7,93,86,21,5832,85.1,5832,85.1,68.6,6292,31,59,17315,8594,9472,12304,17988,31258,,8058,1523,1047,"Group 2",2
110653,"University of California-Irvine","Irvine","CA","Far West","Public 4-year","Public","4-year","City","20,000 and above","Doctoral","No","No",-117.8412,33.6484,38000,30132,55.8,13,2.1,26.3,37.6,13.7,94,88,18,6534,86,6534,86,73.3,5656,37,64,14647,6485,8044,11769,16809,29595,,7969,2045,723,"Group 2",2
110662,"University of California-Los Angeles","Los Angeles","CA","Far West","Public 4-year","Public","4-year","City","20,000 and above","Doctoral","No","No",-118.4422,34.0718,49010,34398,60.1,25.7,3.4,22.4,29,9,97,92,18,6020,92.7,6020,92.7,85.7,6450,27,55,15166,6864,8731,11065,17250,30481,,9136,3973,1403,"Group 2",2
110671,"University of California-Riverside","Riverside","CA","Far West","Public 4-year","Public","4-year","City","20,000 and above","Doctoral","No","No",-117.3274,33.9725,28886,24777,51.8,10.9,3.3,39.1,35.7,4.1,88,59,23,4574,76.6,4574,76.6,65.2,5522,47,74,13533,8240,9615,12449,17297,29624,,5746,980,387,"Group 2",2
110680,"University of California-San Diego","La Jolla","CA","Far West","Public 4-year","Public","4-year","City","20,000 and above","Doctoral","No","No",-117.2359,32.8777,44050,34808,52.2,18.5,1.7,23.8,33.7,14.2,94,63,19,5690,87.6,5690,87.6,74.9,6530,33,57,13293,7487,7864,10389,17131,28113,,8534,2775,761,"Group 2",2
110705,"University of California-Santa Barbara","Santa Barbara","CA","Far West","Public 4-year","Public","4-year","Suburb","20,000 and above","Doctoral","No","No",-119.8464,34.4163,28257,25091,55.7,30.9,1.9,25.3,18.4,12.1,92,64,17,4514,85.3,4514,85.3,73.3,4944,28,57,15283,7745,8910,11398,16839,30085,,6386,541,356,"Group 2",2
110714,"University of California-Santa Cruz","Santa Cruz","CA","Far West","Public 4-year","Public","4-year","City","10,000-19,999","Doctoral","No","No",-122.0588,36.9956,21109,18997,49.7,31.6,2,28.3,23,4.7,90,68,22,4032,74.5,4032,74.5,60.9,3834,32,62,16526,9472,10114,13001,18786,32674,,4475,378,229,"Group 2",2
111081,"California Institute of the Arts","Valencia","CA","Far West","Private nonprofit 4-year","Private nonprofit","4-year","Suburb","1,000-4,999","Master's","No","No",-118.5668,34.3933,1475,966,61.1,35.8,4.1,13.9,9.4,28,86,,7,212,64.2,212,64.2,42.9,188,22,92,57288,33802,37082,35788,44448,59106,,193,212,2,"Group 1",1
111188,"California State University Maritime Academy","Vallejo","CA","Far West","Public 4-year","Public","4-year","City","Under 1,000","Baccalaureate","No","No",-122.2316,38.0691,935,891,19.3,47.9,2.9,22.4,10.5,0.3,76,,10,223,66.8,223,66.8,49.8,145,29,58,16081,11357,12148,16648,16533,24740,,151,17,,"Group 3",3
111948,"Chapman University","Orange","CA","Far West","Private nonprofit 4-year","Private nonprofit","4-year","City","5,000-9,999","Doctoral","No","No",-117.8525,33.793,10655,8303,59.8,48,2.2,17.6,15.8,2.7,90,60,12,1675,80.4,1641,80.1,70.7,2061,20,83,48037,37985,40713,39414,42194,54519,,1838,547,330,"Group 1",1
112075,"Concordia University-Irvine","Irvine","CA","Far West","Private nonprofit 4-year","Private nonprofit","4-year","City","1,000-4,999","Doctoral","No","No",-117.8123,33.6537,4999,1932,60.8,37.9,3.4,23.8,10.1,11.2,76,,13,328,62.5,328,62.5,54,344,23,77,29413,23532,21767,25220,28615,33909,37,434,867,17,"Group 1",1
112260,"Claremont McKenna College","Claremont","CA","Far West","Private nonprofit 4-year","Private nonprofit","4-year","Suburb","1,000-4,999","Baccalaureate","No","No",-117.7112,34.1022,1413,1410,51.2,35.7,5.8,16.2,15.5,15.3,96,,8,352,95.2,352,95.2,82.1,322,19,50,29978,13267,13756,14929,22145,49293,,326,13,,"Group 1",1
113698,"Dominican University of California","San Rafael","CA","Far West","Private nonprofit 4-year","Private nonprofit","4-year","City","1,000-4,999","Master's","No","No",-122.5121,37.9813,2558,1245,72.4,24.6,5.4,28.7,30.4,2.9,88,100,8,236,76.3,236,76.3,60.6,225,30,92,51292,45630,46430,46242,49460,54480,,319,510,2,"Group 1",1
114813,"Fresno Pacific University","Fresno","CA","Far West","Private nonprofit 4-year","Private nonprofit","4-year","City","1,000-4,999","Master's","No","No",-119.7352,36.7268,3956,2223,73.9,20.5,5.8,62.6,4,2.5,81,,8,202,55.9,202,55.9,43.6,155,59,84,15668,13059,11874,11116,15205,20235,,734,323,,"Group 3",3
115409,"Harvey Mudd College","Claremont","CA","Far West","Private nonprofit 4-year","Private nonprofit","4-year","Suburb","Under 1,000","Baccalaureate","No","No",-117.7098,34.1065,997,997,49.6,24.9,5.7,20.1,22.8,9.7,97,,8,224,93.8,224,93.8,78.1,237,14,65,42720,17340,6818,18937,18551,52642,,212,,,"Group 1",1
115755,"California State Polytechnic University-Humboldt","Arcata","CA","Far West","Public 4-year","Public","4-year","Town","5,000-9,999","Master's","No","No",-124.0783,40.8775,6689,6052,57.2,49.5,3.1,31,2.8,0.5,76,68,14,1188,46.6,1188,46.6,24,930,46,67,13837,8090,9623,13095,17692,22695,,1360,184,,"Group 3",3
117140,"University of La Verne","La Verne","CA","Far West","Private nonprofit 4-year","Private nonprofit","4-year","Suburb","5,000-9,999","Doctoral","No","No",-117.7733,34.1009,7143,4432,60.1,17.1,7.4,60.6,4.6,2.9,76,50,11,602,65.4,602,65.4,55.1,652,48,87,27216,26754,56392,54632,,44064,15,822,700,110,"Group 3",3
117627,"La Sierra University","Riverside","CA","Far West","Private nonprofit 4-year","Private nonprofit","4-year","City","1,000-4,999","Master's","No","No",-117.5001,33.9107,1927,1401,58,11.1,5.9,49.4,18.2,9,82,50,11,360,68.1,282,59.6,3.5,328,47,96,28076,21620,22930,25297,29627,33048,,251,100,7,"Group 3",3
117751,"The Master's University and Seminary","Santa Clarita","CA","Far West","Private nonprofit 4-year","Private nonprofit","4-year","Suburb","1,000-4,999","Doctoral","No","No",-118.5182,34.3818,3396,2209,46.7,63,2.1,17.6,5.1,0.2,85,100,14,160,63.8,160,63.8,43.8,296,19,70,33463,31026,27113,27969,33288,33808,,240,156,22,"Group 1",1
117946,"Loyola Marymount University","Los Angeles","CA","Far West","Private nonprofit 4-year","Private nonprofit","4-year","City","10,000-19,999","Doctoral","No","No",-118.4157,33.9708,11066,7587,52.9,41,7,23.3,10.1,10.2,88,0,11,1444,79.8,1444,79.8,70.9,1607,13,87,54471,30208,25766,32869,39673,53926,,1628,676,333,"Group 1",1
118693,"Menlo College","Atherton","CA","Far West","Private nonprofit 4-year","Private nonprofit","4-year","Suburb","Under 1,000","Special focus","No","No",-122.1908,37.4535,875,875,43.4,16,3.7,30.7,7.9,25.1,70,100,12,150,51.3,150,51.3,30.7,202,29,99,28158,17525,16579,30099,32519,36551,,182,,,"Group 3",3
119173,"Mount Saint Mary's University","Los Angeles","CA","Far West","Private nonprofit 4-year","Private nonprofit","4-year","City","1,000-4,999","Master's","No","No",-118.4829,34.0853,2919,2068,91.4,10.7,7.6,52.6,17.6,0.4,74,100,11,483,53.4,306,54.9,40.2,374,55,89,27434,17327,23266,25413,26738,36716,40,400,207,33,"Group 3",3
120254,"Occidental College","Los Angeles","CA","Far West","Private nonprofit 4-year","Private nonprofit","4-year","City","1,000-4,999","Baccalaureate","No","No",-118.2109,34.1271,2029,2029,58.8,47,3.9,16.7,13.4,4.8,87,,9,564,85.1,564,85.1,71.8,531,16,75,47113,18872,18801,17577,28983,55885,,501,,,"Group 1",1
120403,"Otis College of Art and Design","Los Angeles","CA","Far West","Private nonprofit 4-year","Private nonprofit","4-year","City","1,000-4,999","Special focus","No","No",-118.4166,33.9566,1380,1333,70.2,22.2,6.5,19.9,17,25.9,73,,8,203,60.6,203,60.6,51.7,314,31,94,49440,40358,39688,43733,48011,52546,,235,12,,"Group 1",1
120865,"Pacific Union College","Angwin","CA","Far West","Private nonprofit 4-year","Private nonprofit","4-year","Rural","Under 1,000","Baccalaureate","No","No",-122.4403,38.5706,1226,1176,63.7,17.9,5.4,25.1,20.3,1.8,88,,11,204,51.5,137,51.8,39.4,115,33,87,22799,14903,15897,18211,20495,25182,95,129,1,,"Group 3",3
120883,"University of the Pacific","Stockton","CA","Far West","Private nonprofit 4-year","Private nonprofit","4-year","City","5,000-9,999","Doctoral","No","No",-121.3123,37.9814,6896,3487,53.7,18.3,3.9,25.2,35.2,9.2,89,38,14,895,67.8,895,65.7,44.9,839,34,95,30975,17716,17411,20169,26422,38104,,864,421,578,"Group 1",1
121150,"Pepperdine University","Malibu","CA","Far West","Private nonprofit 4-year","Private nonprofit","4-year","Suburb","5,000-9,999","Doctoral","No","No",-118.7071,34.0378,12256,4011,58.1,44.6,4.1,18.5,14.1,9.1,86,50,13,861,84.7,861,84.7,75,940,20,92,52216,36463,38065,40201,42253,52946,,814,2393,259,"Group 1",1
121257,"Pitzer College","Claremont","CA","Far West","Private nonprofit 4-year","Private nonprofit","4-year","Suburb","1,000-4,999","Baccalaureate","No","No",-117.7067,34.1041,1233,1233,59.5,48.6,4.6,13.2,12.1,7.1,94,,10,262,83.2,262,83.2,60.3,309,10,39,34801,9284,16361,17911,22791,49894,,270,,,"Group 1",1
121309,"Point Loma Nazarene University","San Diego","CA","Far West","Private nonprofit 4-year","Private nonprofit","4-year","City","1,000-4,999","Master's","No","No",-117.2503,32.7184,5054,3422,65.8,51.9,2.4,27.1,7,1,86,100,13,618,73.8,618,73.8,68.1,689,23,86,36370,44837,47378,49500,51106,51154,,815,402,4,"Group 1",1
121345,"Pomona College","Claremont","CA","Far West","Private nonprofit 4-year","Private nonprofit","4-year","Suburb","1,000-4,999","Baccalaureate","No","No",-117.7146,34.099,1814,1814,55.1,32,9.7,15.9,17.6,11.9,96,,7,411,93.2,411,93.2,71.3,412,19,56,17423,5638,5444,5099,15433,51240,,453,,,"Group 1",1
121691,"University of Redlands","Redlands","CA","Far West","Private nonprofit 4-year","Private nonprofit","4-year","City","1,000-4,999","Master's","No","No",-117.1632,34.0642,3880,2485,58.8,35.9,4.6,42.4,4.9,1.3,81,50,11,730,70.7,730,70.7,61,528,35,92,28054,21520,18008,20649,20500,32855,,780,585,21,"Group 1",1
122409,"San Diego State University","San Diego","CA","Far West","Public 4-year","Public","4-year","City","20,000 and above","Doctoral","No","No",-117.0712,32.7752,40745,34805,57,33.8,3.9,34.6,12.9,3.4,90,73,22,5084,78.3,5084,78.3,56.6,6529,31,88,19500,9655,10241,14205,18176,24913,,8542,1809,160,"Group 2",2
122436,"University of San Diego","San Diego","CA","Far West","Private nonprofit 4-year","Private nonprofit","4-year","City","5,000-9,999","Doctoral","No","No",-117.1921,32.7708,9982,6050,55.5,45.8,4,24,7.5,7.9,90,,14,1205,81.6,1205,81.6,71.5,1234,19,73,37675,17543,18083,19998,28397,46152,,1375,1128,305,"Group 1",1
122597,"San Francisco State University","San Francisco","CA","Far West","Public 4-year","Public","4-year","City","20,000 and above","Doctoral","No","No",-122.4768,37.7212,28755,24947,55.3,15.2,6,37.5,23.7,4.9,84,51,16,4084,50.1,4084,50.1,26.5,3186,41,63,13353,9307,10251,12916,16944,22813,,5360,1089,29,"Group 2",2
122612,"University of San Francisco","San Francisco","CA","Far West","Private nonprofit 4-year","Private nonprofit","4-year","City","5,000-9,999","Doctoral","No","No",-122.4505,37.7766,11147,6620,64.4,23.5,7.6,21.5,25.8,10.5,80,57,12,1531,71.1,1531,71.1,63.7,1548,27,89,44104,31741,31759,34211,39319,48576,,1295,1532,163,"Group 1",1
122728,"William Jessup University","Rocklin","CA","Far West","Private nonprofit 4-year","Private nonprofit","4-year","Suburb","1,000-4,999","Master's","No","No",-121.2923,38.8197,2150,1575,58,42.9,7.7,22.5,8.4,2.8,69,17,9,168,60.7,168,60.7,45.8,154,34,86,28171,23837,22404,18555,25613,30800,,240,184,,"Group 3",3
122755,"San Jose State University","San Jose","CA","Far West","Public 4-year","Public","4-year","City","20,000 and above","Master's","No","No",-121.8806,37.3366,39835,29480,48.1,13,3.7,31.5,38.3,4.4,86,55,18,4320,64.7,4320,64.7,30,3877,35,57,13833,9743,9863,12948,17047,23401,,6860,3226,39,"Group 2",2
122931,"Santa Clara University","Santa Clara","CA","Far West","Private nonprofit 4-year","Private nonprofit","4-year","City","5,000-9,999","Doctoral","No","No",-121.9378,37.3484,9960,6340,48.1,39.5,3.1,18.2,21.3,6.3,94,67,10,1403,88.5,1403,88.5,82.5,1638,11,75,49651,36094,51894,41599,30672,60212,,1459,1025,254,"Group 1",1
123165,"Scripps College","Claremont","CA","Far West","Private nonprofit 4-year","Private nonprofit","4-year","Suburb","1,000-4,999","Baccalaureate","No","No",-117.7113,34.1041,1171,1130,99.8,53.3,4.2,13.1,12.6,3.8,88,,11,326,87.1,326,87.1,68.1,260,11,58,45505,14617,14067,22440,28567,51165,,250,,,"Group 1",1
123554,"Saint Mary's College of California","Moraga","CA","Far West","Private nonprofit 4-year","Private nonprofit","4-year","Suburb","1,000-4,999","Master's","No","No",-122.109,37.8407,3279,2314,56.4,38,5.5,30.6,10.2,2.6,85,71,10,645,69,645,69,60.6,444,24,94,31615,17981,17139,24408,28746,39616,,512,333,12,"Group 1",1
123572,"Sonoma State University","Rohnert Park","CA","Far West","Public 4-year","Public","4-year","Suburb","5,000-9,999","Master's","No","No",-122.6771,38.3403,7372,6531,62.1,40.9,2.8,40.9,4.9,0.6,75,48,15,1796,60.5,1796,60.5,42.3,940,36,66,15113,9406,11158,12751,16423,22141,,1867,271,,"Group 2",2
123651,"Vanguard University of Southern California","Costa Mesa","CA","Far West","Private nonprofit 4-year","Private nonprofit","4-year","City","1,000-4,999","Master's","No","No",-117.9009,33.6627,2612,2239,66.5,30.7,4.5,43.8,5.1,0.1,74,50,16,435,55.9,434,56,51.8,539,43,93,20273,14906,14528,17411,19543,27190,,401,153,,"Group 3",3
123961,"University of Southern California","Los Angeles","CA","Far West","Private nonprofit 4-year","Private nonprofit","4-year","City","20,000 and above","Doctoral","No","No",-118.2842,34.0213,52694,22628,51.7,28.2,6.1,16.5,23.3,14.2,97,50,9,3346,92,3346,92,76.7,3418,22,69,41496,15470,13692,18993,29865,56347,,5095,10921,1899,"Group 1",1
125727,"Westmont College","Santa Barbara","CA","Far West","Private nonprofit 4-year","Private nonprofit","4-year","Suburb","1,000-4,999","Baccalaureate","No","No",-119.6625,34.4502,1359,1359,61.2,51.7,2,22.8,6.8,1.7,87,50,10,351,70.1,351,70.1,68.4,303,19,98,36412,24220,22301,24081,30116,39455,,328,,,"Group 1",1
125763,"Whittier College","Whittier","CA","Far West","Private nonprofit 4-year","Private nonprofit","4-year","Suburb","Under 1,000","Baccalaureate","No","No",-118.0323,33.9788,1252,1185,55.4,25.4,4.8,44.1,6.6,8.8,53,0,8,519,63.4,519,63.4,55.5,242,32,95,32436,22678,30119,28096,27433,35090,,338,18,,"Group 3",3
125897,"Woodbury University","Burbank","CA","Far West","Private nonprofit 4-year","Private nonprofit","4-year","City","Under 1,000","Master's","No","No",-118.3411,34.208,1041,947,52.8,37.9,4.9,32.4,12.4,6,80,75,9,115,54.8,115,54.8,29.6,113,49,100,31257,25368,27418,25615,29628,34434,,192,47,,"Group 3",3
126182,"Adams State University","Alamosa","CO","Rocky Mountains","Public 4-year","Public","4-year","Town","1,000-4,999","Master's","No","No",-105.8796,37.4736,3715,1974,45.6,38.4,7.3,35.2,1.3,0.9,55,25,14,376,31.6,359,26.7,16.4,294,35,59,13800,10130,10511,13658,19496,21092,227,249,468,10,"Group 4",4
126562,"University of Colorado Denver/Anschutz Medical Campus","Denver","CO","Rocky Mountains","Public 4-year","Public","4-year","City","20,000 and above","Doctoral","No","No",-104.8377,39.7451,29702,18025,57.3,46.7,5.7,24.5,8.8,6.6,71,48,16,1405,47.4,1405,47.4,28,1512,26,44,15303,16135,17083,19871,22700,23355,,2530,2327,715,"Group 3",3
126580,"University of Colorado Colorado Springs","Colorado Springs","CO","Rocky Mountains","Public 4-year","Public","4-year","City","10,000-19,999","Doctoral","No","No",-104.8003,38.8927,14894,12444,54,56.7,4,19,4.3,0.8,67,44,15,1930,45.3,1930,45.3,28.2,1551,26,54,16816,11562,11986,14717,20289,21830,,1907,561,33,"Group 3",3
126614,"University of Colorado Boulder","Boulder","CO","Rocky Mountains","Public 4-year","Public","4-year","City","20,000 and above","Doctoral","No","No",-105.2708,40.0088,44787,34190,46,67.4,1.9,13.3,6.2,3.5,89,74,19,6468,75,6468,75,57.9,7027,15,49,22640,11251,12545,17204,26247,30549,,6802,2150,588,"Group 2",2
126669,"Colorado Christian University","Lakewood","CO","Rocky Mountains","Private nonprofit 4-year","Private nonprofit","4-year","Suburb","5,000-9,999","Master's","No","No",-105.0946,39.7139,16658,14661,64,62.5,12,13.4,3.8,0,79,18,15,385,55.3,381,55.6,49.3,437,33,57,26770,21073,19581,21574,25679,29328,212,733,398,4,"Group 3",3
126678,"Colorado College","Colorado Springs","CO","Rocky Mountains","Private nonprofit 4-year","Private nonprofit","4-year","City","1,000-4,999","Baccalaureate","No","No",-104.8227,38.8489,2431,2396,55.7,66.5,2.9,11,4.5,6.1,95,,9,543,86,543,86,76.6,534,14,57,35281,9732,13987,17051,25254,51525,,545,19,,"Group 1",1
126775,"Colorado School of Mines","Golden","CO","Rocky Mountains","Public 4-year","Public","4-year","Suburb","5,000-9,999","Doctoral","No","No",-105.2234,39.7514,7872,5920,32,68.4,1.1,12.4,5.9,3.5,93,50,17,1133,79.4,1133,79.4,65.9,1512,13,84,29785,19231,19616,25347,30370,33931,,1205,520,136,"Group 1",1
126818,"Colorado State University-Fort Collins","Fort Collins","CO","Rocky Mountains","Public 4-year","Public","4-year","City","20,000 and above","Doctoral","No","No",-105.0807,40.5748,36856,27893,54.6,70,2.4,15.5,3.2,2.4,85,52,17,4856,66.9,4856,66.9,47.1,5348,19,54,19828,11333,11654,14611,23048,28684,,5201,1606,379,"Group 2",2
127060,"University of Denver","Denver","CO","Rocky Mountains","Private nonprofit 4-year","Private nonprofit","4-year","City","10,000-19,999","Doctoral","No","No",-104.9633,39.678,16672,7058,55.7,66,4.2,14.3,3.8,3.1,88,72,10,1483,78,1483,78,69.4,1620,15,92,43324,20820,21648,28981,30753,46428,,1258,2804,435,"Group 1",1
127185,"Fort Lewis College","Durango","CO","Rocky Mountains","Public 4-year","Public","4-year","Town","1,000-4,999","Baccalaureate","No","No",-107.8674,37.2759,3835,3732,54.6,40,1.1,13.9,0.7,0.7,63,17,14,693,43.1,693,43.1,30.2,829,36,89,16074,17272,17612,19105,16703,16310,,516,42,,"Group 3",3
127556,"Colorado Mesa University","Grand Junction","CO","Rocky Mountains","Public 4-year","Public","4-year","City","5,000-9,999","Baccalaureate","No","No",-108.5533,39.0806,10133,9837,53.3,66,1.7,20.9,1.4,1.2,75,48,18,1792,41.5,1160,47.4,27.8,1632,27,68,15076,11547,11755,15061,18182,20288,229,1146,75,,"Group 2",2
127565,"Metropolitan State University of Denver","Denver","CO","Rocky Mountains","Public 4-year","Public","4-year","City","10,000-19,999","Master's","No","No",-105.005,39.7442,21129,19839,55.7,44.7,7.3,35.3,4.4,0.7,70,55,14,2074,29.9,2074,29.9,12.8,1561,35,57,13727,12364,12005,13276,19263,21812,,2669,411,,"Group 3",3
127741,"University of Northern Colorado","Greeley","CO","Rocky Mountains","Public 4-year","Public","4-year","City","5,000-9,999","Doctoral","No","No",-104.6928,40.4109,10992,7453,66.7,59.2,4.2,26.8,2.2,1.5,74,36,14,2131,51.3,2131,51.3,36.9,1180,26,87,19115,14505,15864,16792,19842,22647,,1548,926,120,"Group 3",3
127918,"Regis University","Denver","CO","Rocky Mountains","Private nonprofit 4-year","Private nonprofit","4-year","City","1,000-4,999","Doctoral","No","No",-105.0308,39.7882,5878,3060,67.4,51.6,6.4,24.5,5.9,1.2,75,,9,540,61.1,534,60.9,50.6,428,26,73,25062,18252,19039,21418,24108,29220,,657,767,142,"Group 3",3
128106,"Colorado State University Pueblo","Pueblo","CO","Rocky Mountains","Public 4-year","Public","4-year","City","5,000-9,999","Master's","No","No",-104.579,38.3086,11870,5758,53.5,43.4,5.1,30.6,6.8,1.3,65,34,16,703,38,703,38,21.9,583,28,52,14188,9687,11346,13322,18690,19746,,600,197,16,"Group 3",3
128391,"Western Colorado University","Gunnison","CO","Rocky Mountains","Public 4-year","Public","4-year","Town","1,000-4,999","Master's","No","No",-106.9191,38.5499,5767,5186,49.3,52,6.5,25.6,3,0.2,73,67,18,446,50.7,446,50.7,31.6,436,13,48,17709,10573,9926,15090,18658,21621,,340,176,,"Group 2",2
128498,"Albertus Magnus College","New Haven","CT","New England","Private nonprofit 4-year","Private nonprofit","4-year","City","1,000-4,999","Master's","No","No",-72.9238,41.3325,1609,1243,60.4,33.4,31.6,22.5,2,3,75,,15,115,46.1,108,46.3,38,162,47,82,30179,32923,32830,30898,33567,32651,14,266,118,,"Group 3",3
128744,"University of Bridgeport","Bridgeport","CT","New England","Private nonprofit 4-year","Private nonprofit","4-year","City","1,000-4,999","Doctoral","No","No",-73.1902,41.1647,5365,2421,67,28.6,28.7,30.2,4.9,3.3,63,0,16,549,48.1,549,46.1,35.9,280,52,80,26064,21943,23572,25830,27339,27063,44,425,635,69,"Group 4",4
128771,"Central Connecticut State University","New Britain","CT","New England","Public 4-year","Public","4-year","Suburb","5,000-9,999","Master's","No","No",-72.766,41.6925,11122,8795,45.9,55.7,13.2,18.1,5.5,1.8,79,50,14,1417,49.3,1417,49.3,27.8,1234,35,70,17207,11562,12817,15178,18572,21300,,1778,453,41,"Group 3",3
128902,"Connecticut College","New London","CT","New England","Private nonprofit 4-year","Private nonprofit","4-year","City","1,000-4,999","Baccalaureate","No","No",-72.1073,41.3798,1976,1976,61.5,67.3,4.3,11.7,3.6,7.7,87,,9,443,83.7,443,83.7,76.3,630,14,97,42941,13666,20097,26760,30787,44604,,420,,,"Group 1",1
129020,"University of Connecticut","Storrs","CT","New England","Public 4-year","Public","4-year","Town","20,000 and above","Doctoral","No","No",-72.2499,41.8091,29512,20699,52.6,50.8,7.1,15.1,12.8,8.4,91,63,16,3667,83.8,3644,83.9,75.6,4061,24,67,22324,13936,14656,18705,26945,31886,24,5325,1779,788,"Group 2",2
129215,"Eastern Connecticut State University","Willimantic","CT","New England","Public 4-year","Public","4-year","Town","1,000-4,999","Master's","No","No",-72.2188,41.7217,4457,4241,58.4,65.8,8.5,12.6,3.3,0.4,84,50,15,903,58.1,903,57.9,46.6,712,28,78,21205,15167,15141,18136,22882,23882,2,835,104,,"Group 2",2
129242,"Fairfield University","Fairfield","CT","New England","Private nonprofit 4-year","Private nonprofit","4-year","Suburb","5,000-9,999","Doctoral","No","No",-73.2559,41.1577,6611,5028,57.4,78.2,1.3,6.6,2.1,2.1,90,75,12,993,83.8,993,83.8,81.2,1324,7,91,47630,32161,28062,35003,39355,49644,,1157,511,48,"Group 1",1
129525,"University of Hartford","West Hartford","CT","New England","Private nonprofit 4-year","Private nonprofit","4-year","City","5,000-9,999","Doctoral","No","No",-72.7152,41.7986,6802,4291,56.1,48.1,16.6,14.9,4.3,5.7,79,11,11,1323,58.3,1094,61.1,52.7,1137,30,91,30553,25641,24564,26720,30873,33759,100,810,734,80,"Group 1",1
129774,"Mitchell College","New London","CT","New England","Private nonprofit 4-year","Private nonprofit","4-year","City","Under 1,000","Baccalaureate","No","No",-72.0952,41.328,577,577,46.4,51,15.1,18.7,1.7,0.5,57,,14,145,44.1,140,44.3,38.6,99,39,88,31760,27427,29762,26085,36769,33628,7,110,,,"Group 3",3
129941,"University of New Haven","West Haven","CT","New England","Private nonprofit 4-year","Private nonprofit","4-year","Suburb","5,000-9,999","Master's","No","No",-72.9615,41.2913,10440,5351,56.7,56.5,11.3,19.6,3.2,2.4,77,33,18,1433,59.2,1429,59.1,50.4,1224,27,94,34201,28133,29345,32749,35868,36975,46,1028,1493,5,"Group 2",2
130226,"Quinnipiac University","Hamden","CT","New England","Private nonprofit 4-year","Private nonprofit","4-year","Suburb","5,000-9,999","Doctoral","No","No",-72.8941,41.4189,9801,6635,61.9,71.9,4.9,11.2,4,2.1,87,0,11,1963,77.3,1963,77.3,72.5,1604,16,95,39632,31257,34294,34111,39079,41944,,1595,880,356,"Group 1",1
130253,"Sacred Heart University","Fairfield","CT","New England","Private nonprofit 4-year","Private nonprofit","4-year","Suburb","10,000-19,999","Doctoral","No","No",-73.2433,41.2209,12067,7266,66.7,73.7,3.9,12.2,1.7,1.2,85,0,16,1388,74.5,1388,74.5,68.4,1774,15,95,46165,37374,38526,43128,47177,47318,93,1487,1307,79,"Group 1",1
130314,"University of Saint Joseph","West Hartford","CT","New England","Private nonprofit 4-year","Private nonprofit","4-year","City","1,000-4,999","Master's","No","No",-72.7297,41.781,2271,909,73.8,59.8,11.2,17.9,5.9,1.2,86,,9,132,69.7,132,69.7,56.8,189,36,95,27558,21080,25118,27448,25346,30212,,225,424,37,"Group 1",1
130493,"Southern Connecticut State University","New Haven","CT","New England","Public 4-year","Public","4-year","City","5,000-9,999","Master's","No","No",-72.9479,41.3332,10333,8053,61.8,44.8,18.5,23.6,3.7,0.7,76,40,11,1353,47.8,1353,47.8,29.7,1091,37,62,19870,18568,18126,18938,23340,26783,,1568,628,29,"Group 3",3
130590,"Trinity College","Hartford","CT","New England","Private nonprofit 4-year","Private nonprofit","4-year","City","1,000-4,999","Baccalaureate","No","No",-72.6909,41.7475,2294,2244,51.1,59.4,5.9,8.3,4.2,13.8,91,50,9,580,82.8,580,82.8,78.3,563,15,66,31806,19032,16202,18756,26084,46149,,505,15,,"Group 1",1
130697,"Wesleyan University","Middletown","CT","New England","Private nonprofit 4-year","Private nonprofit","4-year","City","1,000-4,999","Baccalaureate","No","No",-72.6571,41.5547,3872,3619,55.6,49.9,8.4,14.6,8.1,9,95,,7,759,91.6,759,91.6,80.8,743,15,40,20463,4432,5898,10310,10905,50788,,763,54,11,"Group 1",1
130776,"Western Connecticut State University","Danbury","CT","New England","Public 4-year","Public","4-year","City","1,000-4,999","Master's","No","No",-73.4443,41.4004,5102,4345,51.5,51.7,8.9,27.1,5.1,0.2,70,27,11,810,50.2,810,49.8,33.1,614,35,59,16527,17055,15942,16697,19825,22946,6,847,202,6,"Group 3",3
130794,"Yale University","New Haven","CT","New England","Private nonprofit 4-year","Private nonprofit","4-year","City","10,000-19,999","Doctoral","No","No",-72.9267,41.3112,16416,8009,52.8,30.7,7.4,13.4,19.6,16.2,99,,6,1579,96.3,1579,96.3,66.1,1554,19,55,26044,28132,19744,20900,17004,49347,,1449,2617,795,"Group 1",1
130934,"Delaware State University","Dover","DE","Mid East","Public 4-year","Public","4-year","City","5,000-9,999","Master's","Yes","No",-75.5405,39.1872,6462,5429,65.3,8.1,68.2,7.3,1.2,2.8,72,8,18,939,38.7,939,38.7,27.8,1255,43,71,15555,14776,14338,16445,16336,20170,2,670,198,25,"Group 4",4
130943,"University of Delaware","Newark","DE","Mid East","Public 4-year","Public","4-year","Suburb","20,000 and above","Doctoral","No","No",-75.7528,39.6796,26135,20874,57.9,65.1,7,9.6,5.5,6.2,90,33,15,4637,78.8,4273,80.6,72.2,4894,16,72,17716,9354,10573,12857,18508,25310,260,4202,1123,337,"Group 2",2
130989,"Goldey-Beacom College","Wilmington","DE","Mid East","Private nonprofit 4-year","Private nonprofit","4-year","Suburb","1,000-4,999","Master's","No","No",-75.6896,39.7415,1275,691,50.1,38.5,22.7,15.2,1.9,8.1,77,25,18,158,58.9,145,57.2,47.6,99,39,96,17417,14262,13789,17623,19179,21408,24,139,162,5,"Group 2",2
131113,"Wilmington University","New Castle","DE","Mid East","Private nonprofit 4-year","Private nonprofit","4-year","Suburb","10,000-19,999","Doctoral","No","No",-75.587,39.6823,19947,12959,61,46.9,21.9,16.4,3.4,2.9,54,34,12,257,22.6,243,23,12.3,225,26,29,14267,15221,15498,16306,19326,,43,1452,1790,145,"Group 3",3
131159,"American University","Washington","DC","Mid East","Private nonprofit 4-year","Private nonprofit","4-year","City","10,000-19,999","Doctoral","No","No",-77.0889,38.936,16240,9160,63.2,50,6.8,10.9,6,10.3,86,57,10,1776,78.5,1776,78.5,72.5,1752,13,48,40189,21176,18630,23477,34587,53257,,1804,2190,394,"Group 1",1
131283,"The Catholic University of America","Washington","DC","Mid East","Private nonprofit 4-year","Private nonprofit","4-year","City","5,000-9,999","Doctoral","No","No",-76.9979,38.9337,5428,3187,57.3,60.8,8.9,16.4,2.8,3.3,83,50,11,830,81.3,830,81.3,75.1,763,17,95,35008,22216,19709,25667,31131,39898,,713,375,201,"Group 1",1
131399,"University of the District of Columbia","Washington","DC","Mid East","Public 4-year","Public","4-year","City","1,000-4,999","Master's","Yes","No",-77.0662,38.9438,4747,4160,66.1,4.6,57.5,21.7,1.7,3.7,67,37,6,297,26.3,172,39.5,23.3,213,43,67,14287,13786,14589,17674,12345,20245,294,350,77,56,"Group 3",3
131450,"Gallaudet University","Washington","DC","Mid East","Private nonprofit 4-year","Private nonprofit","4-year","City","1,000-4,999","Doctoral","No","No",-76.9937,38.9074,1497,1011,53.5,42.4,17.2,21.4,5.2,5.7,77,,6,247,46.6,247,46.6,17.4,161,54,91,15025,12221,12603,15210,10318,21557,,218,135,22,"Group 3",3
131469,"George Washington University","Washington","DC","Mid East","Private nonprofit 4-year","Private nonprofit","4-year","City","20,000 and above","Doctoral","No","No",-77.0484,38.8992,29136,12272,63.4,48,8.6,13,13.1,9.4,92,27,12,2605,85.2,2605,85.2,79.5,2930,15,65,45466,21396,18171,21863,33540,53974,14,2693,4441,1094,"Group 1",1
131496,"Georgetown University","Washington","DC","Mid East","Private nonprofit 4-year","Private nonprofit","4-year","City","20,000 and above","Doctoral","No","No",-77.0735,38.9088,24038,8670,54.3,44,4.9,6.9,12.6,15.3,97,100,11,1596,94.3,1596,94.3,87,1573,10,35,37967,5340,8750,13464,26491,57166,,1857,4791,1064,"Group 1",1
131520,"Howard University","Washington","DC","Mid East","Private nonprofit 4-year","Private nonprofit","4-year","City","10,000-19,999","Doctoral","Yes","No",-77.019,38.9224,13861,10531,71,0.4,62,5.9,3.2,4.3,90,50,11,2077,68.9,2077,68.9,59.7,2489,41,89,30028,44234,45504,49005,50842,51384,,1629,310,491,"Group 1",1
131876,"Trinity Washington University","Washington","DC","Mid East","Private nonprofit 4-year","Private nonprofit","4-year","City","1,000-4,999","Master's","No","No",-77.0043,38.9274,2188,1801,92.6,1.3,52.2,29.4,1.1,0.7,71,64,9,259,44.4,259,44.4,34.7,132,51,80,12704,11164,11256,13393,17830,20561,73,234,114,,"Group 3",3
132471,"Barry University","Miami","FL","Southeast","Private nonprofit 4-year","Private nonprofit","4-year","Suburb","5,000-9,999","Doctoral","No","No",-80.1989,25.8789,8038,3438,62.5,18.8,31.8,35.8,1.8,6.7,58,29,10,604,36.6,604,36.6,17.9,589,46,81,23930,20514,21156,23386,28891,29647,,571,878,414,"Group 3",3
132602,"Bethune-Cookman University","Daytona Beach","FL","Southeast","Private nonprofit 4-year","Private nonprofit","4-year","City","1,000-4,999","Baccalaureate","Yes","No",-81.0329,29.2072,3099,2988,61.1,0.7,77.1,5.4,0.1,2.6,56,27,14,1175,27.8,1175,27.8,13.7,953,77,96,14705,13728,14194,16399,19105,20662,,337,35,,"Group 4",4
132657,"Lynn University","Boca Raton","FL","Southeast","Private nonprofit 4-year","Private nonprofit","4-year","City","1,000-4,999","Master's","No","No",-80.1228,26.386,4156,3117,51.3,47.4,11,20.1,1.7,13.2,71,14,16,465,52.7,465,52.7,44.7,789,23,93,39582,33842,34686,40208,41997,40980,8,550,312,19,"Group 1",1
132903,"University of Central Florida","Orlando","FL","Southeast","Public 4-year","Public","4-year","Suburb","20,000 and above","Doctoral","No","No",-81.2009,28.6022,80332,68470,55.1,43.6,10.1,30.2,7.1,3.4,92,89,29,6680,75.1,6680,75.1,50,6912,33,69,13110,6170,7610,10684,15473,17821,778,14598,2813,553,"Group 2",2
133492,"Eckerd College","Saint Petersburg","FL","Southeast","Private nonprofit 4-year","Private nonprofit","4-year","City","1,000-4,999","Baccalaureate","No","No",-82.687,27.7158,2038,2038,69.9,75.8,2.5,9.2,2,4.2,77,0,11,558,67.6,558,67.6,58.4,543,16,99,40122,26746,28782,30034,32127,37419,,413,,,"Group 1",1
133526,"Edward Waters University","Jacksonville","FL","Southeast","Private nonprofit 4-year","Private nonprofit","4-year","City","1,000-4,999","Baccalaureate","Yes","No",-81.6849,30.3448,1223,1181,46.8,4.7,85.2,3.4,0.4,0.2,53,36,18,254,28,254,28,15.4,309,76,90,13763,12861,12887,15958,14237,20001,,110,23,,"Group 4",4
133553,"Embry-Riddle Aeronautical University-Daytona Beach","Daytona Beach","FL","Southeast","Private nonprofit 4-year","Private nonprofit","4-year","City","10,000-19,999","Master's","No","No",-81.0484,29.1899,11124,10283,27.7,42.8,4.6,32.2,3.7,9.1,85,77,18,1351,67.4,1337,67.8,39.2,1825,15,68,41550,35431,34066,39693,42233,43073,24,1386,217,29,"Group 1",1
133650,"Florida Agricultural and Mechanical University","Tallahassee","FL","Southeast","Public 4-year","Public","4-year","City","5,000-9,999","Doctoral","Yes","No",-84.2902,30.4285,10428,8704,66.5,4.9,87.9,4.7,0.4,0.2,86,67,14,1594,51.9,1594,51.9,27.2,1484,56,75,15491,13203,13574,17489,19721,21999,16,1461,235,266,"Group 3",3
133669,"Florida Atlantic University","Boca Raton","FL","Southeast","Public 4-year","Public","4-year","City","20,000 and above","Doctoral","No","No",-80.103,26.3724,36189,29440,57.4,39.4,18.8,29.2,4.3,2.9,84,78,23,2750,64.3,2750,64.3,50.1,3050,35,65,9839,3120,4760,8772,14665,16235,415,5608,1619,232,"Group 2",2
133711,"Flagler College","Saint Augustine","FL","Southeast","Private nonprofit 4-year","Private nonprofit","4-year","Suburb","1,000-4,999","Baccalaureate","No","No",-81.3149,29.8927,2742,2724,68.7,71.8,3.5,12.3,1,3.2,68,,16,739,55.9,739,55.9,48.3,761,28,99,31085,22668,24521,25428,31814,35920,,543,7,,"Group 3",3
133881,"Florida Institute of Technology","Melbourne","FL","Southeast","Private nonprofit 4-year","Private nonprofit","4-year","City","5,000-9,999","Doctoral","No","No",-80.6231,28.0658,10139,3558,32.8,49.9,4.6,13.5,1.9,23.5,77,33,13,715,65.5,715,65.5,47.6,775,20,82,36364,29324,29464,33611,36324,39204,36,570,1355,78,"Group 1",1
133951,"Florida International University","Miami","FL","Southeast","Public 4-year","Public","4-year","Suburb","20,000 and above","Doctoral","No","No",-80.3739,25.7573,69591,56786,56.6,9.1,12.2,66,2.5,7.6,92,87,24,3464,73.9,3464,73.9,58.8,2979,40,61,10742,7112,8379,11393,14920,17313,189,11423,3837,694,"Group 2",2
133979,"Florida Memorial University","Miami Gardens","FL","Southeast","Private nonprofit 4-year","Private nonprofit","4-year","Suburb","1,000-4,999","Baccalaureate","Yes","No",-80.2708,25.9183,1375,1313,52.6,1.5,72.4,7.4,0.1,12.9,57,69,16,301,30.2,301,27.6,8.6,446,66,83,18366,17963,18120,20200,21406,27605,,134,12,,"Group 4",4
134079,"Florida Southern College","Lakeland","FL","Southeast","Private nonprofit 4-year","Private nonprofit","4-year","City","1,000-4,999","Master's","No","No",-81.9482,28.0324,3481,2872,63.1,68.1,6.5,15.2,2.5,4.1,78,100,10,714,69.3,714,69.3,64.4,752,26,96,30462,23266,25913,27634,30479,34331,,599,167,51,"Group 1",1
134097,"Florida State University","Tallahassee","FL","Southeast","Public 4-year","Public","4-year","City","20,000 and above","Doctoral","No","No",-84.2951,30.4431,49885,36242,56.6,57.8,8,23,3.4,1.9,96,91,17,6413,83,6413,83,72.7,5922,24,78,14903,5777,7427,11131,16057,17910,184,8860,3511,814,"Group 2",2
134130,"University of Florida","Gainesville","FL","Southeast","Public 4-year","Public","4-year","City","20,000 and above","Doctoral","No","No",-82.3479,29.6463,62811,38113,56.1,50.1,5.2,24.1,10.6,3,97,89,16,6382,91.5,6292,91.4,75.6,6594,22,83,11521,2387,3437,8189,13440,15571,113,9278,5700,1873,"Group 2",2
134945,"Jacksonville University","Jacksonville","FL","Southeast","Private nonprofit 4-year","Private nonprofit","4-year","City","1,000-4,999","Master's","No","No",-81.6046,30.3532,5643,3984,64.9,50.9,12.8,13.5,2.6,4.8,75,60,13,574,57,574,57,45.1,700,30,90,25745,23467,23680,22141,29211,30566,,601,436,67,"Group 3",3
135081,"Keiser University-Ft Lauderdale","Fort Lauderdale","FL","Southeast","Private nonprofit 4-year","Private nonprofit","4-year","City","20,000 and above","Doctoral","No","No",-80.164,26.1859,32214,28748,72.4,23.4,18.3,30.1,1.8,1.3,76,34,14,1045,44.2,410,43.4,37.8,1300,58,92,33865,33985,33554,35800,38630,35447,3231,1725,699,120,"Group 3",3
135726,"University of Miami","Coral Gables","FL","Southeast","Private nonprofit 4-year","Private nonprofit","4-year","Suburb","10,000-19,999","Doctoral","No","No",-80.2787,25.7213,21990,14006,54.2,45.4,8.7,24.5,4.4,9.6,92,100,11,2182,84.2,2182,84.2,72.6,2370,15,69,41028,17790,19645,20250,26355,48907,,2680,1739,924,"Group 1",1
136172,"University of North Florida","Jacksonville","FL","Southeast","Public 4-year","Public","4-year","City","10,000-19,999","Doctoral","No","No",-81.5091,30.2719,19673,16840,57.7,57.8,11.8,15.7,5.8,2.1,81,60,19,2134,68.2,2134,62.9,48.5,3036,31,60,10628,6465,7759,11120,15886,17447,233,3064,769,161,"Group 2",2
136215,"Nova Southeastern University","Fort Lauderdale","FL","Southeast","Private nonprofit 4-year","Private nonprofit","4-year","Suburb","20,000 and above","Doctoral","No","No",-80.2499,26.0823,23519,7381,72.2,26.7,14.9,34.4,11.4,5.4,76,22,17,976,64.3,976,64.3,57.9,1960,37,93,32756,28140,29648,30839,33872,35861,,1468,2642,1719,"Group 2",2
136330,"Palm Beach Atlantic University","West Palm Beach","FL","Southeast","Private nonprofit 4-year","Private nonprofit","4-year","City","1,000-4,999","Doctoral","No","No",-80.0525,26.7044,4348,3404,62.5,55.4,8.1,17.7,1.8,6.2,67,18,13,531,58.9,528,58.7,48.7,697,25,76,31103,28191,26918,28473,39730,36841,,426,178,88,"Group 3",3
136774,"Ringling College of Art and Design","Sarasota","FL","Southeast","Private nonprofit 4-year","Private nonprofit","4-year","City","1,000-4,999","Special focus","No","No",-82.5478,27.3609,1722,1722,72.7,44,3.2,14.2,9.8,21.1,84,,11,363,70.8,363,70.8,58.7,415,21,98,60362,50332,50588,55349,57165,60033,,374,,,"Group 1",1
136950,"Rollins College","Winter Park","FL","Southeast","Private nonprofit 4-year","Private nonprofit","4-year","Suburb","1,000-4,999","Master's","No","No",-81.3492,28.5928,3198,2705,60,57.4,6.2,17.7,3.4,8.9,85,,13,528,76.9,528,76.9,69.9,632,22,91,37134,25481,28884,29454,31970,41399,,629,202,8,"Group 1",1
137032,"Saint Leo University","Saint Leo","FL","Southeast","Private nonprofit 4-year","Private nonprofit","4-year","Town","10,000-19,999","Doctoral","No","No",-82.2578,28.3368,14159,10713,60.1,23.8,18.5,13.3,1,8.2,58,100,20,533,48.8,533,48.8,40.2,868,37,60,19478,16216,15891,17642,21839,23342,187,1287,1028,68,"Group 4",4
137351,"University of South Florida","Tampa","FL","Southeast","Public 4-year","Public","4-year","City","20,000 and above","Doctoral","No","No",-82.4132,28.0615,57901,44120,57,45.5,8.4,22.7,7.9,7.9,91,69,22,4846,74.6,4846,74.6,62.6,6655,30,70,11578,4785,6053,10649,16385,17671,187,9751,3290,762,"Group 2",2
137476,"St. Thomas University","Miami Gardens","FL","Southeast","Private nonprofit 4-year","Private nonprofit","4-year","Suburb","5,000-9,999","Doctoral","No","No",-80.2533,25.9221,7583,4555,56.4,12.7,18.2,47.7,0.9,5.9,55,,17,228,43.4,228,43.4,35.1,534,25,43,27029,23083,23471,23944,28095,28725,,365,432,281,"Group 3",3
137546,"Stetson University","DeLand","FL","Southeast","Private nonprofit 4-year","Private nonprofit","4-year","City","1,000-4,999","Master's","No","No",-81.3007,29.0355,4236,2702,56.1,51.4,11.6,19.4,1.7,7.4,73,,10,863,62.8,863,62.8,57.5,666,35,97,22914,17596,15801,19475,24138,32728,,718,200,289,"Group 3",3
137564,"Southeastern University","Lakeland","FL","Southeast","Private nonprofit 4-year","Private nonprofit","4-year","City","10,000-19,999","Doctoral","No","No",-81.9184,28.0297,12138,10615,59.2,53.4,11.4,23.2,2.1,1.6,72,46,26,1141,43.3,799,48.9,37.9,1055,22,45,27935,28140,28687,29297,31655,31797,138,936,362,60,"Group 2",2
137847,"The University of Tampa","Tampa","FL","Southeast","Private nonprofit 4-year","Private nonprofit","4-year","City","10,000-19,999","Master's","No","No",-82.4648,27.9485,11767,10516,58.4,68.4,2.8,12.6,1.6,5.1,80,50,17,2135,61.9,2135,61.9,52.2,1876,16,92,35975,30631,29966,33645,33835,37275,,2050,423,4,"Group 1",1
138275,"Warner University","Lake Wales","FL","Southeast","Private nonprofit 4-year","Private nonprofit","4-year","Rural","Under 1,000","Master's","No","No",-81.6,27.8258,958,840,47.1,38.5,33.5,18.7,0.8,5.4,45,0,13,252,34.9,246,30.5,26.8,240,53,95,21471,19182,19481,21487,24551,25429,18,131,31,,"Group 4",4
138293,"Webber International University","Babson Park","FL","Southeast","Private nonprofit 4-year","Private nonprofit","4-year","Rural","Under 1,000","Baccalaureate","No","No",-81.5323,27.8388,1271,1204,30.4,40.5,32.5,8.3,1.2,9.5,55,0,18,173,26,173,25.4,14.5,220,54,98,29716,29108,27520,30975,34101,31366,7,138,17,,"Group 4",4
138354,"University of West Florida","Pensacola","FL","Southeast","Public 4-year","Public","4-year","Rural","10,000-19,999","Master's","No","No",-87.2185,30.5491,17296,11464,59.3,61,10.4,11.4,3.3,2.8,88,68,22,1067,61.8,1067,61.8,47.4,1021,33,68,8908,3367,5208,8264,13090,15446,539,2155,1441,29,"Group 2",2
138558,"Abraham Baldwin Agricultural College","Tifton","GA","Southeast","Public 4-year","Public","4-year","Town","1,000-4,999","Baccalaureate","No","No",-83.5283,31.4819,4234,4234,60.9,78,9.5,8.7,1.3,0.9,69,56,23,965,29.1,477,28.1,16.1,804,34,81,6923,4191,4468,7007,9865,9972,256,387,,,"Group 4",4
138600,"Agnes Scott College","Decatur","GA","Southeast","Private nonprofit 4-year","Private nonprofit","4-year","Suburb","1,000-4,999","Baccalaureate","No","No",-84.2955,33.7693,1253,1125,97.2,34.4,34,13,6.1,3.6,80,,10,251,70.5,251,70.5,60.6,276,36,97,25609,20042,22896,22407,25806,28583,,199,18,,"Group 1",1
138716,"Albany State University","Albany","GA","Southeast","Public 4-year","Public","4-year","City","5,000-9,999","Master's","Yes","No",-84.1418,31.5693,7603,6971,73.9,9.1,79.4,4.8,0.4,0.4,78,14,20,1378,22.8,602,29.1,14,1295,65,99,13775,12993,13402,16225,18897,19054,619,620,188,,"Group 4",4
138868,"Point University","West Point","GA","Southeast","Private nonprofit 4-year","Private nonprofit","4-year","Town","1,000-4,999","Baccalaureate","No","No",-85.1849,32.8791,4189,3980,55.5,54.1,19.9,10.6,1.8,1.4,71,71,13,319,40.4,254,50.8,26.4,262,32,87,22622,20237,21103,19802,21409,22350,26,154,14,,"Group 3",3
138947,"Clark Atlanta University","Atlanta","GA","Southeast","Private nonprofit 4-year","Private nonprofit","4-year","City","1,000-4,999","Doctoral","Yes","No",-84.4126,33.7476,4324,3653,75.9,0.5,59.2,0.2,0.1,0.4,69,46,16,910,47.8,910,47.8,34.4,1108,69,86,29736,33555,34611,37249,38230,39940,,452,145,36,"Group 4",4
139144,"Berry College","Mount Berry","GA","Southeast","Private nonprofit 4-year","Private nonprofit","4-year","Suburb","1,000-4,999","Master's","No","No",-85.1892,34.2904,2466,2322,63,71.9,8.4,10.3,3.2,0.5,83,,12,552,73.9,552,73.9,67.8,634,24,99,25383,16036,15267,20283,20748,28207,,457,92,,"Group 1",1
139199,"Brenau University","Gainesville","GA","Southeast","Private nonprofit 4-year","Private nonprofit","4-year","City","1,000-4,999","Doctoral","No","No",-83.8215,34.3031,3257,1609,88.9,46.9,23.2,17.7,2.6,3.5,62,0,11,263,35.4,253,36.8,28.1,215,47,90,20860,20696,19278,21551,24922,19129,40,239,376,60,"Group 3",3
139205,"Brewton-Parker College","Mount Vernon","GA","Southeast","Private nonprofit 4-year","Private nonprofit","4-year","Rural","1,000-4,999","Baccalaureate","No","No",-82.5861,32.1857,1067,1067,39.9,49.5,32.7,9.6,2,2.2,38,0,14,166,23.5,166,19.9,11.4,213,46,99,22488,20759,20890,23924,24249,23318,57,69,,,"Group 4",4
139250,"College of Coastal Georgia","Brunswick","GA","Southeast","Public 4-year","Public","4-year","City","1,000-4,999","Baccalaureate","No","No",-81.4862,31.182,3904,3904,69.2,60,19.6,7.7,2.1,1.3,53,43,20,708,25.6,469,25.8,14.7,623,41,66,12670,10793,11811,14440,16374,16608,249,340,,,"Group 4",4
139311,"Clayton  State University","Morrow","GA","Southeast","Public 4-year","Public","4-year","Suburb","5,000-9,999","Master's","No","No",-84.3282,33.5941,7169,6436,69.4,12.4,61.6,11,7.2,1.4,73,68,17,551,35.4,518,35.1,15.4,508,52,77,9397,8685,9021,11506,13966,15948,59,843,269,,"Group 4",4
139366,"Columbus State University","Columbus","GA","Southeast","Public 4-year","Public","4-year","City","5,000-9,999","Master's","No","No",-84.9411,32.501,9045,7156,58.4,42.9,37.7,8.3,2.7,1.3,73,30,18,932,41.7,893,42,22.2,943,44,92,11384,10370,10797,13287,15598,15428,50,902,467,27,"Group 4",4
139393,"Covenant College","Lookout Mountain","GA","Southeast","Private nonprofit 4-year","Private nonprofit","4-year","Suburb","Under 1,000","Baccalaureate","No","No",-85.3751,34.9652,935,894,52.7,86.6,1.2,0.4,3,3,87,50,12,263,71.9,263,70.7,61.6,238,18,94,25471,18897,18479,22783,23277,29241,,155,26,,"Group 1",1
139463,"Dalton State College","Dalton","GA","Southeast","Public 4-year","Public","4-year","City","1,000-4,999","Baccalaureate","No","No",-85.0028,34.7742,5241,5241,61.8,54.6,3.6,34,2.3,1.3,60,44,20,882,29.6,386,30.8,13.7,764,50,73,5083,3109,3616,6260,8079,9924,240,440,,,"Group 4",4
139630,"Emmanuel University","Franklin Springs","GA","Southeast","Private nonprofit 4-year","Private nonprofit","4-year","Rural","Under 1,000","Baccalaureate","No","No",-83.1482,34.2836,916,890,46.2,61.7,12.9,7,1.1,11.8,57,,12,263,34.6,241,36.9,29.5,184,30,97,19006,18134,15569,17824,23245,21250,10,133,,,"Group 3",3
139658,"Emory University","Atlanta","GA","Southeast","Private nonprofit 4-year","Private nonprofit","4-year","City","10,000-19,999","Doctoral","No","No",-84.3255,33.7902,16063,7606,57.1,32.3,8.5,11,23.2,18.8,96,,9,1383,91.8,1383,91.8,83.3,1424,18,55,27986,6895,8640,11687,21124,54582,,1937,1995,792,"Group 1",1
139719,"Fort Valley State University","Fort Valley","GA","Southeast","Public 4-year","Public","4-year","Town","1,000-4,999","Master's","Yes","No",-83.8954,32.5376,2875,2596,64.3,2,92,2.4,0.5,0.2,73,35,18,509,45.2,509,45.2,18.1,532,72,86,11457,10128,11168,12984,16414,16034,,281,83,,"Group 4",4
139755,"Georgia Institute of Technology-Main Campus","Atlanta","GA","Southeast","Public 4-year","Public","4-year","City","20,000 and above","Doctoral","No","No",-84.3948,33.7724,53737,19888,38.9,37.4,7.8,7.8,30.9,10.6,98,100,18,2848,92.3,2848,92.3,57.1,3630,14,70,15901,7491,9083,13349,16601,17250,,4140,6571,556,"Group 2",2
139764,"Georgia Southwestern State University","Americus","GA","Southeast","Public 4-year","Public","4-year","Town","1,000-4,999","Master's","No","No",-84.2177,32.0547,3941,2904,64.5,55.2,28.1,5.6,2.2,5.4,64,35,18,445,31.9,445,31.9,19.6,467,41,74,11779,10602,11031,13237,14813,15617,,345,288,,"Group 4",4
139861,"Georgia College & State University","Milledgeville","GA","Southeast","Public 4-year","Public","4-year","Town","5,000-9,999","Master's","No","No",-83.232,33.0828,7397,5863,63.8,82.3,3.8,6.3,1.7,1.1,84,60,16,1439,61.6,1439,61.6,50.4,1359,16,82,19769,13152,14675,18262,20684,21140,,1115,500,7,"Group 2",2
139931,"Georgia Southern University","Statesboro","GA","Southeast","Public 4-year","Public","4-year","Town","20,000 and above","Doctoral","No","No",-81.784,32.4262,29617,25275,57.6,57.2,25.7,8,2.3,1.2,77,47,24,4334,52.1,4054,52.7,34,4231,35,75,16957,13139,13922,16475,19776,20259,24,3832,1181,85,"Group 2",2
139940,"Georgia State University","Atlanta","GA","Southeast","Public 4-year","Public","4-year","City","20,000 and above","Doctoral","No","No",-84.3867,33.7527,42129,33129,59.7,18.5,42.7,13.8,15.4,3.5,78,53,25,4144,53.7,4144,53.6,34.3,5265,50,82,16390,13552,14546,17219,19421,20338,,5217,2263,522,"Group 2",2
139959,"University of Georgia","Athens","GA","Southeast","Public 4-year","Public","4-year","City","20,000 and above","Doctoral","No","No",-83.374,33.9563,44713,33422,57.5,67.5,6.4,7.4,11.9,1.3,95,87,17,5809,87.2,5809,87.2,71.2,6250,17,86,16303,7897,9336,14400,17447,17846,,7570,2415,1027,"Group 2",2
139968,"Gordon State College","Barnesville","GA","Southeast","Public 4-year","Public","4-year","Town","1,000-4,999","Baccalaureate","No","No",-84.1545,33.0457,3749,3749,64.9,50.7,38.2,5.2,0.9,0.3,48,30,21,1144,17.3,106,16,6.6,715,47,83,8255,7639,8058,10053,13155,12551,238,224,,,"Group 4",4
140234,"LaGrange College","Lagrange","GA","Southeast","Private nonprofit 4-year","Private nonprofit","4-year","Town","Under 1,000","Baccalaureate","No","No",-85.0431,33.0386,812,660,43.5,56.7,26.7,4.1,0.9,2.1,60,,11,273,41.8,273,41.8,34.8,220,44,98,24564,10585,11752,29989,22805,21286,,122,52,,"Group 3",3
140252,"Life University","Marietta","GA","Southeast","Private nonprofit 4-year","Private nonprofit","4-year","City","1,000-4,999","Master's","No","No",-84.5147,33.9328,3284,1170,50.4,33.5,26.5,17.5,2.6,15.1,63,60,16,112,32.1,112,32.1,19.6,163,39,80,30403,29119,29737,32094,32068,30316,16,186,60,412,"Group 3",3
140447,"Mercer University","Macon","GA","Southeast","Private nonprofit 4-year","Private nonprofit","4-year","City","5,000-9,999","Doctoral","No","No",-83.6494,32.8291,10309,5571,66.9,42.7,32.9,7.7,7.7,2,83,57,13,887,73.4,887,73.4,64,897,33,91,24197,18650,20919,22627,24610,26399,,1129,985,482,"Group 1",1
140553,"Morehouse College","Atlanta","GA","Southeast","Private nonprofit 4-year","Private nonprofit","4-year","City","1,000-4,999","Baccalaureate","Yes","No",-84.4149,33.746,2897,2897,0.1,0.2,95.5,0.1,0,0.4,86,0,13,617,52.7,617,52.7,36.5,671,44,77,34733,32679,33552,37266,39484,39174,,387,,,"Group 1",1
140696,"Oglethorpe University","Atlanta","GA","Southeast","Private nonprofit 4-year","Private nonprofit","4-year","Suburb","1,000-4,999","Baccalaureate","No","No",-84.3337,33.8754,1540,1540,62.4,37.7,22.3,22.1,4,6.5,75,,14,332,53.9,332,53,45.8,425,34,98,22251,17338,18628,20321,24263,24561,,234,,,"Group 3",3
140818,"Piedmont University","Demorest","GA","Southeast","Private nonprofit 4-year","Private nonprofit","4-year","Town","1,000-4,999","Master's","No","No",-83.5421,34.566,2241,1409,69.8,66.4,13.6,10.5,1.3,1.3,77,,12,287,41.5,287,40.4,28.9,301,41,98,21599,18494,17125,17980,22397,24251,,260,133,9,"Group 3",3
140872,"Reinhardt University","Waleska","GA","Southeast","Private nonprofit 4-year","Private nonprofit","4-year","Rural","1,000-4,999","Baccalaureate","No","No",-84.5543,34.3198,1251,1147,48.8,55.9,20.6,8.4,1.1,4,57,33,11,379,35.6,372,35.8,27.7,272,39,97,27507,24424,27030,27952,30689,30105,7,252,74,,"Group 3",3
140951,"Savannah College of Art and Design","Savannah","GA","Southeast","Private nonprofit 4-year","Private nonprofit","4-year","City","10,000-19,999","Master's","No","No",-81.094,32.073,18369,15112,70,51.6,12.4,7.2,6,16.1,87,71,20,2253,70.5,2253,70.5,53.2,3355,19,91,46524,41693,42451,45149,47652,47565,,2729,921,,"Group 1",1
140960,"Savannah State University","Savannah","GA","Southeast","Public 4-year","Public","4-year","City","1,000-4,999","Master's","Yes","No",-81.0634,32.0248,3392,3150,62.5,3.5,84.7,5.6,0,1.7,70,25,21,866,25.2,594,27.1,16.7,578,65,85,8506,7238,7491,10852,12949,13784,77,428,92,,"Group 4",4
140988,"Shorter University","Rome","GA","Southeast","Private nonprofit 4-year","Private nonprofit","4-year","City","1,000-4,999","Master's","No","No",-85.1965,34.2575,1899,1651,55.6,61.3,17.5,8.8,1.3,1.8,67,50,15,267,37.1,267,36,27.3,268,37,78,16692,14057,15131,17363,18498,18784,17,233,107,,"Group 3",3
141060,"Spelman College","Atlanta","GA","Southeast","Private nonprofit 4-year","Private nonprofit","4-year","City","1,000-4,999","Baccalaureate","Yes","No",-84.4115,33.7453,3873,3873,91.5,11.6,76.9,0,1.5,0.6,94,,11,544,76.1,544,76.1,68.2,579,29,68,37403,31898,31961,34390,35209,42201,,420,,,"Group 1",1
141185,"Toccoa Falls College","Toccoa Falls","GA","Southeast","Private nonprofit 4-year","Private nonprofit","4-year","Town","1,000-4,999","Baccalaureate","No","No",-83.3576,34.5934,2666,2621,62.7,71.6,12.4,7.3,2.8,1.3,57,27,16,213,46,208,44.7,34.1,227,20,97,20657,18552,19953,20025,20916,22603,19,151,14,,"Group 3",3
141237,"Truett McConnell University","Cleveland","GA","Southeast","Private nonprofit 4-year","Private nonprofit","4-year","Rural","1,000-4,999","Baccalaureate","No","No",-83.7489,34.5963,3151,3003,53.7,75,10.6,4.4,2.5,0.9,59,0,16,209,41.1,209,41.1,33,217,10,97,22373,22603,19236,22086,23716,23219,,167,38,,"Group 3",3
141264,"Valdosta State University","Valdosta","GA","Southeast","Public 4-year","Public","4-year","City","10,000-19,999","Doctoral","No","No",-83.2893,30.8474,12550,9110,66.5,43.7,38.7,10.1,1.6,1.3,67,46,17,1694,41.7,1675,41.7,24.1,1081,51,80,11532,9443,10072,12659,14892,16028,28,1564,680,63,"Group 4",4
141334,"University of West Georgia","Carrollton","GA","Southeast","Public 4-year","Public","4-year","Town","10,000-19,999","Doctoral","No","No",-85.0978,33.5736,14712,10220,64.3,50.4,31.8,8.9,1.5,1.1,76,62,16,2177,42.7,2177,42.7,25,1353,42,79,14962,12779,13345,16015,18909,19101,,1612,715,24,"Group 3",3
141361,"Young Harris College","Young Harris","GA","Southeast","Private nonprofit 4-year","Private nonprofit","4-year","Rural","1,000-4,999","Baccalaureate","No","No",-83.8459,34.9335,1744,1715,61.9,63.6,8,6.6,1.6,4.5,67,,11,265,45.7,265,45.7,41.9,253,21,100,20509,11154,7888,9309,13219,12588,,159,13,,"Group 3",3
141486,"Chaminade University of Honolulu","Honolulu","HI","Far West","Private nonprofit 4-year","Private nonprofit","4-year","City","1,000-4,999","Master's","No","No",-157.8079,21.29,2956,1937,71.6,8.5,2,11.2,23.2,0.3,74,27,11,258,58.1,210,62.9,51,288,42,84,27695,31894,19135,24488,26305,27774,56,290,243,17,"Group 3",3
141565,"University of Hawaii at Hilo","Hilo","HI","Far West","Public 4-year","Public","4-year","Town","1,000-4,999","Doctoral","No","No",-155.0808,19.7012,3421,3007,64.6,20.1,1.2,15.7,13.5,4.5,70,51,12,406,41.6,406,41.6,25.1,355,40,62,12936,9081,9707,12607,14862,19851,,528,47,49,"Group 3",3
141574,"University of Hawaii at Manoa","Honolulu","HI","Far West","Public 4-year","Public","4-year","City","10,000-19,999","Doctoral","No","No",-157.819,21.2986,21615,16123,60.5,20.5,1.6,13.7,32.4,4.1,75,56,14,1897,62.6,1897,62.6,39.8,2907,25,54,14557,7397,9971,13381,16795,20462,,2765,985,361,"Group 2",2
141644,"Hawaii Pacific University","Honolulu","HI","Far West","Private nonprofit 4-year","Private nonprofit","4-year","City","1,000-4,999","Master's","No","No",-157.8596,21.3103,6046,5087,62.8,18.8,4.9,17.7,11.1,11.7,57,11,15,478,41.2,457,41.4,30.2,573,20,68,32204,26082,28770,28932,32793,34920,39,490,205,6,"Group 3",3
141981,"University of Hawaii-West Oahu","Kapolei","HI","Far West","Public 4-year","Public","4-year","Suburb","1,000-4,999","Baccalaureate","No","No",-158.0564,21.3553,3870,3870,67.1,7,1.7,14.4,40.1,0.7,69,46,16,269,46.8,269,46.8,23,188,30,44,11881,8030,6161,10881,13331,16928,,600,,,"Group 3",3
142115,"Boise State University","Boise","ID","Rocky Mountains","Public 4-year","Public","4-year","City","20,000 and above","Doctoral","No","No",-116.2033,43.6043,32626,26859,56.7,71.2,1.7,14.5,2.7,0.8,78,44,19,2662,61.9,2662,61.2,39.7,3064,18,46,19037,15387,16200,19197,22131,22767,184,3859,1027,60,"Group 2",2
142276,"Idaho State University","Pocatello","ID","Rocky Mountains","Public 4-year","Public","4-year","City","10,000-19,999","Doctoral","No","No",-112.4323,42.8638,14796,12121,59.3,72.1,1.2,13.2,1.4,1.4,74,39,13,1423,38.3,1172,35.5,23.8,1288,27,48,12353,14678,15971,17797,20328,21084,513,1071,579,192,"Group 3",3
142285,"University of Idaho","Moscow","ID","Rocky Mountains","Public 4-year","Public","4-year","Town","10,000-19,999","Doctoral","No","No",-117.0142,46.7274,14025,10438,51.4,74.7,1.1,9.9,1.8,4.2,75,33,17,1514,60.9,1514,60.9,41.2,1911,23,68,14377,9930,11390,12902,16256,18322,,1457,571,204,"Group 2",2
142294,"The College of Idaho","Caldwell","ID","Rocky Mountains","Private nonprofit 4-year","Private nonprofit","4-year","Suburb","1,000-4,999","Baccalaureate","No","No",-116.678,43.6523,1120,1081,50,54.5,2.2,14.1,1.9,18,76,,10,262,64.1,262,64.1,56.9,269,24,100,22602,15367,18437,17013,21946,25125,,264,8,,"Group 3",3
142328,"Lewis-Clark State College","Lewiston","ID","Rocky Mountains","Public 4-year","Public","4-year","City","1,000-4,999","Baccalaureate","No","No",-117.0249,46.4122,4622,4619,65.1,76.7,0.9,8,0.9,1.3,64,25,16,530,44.7,395,36.7,23.3,463,24,47,12508,11234,10191,13343,14039,16387,282,545,,,"Group 3",3
142461,"Northwest Nazarene University","Nampa","ID","Rocky Mountains","Private nonprofit 4-year","Private nonprofit","4-year","Suburb","1,000-4,999","Master's","No","No",-116.5658,43.5624,8423,7691,55.5,73.7,1.1,14.2,1.9,0.2,79,50,14,282,59.9,267,63.3,48.3,235,29,94,27291,22918,21975,24101,26385,28028,1,231,212,17,"Group 1",1
142522,"Brigham Young University-Idaho","Rexburg","ID","Rocky Mountains","Private nonprofit 4-year","Private nonprofit","4-year","Town","20,000 and above","Baccalaureate","No","No",-111.7824,43.8184,57874,57874,55.1,61,2.7,18.7,1.4,3.2,70,50,20,3197,55.1,2517,51.3,20.9,3643,25,36,7295,3102,4175,5457,8757,12309,2176,6400,,,"Group 2",2
143048,"School of the Art Institute of Chicago","Chicago","IL","Great Lakes","Private nonprofit 4-year","Private nonprofit","4-year","City","1,000-4,999","Special focus","No","No",-87.6258,41.881,3736,2985,75.1,35,4.6,11.3,10.1,30.3,82,0,10,642,64,642,64,39.4,647,19,93,55485,43080,45357,48571,52086,55898,,600,290,,"Group 1",1
143084,"Augustana College","Rock Island","IL","Great Lakes","Private nonprofit 4-year","Private nonprofit","4-year","City","1,000-4,999","Baccalaureate","No","No",-90.5506,41.5024,2476,2433,54,58.9,3.9,12.9,2.7,16.4,83,,11,735,79.2,735,79.2,73.1,593,22,97,24695,15549,14949,17567,20075,6658,,528,17,,"Group 1",1
143118,"Aurora University","Aurora","IL","Great Lakes","Private nonprofit 4-year","Private nonprofit","4-year","Suburb","5,000-9,999","Doctoral","No","No",-88.349,41.7536,7008,4458,68.1,40.5,6.3,39,3.5,0.7,78,33,18,799,58.3,799,58.3,46.2,669,43,95,19220,13980,14079,16984,22070,25042,,1209,924,61,"Group 2",2
143288,"Blackburn College","Carlinville","IL","Great Lakes","Private nonprofit 4-year","Private nonprofit","4-year","Town","Under 1,000","Baccalaureate","No","No",-89.8702,39.2879,440,440,58.4,73,6.6,8,0.2,0,58,,9,145,52.4,145,52.4,42.8,106,54,100,21349,19146,17130,20872,23289,25005,,69,,,"Group 3",3
143358,"Bradley University","Peoria","IL","Great Lakes","Private nonprofit 4-year","Private nonprofit","4-year","City","5,000-9,999","Doctoral","No","No",-89.6168,40.6969,5990,4260,50.9,64.2,8.8,13.7,4.4,2.3,84,,11,1260,72.1,1260,72.1,56.7,1036,29,97,24703,17762,16472,19392,25476,29736,,1010,392,97,"Group 1",1
144005,"Chicago State University","Chicago","IL","Great Lakes","Public 4-year","Public","4-year","City","1,000-4,999","Master's","No","No",-87.6094,41.7184,2975,1880,66.8,2,75.3,7,0.8,4.1,47,26,10,118,16.9,118,16.9,6.8,154,55,78,9852,8025,10674,12729,16801,9392,,263,198,34,"Group 4",4
144050,"University of Chicago","Chicago","IL","Great Lakes","Private nonprofit 4-year","Private nonprofit","4-year","City","10,000-19,999","Doctoral","No","No",-87.5995,41.788,21578,9174,48.3,27.1,6,14.5,16.9,18.5,99,,5,1729,94.9,1729,94.9,86.4,1729,14,51,27979,-1428,-294,770,12816,54800,,1689,3914,768,"Group 1",1
144281,"Columbia College Chicago","Chicago","IL","Great Lakes","Private nonprofit 4-year","Private nonprofit","4-year","City","5,000-9,999","Master's","No","No",-87.6247,41.8743,7010,6756,60.3,43.9,16.8,25.6,3.4,4,64,19,15,1432,48.5,1432,48.5,39.1,1585,43,94,29790,21821,22285,27380,32896,36054,,1284,98,,"Group 3",3
144351,"Concordia University-Chicago","River Forest","IL","Great Lakes","Private nonprofit 4-year","Private nonprofit","4-year","Suburb","5,000-9,999","Master's","No","No",-87.8095,41.8987,7099,1621,53.9,42.3,12.3,33.3,2.5,1.3,63,,13,327,47.4,327,46.5,34.6,267,45,82,17767,13573,14000,17318,19478,23731,1,333,1010,153,"Group 3",3
144740,"DePaul University","Chicago","IL","Great Lakes","Private nonprofit 4-year","Private nonprofit","4-year","City","20,000 and above","Doctoral","No","No",-87.6272,41.8776,24535,15856,54.9,46.7,8.2,22.8,11.9,3,87,29,17,2537,70,2537,70,56,2961,31,90,32129,23758,24181,26576,30294,35894,,3070,2403,246,"Group 1",1
144883,"East-West University","Chicago","IL","Great Lakes","Private nonprofit 4-year","Private nonprofit","4-year","City","Under 1,000","Baccalaureate","No","No",-87.6248,41.8713,611,611,49.8,2,37.2,32.7,0.8,23.1,37,,29,122,23,122,13.9,10.7,241,80,99,23140,18975,25766,27556,27304,,1,27,,,"Group 4",4
144892,"Eastern Illinois University","Charleston","IL","Great Lakes","Public 4-year","Public","4-year","Town","5,000-9,999","Master's","No","No",-88.1757,39.4798,10889,8327,58.7,56.6,14.6,16.3,4.1,1.8,70,20,15,631,45.2,631,45.2,28.8,871,31,57,14621,11412,9774,12371,19132,21672,,1086,908,,"Group 3",3
144962,"Elmhurst University","Elmhurst","IL","Great Lakes","Private nonprofit 4-year","Private nonprofit","4-year","Suburb","1,000-4,999","Master's","No","No",-87.9454,41.8972,4230,3443,62,47.7,4.8,28,7.6,3.1,76,,14,497,65.2,497,65.2,49.7,617,37,92,22760,14641,15866,20115,24551,28795,,783,270,,"Group 3",3
144971,"Eureka College","Eureka","IL","Great Lakes","Private nonprofit 4-year","Private nonprofit","4-year","Town","Under 1,000","Baccalaureate","No","No",-89.2696,40.7148,595,595,48.1,70.4,13.1,7.7,0.3,1,63,0,14,106,40.6,106,38.7,32.1,151,23,48,20215,21076,22074,24524,22111,,,119,,,"Group 3",3
145336,"Governors State University","University Park","IL","Great Lakes","Public 4-year","Public","4-year","Suburb","1,000-4,999","Master's","No","No",-87.7164,41.4491,5328,3153,63.8,29.2,41.8,18.6,2.1,1.6,59,50,11,199,19.6,199,19.6,13.1,286,52,74,10833,8982,8419,11856,10513,18292,,624,567,48,"Group 4",4
145372,"Greenville University","Greenville","IL","Great Lakes","Private nonprofit 4-year","Private nonprofit","4-year","Town","1,000-4,999","Master's","No","No",-89.4082,38.8942,1402,1155,46.4,59.2,11.8,6.8,0.3,13.2,70,0,12,220,51.4,220,51.4,46.4,230,38,93,21442,18493,14536,19800,24786,24745,,225,65,,"Group 3",3
145600,"University of Illinois Chicago","Chicago","IL","Great Lakes","Public 4-year","Public","4-year","City","20,000 and above","Doctoral","No","No",-87.6505,41.8718,36794,23627,53.4,23.1,7.8,35.5,20.2,7.9,78,54,17,4010,60.3,4010,60.3,39.8,4179,50,66,11499,9257,9945,12887,18806,25479,,5110,2477,1377,"Group 2",2
145619,"Benedictine University","Lisle","IL","Great Lakes","Private nonprofit 4-year","Private nonprofit","4-year","Suburb","1,000-4,999","Master's","No","No",-88.0973,41.7776,4644,2397,48.9,42.7,9.4,20.8,17.6,2.1,69,30,13,420,51,420,51,37.6,415,39,94,24570,19282,19035,23587,27639,28307,,537,751,15,"Group 3",3
145637,"University of Illinois Urbana-Champaign","Champaign","IL","Great Lakes","Public 4-year","Public","4-year","City","20,000 and above","Doctoral","No","No",-88.2291,40.1047,62417,36970,46,38.1,5.8,13.2,21.6,15.4,94,73,20,7498,84.9,7498,84.9,73.5,7946,24,55,14297,3883,5955,10065,20205,28358,,8310,7130,1137,"Group 2",2
145646,"Illinois Wesleyan University","Bloomington","IL","Great Lakes","Private nonprofit 4-year","Private nonprofit","4-year","City","1,000-4,999","Baccalaureate","No","No",-88.992,40.4899,1579,1579,48.5,68,7.3,9.1,7.2,5.4,85,,11,378,82.5,378,82.5,77.8,382,23,99,31310,21011,24494,24284,28757,35699,,346,,,"Group 1",1
145691,"Illinois College","Jacksonville","IL","Great Lakes","Private nonprofit 4-year","Private nonprofit","4-year","Town","Under 1,000","Baccalaureate","No","No",-90.2462,39.7313,1130,1129,54.6,71.7,8.9,9.6,0.9,4.6,70,,11,257,61.1,257,61.1,55.3,233,35,95,17255,11197,11627,14241,18505,23362,,283,,,"Group 3",3
145725,"Illinois Institute of Technology","Chicago","IL","Great Lakes","Private nonprofit 4-year","Private nonprofit","4-year","City","5,000-9,999","Doctoral","No","No",-87.6273,41.8313,8193,3517,32.3,33,5.2,19.3,15.5,19.6,87,59,17,468,72.4,468,72.4,35.5,603,29,90,25001,13222,15488,16566,22765,31456,,615,1208,293,"Group 2",2
145813,"Illinois State University","Normal","IL","Great Lakes","Public 4-year","Public","4-year","Suburb","20,000 and above","Doctoral","No","No",-88.9901,40.5094,22562,19441,56,68.2,10.7,12.9,2.7,0.9,81,44,19,3331,66.3,3331,66.3,51.3,3974,30,81,20871,11075,11994,16424,23818,26853,,4386,722,67,"Group 2",2
146339,"Judson University","Elgin","IL","Great Lakes","Private nonprofit 4-year","Private nonprofit","4-year","City","1,000-4,999","Master's","No","No",-88.2913,42.0618,1122,888,50.7,39.1,13.3,31.8,1.9,6,74,,11,169,53.3,169,53.3,43.2,177,40,91,21331,24510,26181,23558,22704,29047,12,169,82,11,"Group 3",3
146427,"Knox College","Galesburg","IL","Great Lakes","Private nonprofit 4-year","Private nonprofit","4-year","Town","1,000-4,999","Baccalaureate","No","No",-90.3732,40.9431,1076,1076,55.8,48.2,6.3,13.1,4.4,18.6,80,,10,357,67.5,357,67.5,51.8,247,30,99,25524,15705,24006,20692,30078,30717,,243,,,"Group 1",1
146481,"Lake Forest College","Lake Forest","IL","Great Lakes","Private nonprofit 4-year","Private nonprofit","4-year","Suburb","1,000-4,999","Baccalaureate","No","No",-87.8275,42.2496,1898,1871,58.3,47.5,3.3,19.9,6.1,15.1,86,,12,355,70.4,355,70.4,63.7,445,35,100,29894,19067,19086,23694,28799,34614,,360,19,,"Group 1",1
146612,"Lewis University","Romeoville","IL","Great Lakes","Private nonprofit 4-year","Private nonprofit","4-year","Suburb","5,000-9,999","Master's","No","No",-88.079,41.6054,7903,4523,47.1,54.7,7,24,6.9,2.4,84,0,14,609,62.6,601,61.9,48.1,603,31,88,19472,10995,13255,17911,21501,24497,5,994,1127,8,"Group 2",2
146719,"Loyola University Chicago","Chicago","IL","Great Lakes","Private nonprofit 4-year","Private nonprofit","4-year","City","10,000-19,999","Doctoral","No","No",-87.6569,42.0008,19300,13532,67.9,49.3,6.1,19.5,12.5,2.6,84,0,13,2864,76.9,2660,75.5,68.7,3059,23,91,37592,28666,29489,32527,36217,40370,68,2809,1387,541,"Group 1",1
147013,"McKendree University","Lebanon","IL","Great Lakes","Private nonprofit 4-year","Private nonprofit","4-year","Suburb","1,000-4,999","Master's","No","No",-89.8168,38.6082,2158,1607,50.2,55.8,10.8,5.9,0.4,13.2,68,75,16,351,59.5,351,59.5,49.6,497,29,93,25200,23363,21177,21276,27472,26682,3,321,148,26,"Group 3",3
147244,"Millikin University","Decatur","IL","Great Lakes","Private nonprofit 4-year","Private nonprofit","4-year","City","1,000-4,999","Baccalaureate","No","No",-88.9763,39.8426,2045,1892,55.7,62.8,16.9,3.8,1.9,7.2,74,,10,474,59.1,474,59.1,48.7,362,35,93,10078,2842,5247,7953,11190,14631,,388,29,18,"Group 3",3
147341,"Monmouth College","Monmouth","IL","Great Lakes","Private nonprofit 4-year","Private nonprofit","4-year","Town","Under 1,000","Baccalaureate","No","No",-90.6373,40.9148,783,783,49.4,68.3,8.9,11.6,1.4,2.4,70,0,10,281,60.1,281,56.6,50.2,230,31,100,19088,12780,14353,15568,18615,22788,,183,,,"Group 3",3
147369,"Moody Bible Institute","Chicago","IL","Great Lakes","Private nonprofit 4-year","Private nonprofit","4-year","City","1,000-4,999","Special focus","No","No",-87.6335,41.8978,2786,2002,48.7,58.6,6.6,8.6,2.8,10.4,90,40,18,271,62,267,62.5,39.7,149,33,79,23950,26309,25436,24872,23741,23883,10,412,150,,"Group 2",2
147536,"National Louis University","Chicago","IL","Great Lakes","Private nonprofit 4-year","Private nonprofit","4-year","City","5,000-9,999","Doctoral","No","No",-87.6247,41.8801,11341,6216,70.6,16.2,18.4,43.1,1.9,3.8,56,44,17,499,36.9,499,36.9,29.3,684,57,84,15724,15357,14584,17887,21414,25279,83,689,922,107,"Group 4",4
147660,"North Central College","Naperville","IL","Great Lakes","Private nonprofit 4-year","Private nonprofit","4-year","City","1,000-4,999","Master's","No","No",-88.1428,41.7758,2963,2510,50.8,60.2,5.2,16.1,5.1,4.7,82,0,12,603,71.1,603,71.1,64.3,481,25,97,24190,13752,16536,18725,23967,27279,,582,125,,"Group 1",1
147679,"North Park University","Chicago","IL","Great Lakes","Private nonprofit 4-year","Private nonprofit","4-year","City","1,000-4,999","Master's","No","No",-87.7099,41.9753,3109,2061,58.1,31.5,9.2,32.6,8.8,11.5,69,,11,386,56,386,56,41.7,474,43,96,19910,17309,15518,17712,18776,23154,,389,239,6,"Group 3",3
147703,"Northern Illinois University","Dekalb","IL","Great Lakes","Public 4-year","Public","4-year","Suburb","10,000-19,999","Doctoral","No","No",-88.7664,41.9339,17541,12422,52.7,44,20.5,23.6,6.5,1.4,70,43,14,1831,49.6,1831,49.6,33.4,2377,46,88,13533,9047,9740,12674,17806,21307,,2552,1172,250,"Group 3",3
147767,"Northwestern University","Evanston","IL","Great Lakes","Private nonprofit 4-year","Private nonprofit","4-year","City","20,000 and above","Doctoral","No","No",-87.6799,42.0504,26993,10210,54.7,36.9,6.7,13.3,20.6,10.1,97,,6,1900,95.9,1900,95.9,87.7,2038,19,54,23341,1243,3373,6485,14059,48837,,2161,5265,1054,"Group 1",1
147776,"Northeastern Illinois University","Chicago","IL","Great Lakes","Public 4-year","Public","4-year","City","5,000-9,999","Master's","No","No",-87.719,41.9804,7373,5210,58.1,20.1,12.6,41.7,8.9,2.1,61,50,12,792,16.8,792,16.8,4,498,54,72,14669,10691,12769,15777,19805,21771,,1049,513,,"Group 4",4
147828,"Olivet Nazarene University","Bourbonnais","IL","Great Lakes","Private nonprofit 4-year","Private nonprofit","4-year","Suburb","1,000-4,999","Master's","No","No",-87.8752,41.1552,3912,2897,57.3,62.4,10.3,12.6,2.4,1.7,68,0,14,750,60.3,750,60.3,52.3,681,35,97,22707,17617,17148,19653,23922,26174,,594,306,11,"Group 3",3
148131,"Quincy University","Quincy","IL","Great Lakes","Private nonprofit 4-year","Private nonprofit","4-year","Town","1,000-4,999","Baccalaureate","No","No",-91.386,39.9389,1520,1228,48,73.5,9.7,6,1.3,4.6,64,0,14,234,42.7,234,42.7,31.2,303,30,85,17424,11549,17317,15110,20733,20306,,196,48,,"Group 3",3
148405,"Rockford University","Rockford","IL","Great Lakes","Private nonprofit 4-year","Private nonprofit","4-year","City","1,000-4,999","Master's","No","No",-89.0195,42.2706,1440,1109,56.4,36.4,12.2,16.1,2.5,9.8,70,,10,149,38.3,149,38.3,5.4,169,42,84,24098,21950,20840,21448,24280,26869,,204,102,,"Group 3",3
148487,"Roosevelt University","Chicago","IL","Great Lakes","Private nonprofit 4-year","Private nonprofit","4-year","City","1,000-4,999","Doctoral","No","No",-87.625,41.8761,4258,2695,61.3,30.8,21.6,32.1,5.2,3.6,62,67,11,788,41,436,45.6,37.2,405,46,90,21503,15863,16288,19274,23967,30033,7,600,523,77,"Group 3",3
148496,"Dominican University","River Forest","IL","Great Lakes","Private nonprofit 4-year","Private nonprofit","4-year","Suburb","1,000-4,999","Master's","No","No",-87.823,41.9027,3786,2278,70.4,21.1,5,64.2,2.8,0.7,79,50,12,441,62.4,441,62.4,49,598,49,95,16969,10934,13149,15342,20088,21367,,415,384,1,"Group 3",3
148584,"University of St Francis","Joliet","IL","Great Lakes","Private nonprofit 4-year","Private nonprofit","4-year","Suburb","1,000-4,999","Doctoral","No","No",-88.0961,41.5322,5478,1818,68,52,9.5,27.9,3.5,2.4,73,0,13,229,64.6,229,64.6,47.2,216,37,88,16455,9707,13378,15264,19548,20057,,451,437,32,"Group 3",3
148627,"Saint Xavier University","Chicago","IL","Great Lakes","Private nonprofit 4-year","Private nonprofit","4-year","City","1,000-4,999","Master's","No","No",-87.7147,41.7072,4095,3358,62.6,31.7,11.8,46.6,2.2,0,74,40,15,600,59,600,59,47.7,652,56,96,11943,9181,8699,11794,16705,18294,,692,254,,"Group 4",4
148654,"University of Illinois Springfield","Springfield","IL","Great Lakes","Public 4-year","Public","4-year","City","1,000-4,999","Master's","No","No",-89.6168,39.7295,5417,2895,54.2,61.8,13.8,10.4,4.2,3.4,81,50,14,277,61.4,244,61.5,43.4,243,36,74,9241,4473,5333,7999,11191,15232,,661,496,7,"Group 2",2
149222,"Southern Illinois University-Carbondale","Carbondale","IL","Great Lakes","Public 4-year","Public","4-year","Town","10,000-19,999","Doctoral","No","No",-89.2173,37.7142,12419,8851,50,65.5,16.7,9.6,1.9,2.4,69,10,11,1366,56.3,1322,53.9,39.9,1486,37,79,16131,12928,12082,13206,22819,23582,84,1874,664,275,"Group 3",3
149231,"Southern Illinois University-Edwardsville","Edwardsville","IL","Great Lakes","Public 4-year","Public","4-year","Suburb","10,000-19,999","Doctoral","No","No",-89.9978,38.7939,14563,10527,57.3,68.2,13.8,6.1,2.4,3.1,72,45,15,1772,55,1772,53,32.7,1827,32,76,15182,7459,9208,11954,18190,20503,,2143,870,221,"Group 3",3
149505,"Trinity Christian College","Palos Heights","IL","Great Lakes","Private nonprofit 4-year","Private nonprofit","4-year","Suburb","Under 1,000","Baccalaureate","No","No",-87.784,41.6677,1022,962,62.6,57.3,13.6,19.2,2,6.2,79,100,10,191,63.9,191,63.9,51.3,125,33,93,17218,12034,9624,11213,18986,23771,,195,24,,"Group 3",3
149514,"Trinity International University-Illinois","Deerfield","IL","Great Lakes","Private nonprofit 4-year","Private nonprofit","4-year","Suburb","Under 1,000","Doctoral","No","No",-87.8809,42.1979,1541,571,43.3,45.7,19.1,17.2,1.6,3.2,5,63,9,138,45.7,138,45.7,36.2,86,33,85,21260,17250,16898,22119,21398,25030,,101,154,31,"Group 3",3
149772,"Western Illinois University","Macomb","IL","Great Lakes","Public 4-year","Public","4-year","Town","5,000-9,999","Master's","No","No",-90.6869,40.4681,8853,6050,56.5,56.4,21.8,12.2,1.3,3.7,59,18,14,1186,44.8,1186,44.8,31.1,1062,28,72,12168,6968,7391,11608,16515,17621,,1105,829,16,"Group 3",3
149781,"Wheaton College","Wheaton","IL","Great Lakes","Private nonprofit 4-year","Private nonprofit","4-year","Suburb","1,000-4,999","Baccalaureate","No","No",-88.0996,41.8702,3149,2311,55.6,67.8,2.6,7.9,10.3,3.2,94,100,10,580,86.6,580,86.6,82.2,503,20,89,31346,17966,18623,20430,24968,35320,,563,137,6,"Group 1",1
150066,"Anderson University","Anderson","IN","Great Lakes","Private nonprofit 4-year","Private nonprofit","4-year","City","1,000-4,999","Master's","No","No",-85.6643,40.1128,1675,1436,52.4,73.5,9.9,6.4,1.7,1.1,70,0,10,346,49.4,346,49.4,42.5,323,36,95,21914,19260,19931,20975,23204,25576,3,242,50,5,"Group 3",3
150136,"Ball State University","Muncie","IN","Great Lakes","Public 4-year","Public","4-year","City","20,000 and above","Doctoral","No","No",-85.409,40.2034,22784,15631,60.9,74.1,9.4,7.3,2.2,0.6,77,38,15,3994,63.3,3966,62.7,51,3460,34,69,13017,7233,9717,14882,19748,21756,60,3028,2088,69,"Group 2",2
150145,"Bethel University","Mishawaka","IN","Great Lakes","Private nonprofit 4-year","Private nonprofit","4-year","City","1,000-4,999","Master's","No","No",-86.1947,41.6784,1486,1316,60.3,67.7,8.1,10.5,2.1,6.2,70,0,12,229,57.2,224,56.7,51.3,247,35,86,20058,14050,14913,19984,25516,23916,13,246,65,,"Group 3",3
150163,"Butler University","Indianapolis","IN","Great Lakes","Private nonprofit 4-year","Private nonprofit","4-year","City","5,000-9,999","Master's","No","No",-86.1722,39.8374,6088,4576,59,79.7,4.3,6.3,3.9,1.3,88,100,11,1053,80.2,978,78.6,71.9,1199,14,93,40140,28607,31406,36016,39491,42961,,852,245,196,"Group 1",1
150400,"DePauw University","Greencastle","IN","Great Lakes","Private nonprofit 4-year","Private nonprofit","4-year","Town","1,000-4,999","Baccalaureate","No","No",-86.8604,39.6409,1782,1782,50.3,58.4,5.7,8,2.7,21,89,,10,595,80,595,80,73.1,536,16,98,30507,12267,16184,17459,24646,33816,,345,,,"Group 1",1
150455,"Earlham College","Richmond","IN","Great Lakes","Private nonprofit 4-year","Private nonprofit","4-year","Town","Under 1,000","Baccalaureate","No","No",-84.915,39.8234,713,638,53.4,53.4,7.4,8.8,2.7,18.2,80,,7,287,67.9,287,67.9,61,173,25,96,26517,18306,20515,22527,25618,29101,,140,23,,"Group 1",1
150534,"University of Evansville","Evansville","IN","Great Lakes","Private nonprofit 4-year","Private nonprofit","4-year","City","1,000-4,999","Master's","No","No",-87.5316,37.9715,2442,2022,62,66.4,6.6,4.4,2.7,4.4,77,,10,442,71.3,440,71.1,59.5,377,23,83,21611,14270,17162,20027,20240,26264,,376,72,46,"Group 1",1
150604,"Franklin College","Franklin","IN","Great Lakes","Private nonprofit 4-year","Private nonprofit","4-year","Suburb","Under 1,000","Baccalaureate","No","No",-86.0472,39.4783,1005,915,47.4,80.4,5.7,5.4,1.9,1,71,0,12,265,63.4,265,63.4,60.8,245,39,97,23843,19031,18645,18436,25471,28694,,170,28,,"Group 3",3
150668,"Goshen College","Goshen","IN","Great Lakes","Private nonprofit 4-year","Private nonprofit","4-year","City","Under 1,000","Baccalaureate","No","No",-85.8278,41.5636,805,751,61.1,47.5,4.5,29.3,2.3,10.8,78,100,9,215,60.5,215,60.5,48.4,165,37,96,17040,11059,13394,15681,17823,19195,,152,22,,"Group 3",3
150677,"Grace College and Theological Seminary","Winona Lake","IN","Great Lakes","Private nonprofit 4-year","Private nonprofit","4-year","Town","1,000-4,999","Master's","No","No",-85.8142,41.2259,2274,1775,60.8,80,3,7.9,1.8,3.5,80,,23,349,69.9,348,69.5,67.8,445,29,83,21680,6409,10952,15080,22537,26101,25,316,129,5,"Group 2",2
150756,"Hanover College","Hanover","IN","Great Lakes","Private nonprofit 4-year","Private nonprofit","4-year","Town","1,000-4,999","Baccalaureate","No","No",-85.4601,38.7156,1138,965,49.8,77.1,4.7,2.6,0.6,5.4,83,,11,343,63.6,343,63.6,59.2,280,26,100,22929,16238,16137,19624,23666,26545,,215,,72,"Group 1",1
150774,"Holy Cross College","Notre Dame","IN","Great Lakes","Private nonprofit 4-year","Private nonprofit","4-year","Suburb","Under 1,000","Baccalaureate","No","No",-86.2538,41.699,467,467,42.8,52,5.8,23.8,1.5,5.6,79,,12,190,29.5,190,26.8,23.7,183,29,82,24214,13969,15859,18845,24241,33940,47,63,,,"Group 3",3
150941,"Huntington University","Huntington","IN","Great Lakes","Private nonprofit 4-year","Private nonprofit","4-year","Town","1,000-4,999","Master's","No","No",-85.4973,40.8982,1575,1293,60,81.1,3.2,5.6,1.5,3,77,75,10,217,68.2,217,68.2,61.3,252,29,77,21149,10313,10338,10726,14351,19550,,207,38,43,"Group 3",3
151102,"Purdue University Fort Wayne","Fort Wayne","IN","Great Lakes","Public 4-year","Public","4-year","City","5,000-9,999","Master's","No","No",-85.109,41.1173,10380,9514,52.1,73.5,5.8,9.3,4.8,1.9,64,34,13,1475,32.5,1456,32.1,21.5,1172,23,71,12619,6813,7481,11933,16700,17670,59,1054,265,,"Group 3",3
151111,"Indiana University-Indianapolis","Indianapolis","IN","Great Lakes","Public 4-year","Public","4-year","City","20,000 and above","Doctoral","No","No",-86.1722,39.7729,29739,20055,59.6,60.3,10.9,12.8,6.8,3,72,56,14,3928,53.9,3875,53.8,38.7,3399,36,69,11592,5748,6752,11445,18012,19866,70,4138,1884,919,"Group 3",3
151263,"University of Indianapolis","Indianapolis","IN","Great Lakes","Private nonprofit 4-year","Private nonprofit","4-year","City","5,000-9,999","Doctoral","No","No",-86.134,39.7096,5882,4165,61.6,54.1,12.5,8.3,3.6,12.7,68,20,12,1136,55.8,1129,55.6,45,851,36,92,19903,14352,13702,17093,23380,26125,26,893,302,153,"Group 3",3
151290,"Indiana Institute of Technology","Fort Wayne","IN","Great Lakes","Private nonprofit 4-year","Private nonprofit","4-year","City","1,000-4,999","Master's","No","No",-85.1165,41.0784,3186,1607,41.9,47.4,14.7,5.4,2.3,8.9,66,0,16,669,31.4,530,35.5,21.3,447,34,90,22148,17346,17260,19579,24780,24341,4,221,404,10,"Group 3",3
151306,"University of Southern Indiana","Evansville","IN","Great Lakes","Public 4-year","Public","4-year","Suburb","5,000-9,999","Master's","No","No",-87.6772,37.9624,10955,8246,63.3,83.2,3.8,4.3,2.1,1.5,69,71,14,1692,52,1673,51.8,37.8,1234,22,58,14066,7102,9159,13194,17062,17421,36,1263,809,8,"Group 3",3
151324,"Indiana State University","Terre Haute","IN","Great Lakes","Public 4-year","Public","4-year","City","5,000-9,999","Doctoral","No","No",-87.4078,39.4691,9888,7792,56.7,67.9,16.8,7.3,1.6,1,69,40,17,2671,41.1,2671,41.1,30.2,1525,39,73,13321,7702,8876,11400,17908,19574,,1565,454,109,"Group 4",4
151333,"Indiana University-Kokomo","Kokomo","IN","Great Lakes","Public 4-year","Public","4-year","City","1,000-4,999","Master's","No","No",-86.132,40.4601,5281,5030,62.5,79,3.9,8.9,1.9,0.7,67,40,14,590,44.7,573,44,31.2,495,35,68,6459,1299,3450,7224,10847,11854,16,515,78,,"Group 3",3
151342,"Indiana University-South Bend","South Bend","IN","Great Lakes","Public 4-year","Public","4-year","City","1,000-4,999","Master's","No","No",-86.222,41.6653,7878,7176,62.2,65.9,7.4,17.1,2.7,0.9,67,39,14,915,35.7,869,36.2,20.1,690,41,65,8090,4347,5039,9272,14551,15174,21,640,133,,"Group 4",4
151351,"Indiana University-Bloomington","Bloomington","IN","Great Lakes","Public 4-year","Public","4-year","City","20,000 and above","Doctoral","No","No",-86.5266,39.1661,61491,48857,51.2,67,5.4,9,8.5,4.2,91,81,18,7964,81.2,7964,81.2,71.5,9709,17,66,16282,6125,7383,12311,20828,24018,1,7239,3372,728,"Group 2",2
151360,"Indiana University-Northwest","Gary","IN","Great Lakes","Public 4-year","Public","4-year","Suburb","1,000-4,999","Master's","No","No",-87.3372,41.5573,5655,5231,69.7,52.3,14.9,24.2,3,0.2,69,62,14,559,36.9,543,36.3,22.3,389,43,83,5553,2164,2616,8589,12463,13021,31,524,92,,"Group 4",4
151379,"Indiana University-Southeast","New Albany","IN","Great Lakes","Public 4-year","Public","4-year","Suburb","1,000-4,999","Master's","No","No",-85.82,38.3452,5547,4886,62.3,79,6.7,6.4,2.4,0.5,70,51,13,865,33.4,861,33.2,26,566,34,79,8829,4253,4592,8343,12726,12852,8,711,170,,"Group 3",3
151388,"Indiana University-East","Richmond","IN","Great Lakes","Public 4-year","Public","4-year","Town","1,000-4,999","Master's","No","No",-84.8819,39.8687,5241,4859,63.6,76.5,5.5,6.7,3,1.8,63,65,14,377,45.4,377,45.4,33.4,312,34,56,9484,5216,6260,11061,13497,14863,,598,63,,"Group 3",3
151777,"Manchester University","North Manchester","IN","Great Lakes","Private nonprofit 4-year","Private nonprofit","4-year","Town","1,000-4,999","Master's","No","No",-85.7622,41.0115,1303,998,52.5,58.6,7.9,8,0.8,0.4,72,,13,397,44.8,397,44.8,37,257,44,95,19367,12895,13031,16949,21089,25938,,199,54,60,"Group 3",3
151786,"Marian University","Indianapolis","IN","Great Lakes","Private nonprofit 4-year","Private nonprofit","4-year","City","1,000-4,999","Doctoral","No","No",-86.2026,39.8132,4934,3714,68.4,57.4,16.5,10.9,3.6,2.3,77,,13,338,60.9,338,60.9,43.5,462,23,63,23225,24435,20235,22711,25398,24074,11,648,165,170,"Group 3",3
151801,"Indiana Wesleyan University-Marion","Marion","IN","Great Lakes","Private nonprofit 4-year","Private nonprofit","4-year","Town","1,000-4,999","Master's","No","No",-85.6675,40.5179,2708,2279,63.2,80.3,4.9,4.3,2.4,1.5,79,,12,784,66.3,784,65.6,57.9,580,25,94,23364,18803,18267,18962,23495,27229,11,521,12,15,"Group 1",1
152080,"University of Notre Dame","Notre Dame","IN","Great Lakes","Private nonprofit 4-year","Private nonprofit","4-year","Suburb","10,000-19,999","Doctoral","No","No",-86.239,41.7031,13618,9157,48.9,62.7,4,12.8,5.6,7.3,98,,9,2049,96.8,2049,96.8,92.7,2037,12,61,29083,8873,6216,14841,20449,46879,,2232,1194,437,"Group 1",1
152318,"Rose-Hulman Institute of Technology","Terre Haute","IN","Great Lakes","Private nonprofit 4-year","Private nonprofit","4-year","City","1,000-4,999","Special focus","No","No",-87.3267,39.4836,2279,2255,24.6,67.5,3.9,5.1,7.6,8.4,91,,11,557,81.7,557,81.7,67.9,598,12,98,44016,33862,32345,34656,37396,45616,,373,24,,"Group 1",1
152336,"University of Saint Francis-Fort Wayne","Fort Wayne","IN","Great Lakes","Private nonprofit 4-year","Private nonprofit","4-year","City","1,000-4,999","Master's","No","No",-85.1772,41.0872,2290,1760,67.4,64.3,10.3,10.1,1.8,2.4,66,25,11,450,60.7,421,59.9,49.6,359,43,96,20897,19135,16075,18814,22032,24003,113,268,193,12,"Group 3",3
152381,"Saint Mary-of-the-Woods College","Saint Mary of the Woods","IN","Great Lakes","Private nonprofit 4-year","Private nonprofit","4-year","Rural","1,000-4,999","Master's","No","No",-87.4638,39.5085,1394,1016,76.9,75.9,8.3,6.9,1,1.5,67,0,9,132,52.3,131,52.7,48.1,199,51,95,18470,40812,41307,44117,46408,46639,5,129,64,,"Group 3",3
152390,"Saint Mary's College","Notre Dame","IN","Great Lakes","Private nonprofit 4-year","Private nonprofit","4-year","Suburb","1,000-4,999","Baccalaureate","No","No",-86.2569,41.7073,1587,1469,98.7,74.5,1.8,14.6,1.6,0.8,84,,8,362,76.5,362,76.5,70.7,397,24,98,30389,17918,26610,21529,30396,33026,,326,38,9,"Group 1",1
152530,"Taylor University","Upland","IN","Great Lakes","Private nonprofit 4-year","Private nonprofit","4-year","Rural","1,000-4,999","Baccalaureate","No","No",-85.497,40.4562,2561,2510,53.5,79,3.7,4.9,3,4.7,91,,14,448,76.6,448,76.6,69,519,13,80,25698,12612,16511,21003,25647,28408,2,421,19,,"Group 1",1
152567,"Trine University","Angola","IN","Great Lakes","Private nonprofit 4-year","Private nonprofit","4-year","Town","1,000-4,999","Baccalaureate","No","No",-85.008,41.6325,4734,4461,49.2,81.3,3.9,6.5,2.3,1.3,85,,18,602,67.6,602,66.6,56.5,653,16,58,25580,18615,16845,21043,25080,29763,12,482,51,37,"Group 2",2
152600,"Valparaiso University","Valparaiso","IN","Great Lakes","Private nonprofit 4-year","Private nonprofit","4-year","Suburb","1,000-4,999","Doctoral","No","No",-87.0402,41.4622,3192,2490,57.8,69.8,6.5,10.6,3.1,4.9,79,100,11,807,67,807,67,58.1,603,26,96,23168,14476,15334,20556,23539,26871,1,615,217,14,"Group 1",1
152673,"Wabash College","Crawfordsville","IN","Great Lakes","Private nonprofit 4-year","Private nonprofit","4-year","Town","Under 1,000","Baccalaureate","No","No",-86.906,40.0376,840,840,0,73,3.6,11.3,1.5,5.4,86,,9,231,77.1,231,77.1,70.6,258,23,100,23913,15586,15820,14117,19613,29968,,175,,,"Group 1",1
152992,"Briar Cliff University","Sioux City","IA","Plains","Private nonprofit 4-year","Private nonprofit","4-year","City","Under 1,000","Doctoral","No","No",-96.4284,42.5264,1005,750,52.8,57.1,7.2,17.3,1.2,5.9,60,,12,158,49.4,158,49.4,35.4,176,30,82,23292,19435,17357,23260,23338,25265,,109,34,30,"Group 3",3
153001,"Buena Vista University","Storm Lake","IA","Plains","Private nonprofit 4-year","Private nonprofit","4-year","Town","1,000-4,999","Master's","No","No",-95.2085,42.6423,2634,1883,68.1,79.2,2.5,10,0.7,1.1,76,,13,203,47.3,203,47.3,35,236,43,89,18156,14583,15328,16286,19059,22791,,387,222,,"Group 3",3
153108,"Central College","Pella","IA","Plains","Private nonprofit 4-year","Private nonprofit","4-year","Town","1,000-4,999","Baccalaureate","No","No",-92.9222,41.4015,1303,1303,48.7,81.6,2.9,6.8,2.1,0.2,73,,12,321,69.2,321,69.2,58.9,351,21,100,22499,14745,16426,19418,22308,25764,,219,,,"Group 3",3
153126,"Clarke University","Dubuque","IA","Plains","Private nonprofit 4-year","Private nonprofit","4-year","City","1,000-4,999","Doctoral","No","No",-90.6905,42.5095,1019,832,46,58.5,12.6,9.6,0.8,7.8,67,,10,162,54.9,162,54.9,43.8,193,36,92,25692,23570,23640,22569,26435,10870,4,140,41,35,"Group 3",3
153144,"Coe College","Cedar Rapids","IA","Plains","Private nonprofit 4-year","Private nonprofit","4-year","City","1,000-4,999","Baccalaureate","No","No",-91.6582,41.9883,1326,1326,56.3,62.6,9.8,12.2,2.6,4.5,77,,11,400,59,400,59,50.2,363,36,98,20940,12657,13250,16889,20555,27413,,250,,,"Group 3",3
153162,"Cornell College","Mount Vernon","IA","Plains","Private nonprofit 4-year","Private nonprofit","4-year","Town","1,000-4,999","Baccalaureate","No","No",-91.4237,41.9246,1185,1170,47.7,72.3,7,9.6,4,2.6,74,,12,300,71.7,300,71.7,67,329,29,99,25850,18285,17873,22174,26134,30897,,182,4,,"Group 1",1
153250,"Dordt University","Sioux Center","IA","Plains","Private nonprofit 4-year","Private nonprofit","4-year","Town","1,000-4,999","Master's","No","No",-96.1666,43.0825,2062,1751,50.1,76.6,2.4,2.5,1.9,10.2,85,50,14,398,65.3,369,67.2,62.9,438,18,91,27925,20966,20971,23110,26192,31607,30,314,93,,"Group 1",1
153269,"Drake University","Des Moines","IA","Plains","Private nonprofit 4-year","Private nonprofit","4-year","City","1,000-4,999","Doctoral","No","No",-93.6522,41.6013,5226,2944,59.6,71.3,6.4,7.3,5.2,4.2,84,50,10,758,77.3,696,76.6,67.5,731,21,97,30886,27372,25335,26358,32215,32993,19,697,426,257,"Group 1",1
153278,"University of Dubuque","Dubuque","IA","Plains","Private nonprofit 4-year","Private nonprofit","4-year","City","1,000-4,999","Master's","No","No",-90.6934,42.4973,1907,1529,39.8,67.6,11.7,6.3,0.9,3.3,71,100,11,514,41.1,514,41.1,31.7,316,40,92,25216,16617,19871,20992,22386,26752,4,298,133,5,"Group 3",3
153366,"Graceland University-Lamoni","Lamoni","IA","Plains","Private nonprofit 4-year","Private nonprofit","4-year","Rural","1,000-4,999","Master's","No","No",-93.9249,40.616,1415,987,45.8,48,15.7,10.6,1.1,10.2,64,,14,253,38.3,253,38.3,30,202,45,91,16632,14414,15979,14173,17970,19613,,204,142,5,"Group 4",4
153375,"Grand View University","Des Moines","IA","Plains","Private nonprofit 4-year","Private nonprofit","4-year","City","1,000-4,999","Master's","No","No",-93.601,41.62,2111,1711,54.3,59.3,9.8,10.3,3.4,3.3,73,100,12,328,55.8,328,55.8,46.3,330,38,97,22296,19216,20268,19778,19911,25025,,387,84,,"Group 3",3
153384,"Grinnell College","Grinnell","IA","Plains","Private nonprofit 4-year","Private nonprofit","4-year","Town","1,000-4,999","Baccalaureate","No","No",-92.7221,41.748,1790,1790,52.5,52.4,4.6,8.3,7.4,19,93,,9,447,87.5,447,87.5,74.3,437,17,88,33446,6739,6235,6220,16891,36265,,390,,,"Group 1",1
153603,"Iowa State University","Ames","IA","Plains","Public 4-year","Public","4-year","City","20,000 and above","Doctoral","No","No",-93.6485,42.0262,32126,26677,44.4,76.4,2.8,7.1,4.3,3.5,88,70,18,5757,75.5,5757,75.5,54.5,5683,18,73,17354,11734,12465,15430,19807,21827,,5853,845,562,"Group 2",2
153658,"University of Iowa","Iowa City","IA","Plains","Public 4-year","Public","4-year","City","20,000 and above","Doctoral","No","No",-91.5364,41.6619,32773,23688,55.5,74,3.2,8.8,4.9,2.1,89,81,15,4707,73.1,4707,73.1,57.2,5157,18,68,20121,13811,16220,20136,22711,24580,,5038,1710,936,"Group 2",2
153825,"Loras College","Dubuque","IA","Plains","Private nonprofit 4-year","Private nonprofit","4-year","City","1,000-4,999","Baccalaureate","No","No",-90.679,42.5039,1410,1290,42.4,71.2,4.9,9.4,1.2,4.1,83,,12,335,69.9,335,69.9,49,286,25,98,22338,18571,14851,16930,22489,23295,,296,36,,"Group 1",1
153834,"Luther College","Decorah","IA","Plains","Private nonprofit 4-year","Private nonprofit","4-year","Town","1,000-4,999","Baccalaureate","No","No",-91.8028,43.3123,1637,1637,54.4,74.6,3.1,6.6,1.8,11.1,79,,10,516,75,516,75,63.4,400,19,99,24790,16937,17977,22180,25995,31047,,383,,,"Group 1",1
154004,"Morningside University","Sioux City","IA","Plains","Private nonprofit 4-year","Private nonprofit","4-year","City","1,000-4,999","Master's","No","No",-96.3595,42.4739,2929,1219,50.6,63,3.7,8.4,1.5,8,69,,12,352,52.8,352,52.8,42,346,32,96,23482,20667,21418,22086,24653,25258,,248,296,5,"Group 3",3
154013,"Mount Mercy University","Cedar Rapids","IA","Plains","Private nonprofit 4-year","Private nonprofit","4-year","City","1,000-4,999","Master's","No","No",-91.651,42.0019,1785,1459,62.9,70.1,6.6,2.5,2.3,7.1,70,100,13,238,55.9,238,55.9,51.7,221,26,87,23972,17255,25779,21217,25021,25996,,318,130,3,"Group 3",3
154095,"University of Northern Iowa","Cedar Falls","IA","Plains","Public 4-year","Public","4-year","City","5,000-9,999","Master's","No","No",-92.4597,42.5149,10196,8489,61.7,83,3.3,5.7,1.6,1.4,85,64,17,1806,68.9,1806,68.9,45.2,1425,24,66,15931,10170,11136,13872,16058,16396,,1992,323,17,"Group 2",2
154101,"Northwestern College","Orange City","IA","Plains","Private nonprofit 4-year","Private nonprofit","4-year","Town","1,000-4,999","Master's","No","No",-96.0588,42.999,2135,1266,55.2,74.9,2.2,6.4,1.3,3.6,80,,14,280,63.6,280,63.6,57.1,288,23,96,24737,21342,22811,20674,21234,26036,,244,152,,"Group 2",2
154235,"Saint Ambrose University","Davenport","IA","Plains","Private nonprofit 4-year","Private nonprofit","4-year","City","1,000-4,999","Doctoral","No","No",-90.5799,41.5406,2901,2234,54.2,71.5,5.6,10.3,1.9,2.6,84,0,11,541,62.8,541,62.8,54.2,458,28,95,23578,20300,17945,20111,24236,25806,,554,213,68,"Group 1",1
154350,"Simpson College","Indianola","IA","Plains","Private nonprofit 4-year","Private nonprofit","4-year","Town","1,000-4,999","Baccalaureate","No","No",-93.5635,41.3655,1288,1211,52.4,77.5,3.6,8.9,1.4,2,76,0,11,297,65.7,297,65.7,52.5,301,33,97,23637,15172,17775,19007,24744,26854,,265,16,,"Group 3",3
154493,"Upper Iowa University","Fayette","IA","Plains","Private nonprofit 4-year","Private nonprofit","4-year","Rural","1,000-4,999","Master's","No","No",-91.7995,42.8383,5739,4377,57.8,55.3,16.8,9.3,4,4.2,59,28,22,217,41.5,197,42.1,29.4,187,33,69,22427,27503,19324,19842,21127,25690,54,632,221,,"Group 4",4
154527,"Wartburg College","Waverly","IA","Plains","Private nonprofit 4-year","Private nonprofit","4-year","Town","1,000-4,999","Baccalaureate","No","No",-92.4834,42.7277,1478,1447,50.5,79.5,4.5,4,0.6,6.4,80,,13,449,66.8,449,66.8,54.1,351,21,90,23321,16146,16390,19521,22654,26429,,319,15,,"Group 1",1
154590,"William Penn University","Oskaloosa","IA","Plains","Private nonprofit 4-year","Private nonprofit","4-year","Town","1,000-4,999","Baccalaureate","No","No",-92.6471,41.3101,1667,1586,51.3,58.3,16,9.8,0.9,4.5,56,25,13,277,29.2,277,29.2,21.7,313,46,95,22361,19613,19318,21898,22454,24384,,265,27,,"Group 3",3
154688,"Baker University","Baldwin City","KS","Plains","Private nonprofit 4-year","Private nonprofit","4-year","Rural","1,000-4,999","Doctoral","No","No",-95.1873,38.7787,2682,1927,55.2,71.4,7.1,8.8,3.7,1.9,74,67,12,256,59.4,256,59.4,47.3,229,24,63,23410,18256,15729,20669,24365,27999,3,287,231,34,"Group 3",3
154712,"Benedictine College","Atchison","KS","Plains","Private nonprofit 4-year","Private nonprofit","4-year","Town","1,000-4,999","Baccalaureate","No","No",-95.1139,39.5731,2479,2370,51.1,77,3,11.2,1.6,1.1,80,,15,438,65.1,438,65.1,56.6,593,16,94,28451,22718,21531,23404,26224,30253,,414,55,,"Group 1",1
154721,"Bethany College","Lindsborg","KS","Plains","Private nonprofit 4-year","Private nonprofit","4-year","Rural","Under 1,000","Baccalaureate","No","No",-97.6737,38.5806,785,785,43.1,51.7,17.8,17.3,1.8,5.7,49,,12,279,28.7,279,28.7,24,259,43,92,29571,28825,25052,27685,30367,32651,,130,,,"Group 3",3
154749,"Bethel College-North Newton","North Newton","KS","Plains","Private nonprofit 4-year","Private nonprofit","4-year","Town","Under 1,000","Baccalaureate","No","No",-97.3433,38.0752,513,513,46.8,53.2,18.9,15.8,1.8,4.1,60,,11,123,43.1,123,43.1,27.6,111,39,98,24879,25905,22911,21747,22800,24435,,83,,,"Group 3",3
154855,"Central Christian College of Kansas","McPherson","KS","Plains","Private nonprofit 4-year","Private nonprofit","4-year","Town","Under 1,000","Baccalaureate","No","No",-97.6686,38.358,738,703,52.8,55,11,19.1,1.8,1.4,59,100,11,178,23,144,25.7,22.2,111,43,70,12217,9369,8529,12873,17717,14195,21,97,22,,"Group 4",4
155025,"Emporia State University","Emporia","KS","Plains","Public 4-year","Public","4-year","Town","1,000-4,999","Master's","No","No",-96.179,38.4148,6660,3065,62.5,69.8,3.6,5.8,1.2,3.9,67,67,17,604,54.3,604,54.3,38.6,534,34,81,15441,10658,10763,15438,18019,18347,,710,1207,3,"Group 3",3
155061,"Fort Hays State University","Hays","KS","Plains","Public 4-year","Public","4-year","Town","10,000-19,999","Master's","No","No",-99.3425,38.8722,16968,13470,58.8,44.4,2.7,4.7,1.3,1.9,77,39,14,976,47.8,932,48,32.7,760,22,40,13774,9964,10228,12389,16573,16847,40,2477,794,10,"Group 3",3
155089,"Friends University","Wichita","KS","Plains","Private nonprofit 4-year","Private nonprofit","4-year","City","1,000-4,999","Master's","No","No",-97.367,37.6785,3541,2156,55.4,52,9.7,18.3,3.9,2.2,70,20,14,174,61.5,174,61.5,52.3,260,34,78,22579,17538,18122,23404,27432,33926,,209,211,,"Group 3",3
155317,"University of Kansas","Lawrence","KS","Plains","Public 4-year","Public","4-year","City","20,000 and above","Doctoral","No","No",-95.2476,38.9585,29413,20850,53.5,67.8,4.4,9.9,6,4.7,85,50,17,4072,68.8,4072,68.8,53.7,4371,20,70,18322,10908,12702,16097,20649,21310,,4010,1500,992,"Group 2",2
155335,"Newman University","Wichita","KS","Plains","Private nonprofit 4-year","Private nonprofit","4-year","City","1,000-4,999","Master's","No","No",-97.3777,37.6726,4168,3327,61,65.3,3,16.5,5.7,2.1,71,,13,212,53.8,207,54.6,38.2,177,12,34,19315,18579,15764,17055,19477,21726,25,199,123,,"Group 3",3
155399,"Kansas State University","Manhattan","KS","Plains","Public 4-year","Public","4-year","City","10,000-19,999","Doctoral","No","No",-96.5811,39.1886,21976,16359,50.5,78.1,3,8.9,1.9,2.6,87,54,18,3308,70.5,3300,70.4,46.9,2839,19,76,18745,10742,11964,14458,19880,21843,41,3341,1105,340,"Group 2",2
155414,"Kansas Wesleyan University","Salina","KS","Plains","Private nonprofit 4-year","Private nonprofit","4-year","Town","Under 1,000","Baccalaureate","No","No",-97.608,38.8138,939,856,42.5,57.2,14.8,18.9,1.4,1.2,60,,13,182,38.5,182,38.5,33.5,234,41,95,23419,19098,21369,24994,23583,26027,,125,38,,"Group 3",3
155511,"McPherson College","McPherson","KS","Plains","Private nonprofit 4-year","Private nonprofit","4-year","Town","Under 1,000","Baccalaureate","No","No",-97.643,38.3714,858,849,32,51.5,13.5,17.9,2.1,7.9,65,,13,200,52,200,52,43.5,250,34,99,25490,20869,21172,25387,27314,28232,,167,6,,"Group 3",3
155520,"MidAmerica Nazarene University","Olathe","KS","Plains","Private nonprofit 4-year","Private nonprofit","4-year","Suburb","1,000-4,999","Master's","No","No",-94.7815,38.8752,1781,1354,54.2,50.2,12.3,4.7,1.1,5.6,61,,10,221,46.2,221,45.7,37.1,233,28,74,29992,25447,24595,27986,32035,34162,4,275,120,,"Group 3",3
155627,"Ottawa University-Ottawa","Ottawa","KS","Plains","Private nonprofit 4-year","Private nonprofit","4-year","Town","1,000-4,999","Baccalaureate","No","No",-95.2642,38.6032,1101,976,41.6,53.5,15.4,15.2,1.2,5.2,58,6,15,195,28.7,195,28.7,23.1,243,35,100,28126,21092,25749,28099,29480,30254,,133,36,,"Group 3",3
155681,"Pittsburg State University","Pittsburg","KS","Plains","Public 4-year","Public","4-year","Town","5,000-9,999","Master's","No","No",-94.7025,37.3921,7099,5020,50.5,77.2,3.4,7.5,0.8,2.8,78,70,15,983,57.6,950,53.9,33.6,837,32,80,19357,17392,17369,18833,20287,19715,34,1030,613,15,"Group 2",2
155812,"University of Saint Mary","Leavenworth","KS","Plains","Private nonprofit 4-year","Private nonprofit","4-year","Town","1,000-4,999","Master's","No","No",-94.9067,39.2794,1543,1008,48.4,54.7,12.6,19.2,1.2,1.5,64,0,12,143,44.1,143,44.1,35.7,197,37,84,23611,24278,19319,22716,22476,24862,1,157,93,41,"Group 3",3
155900,"Southwestern College","Winfield","KS","Plains","Private nonprofit 4-year","Private nonprofit","4-year","Town","1,000-4,999","Baccalaureate","No","No",-96.9754,37.2486,1651,1489,31.8,41,15.4,14.1,2.6,2.1,53,43,11,188,33.5,188,33.5,29.8,196,39,70,27337,24537,26844,24641,27101,31218,,318,37,9,"Group 3",3
155937,"Sterling College","Sterling","KS","Plains","Private nonprofit 4-year","Private nonprofit","4-year","Rural","Under 1,000","Baccalaureate","No","No",-98.2086,38.2199,805,780,40.5,56.7,10.6,11.5,0.5,7.9,59,100,9,217,29,217,29,18.9,151,32,74,22996,18043,20530,21760,25757,25938,,92,7,,"Group 3",3
155973,"Tabor College","Hillsboro","KS","Plains","Private nonprofit 4-year","Private nonprofit","4-year","Rural","Under 1,000","Baccalaureate","No","No",-97.1998,38.3486,796,638,40.4,60.7,9.9,15.7,0.3,5.6,66,,15,149,32.9,149,32.9,32.2,151,38,90,19998,18085,17138,22280,21255,21354,,89,46,,"Group 3",3
156082,"Washburn University","Topeka","KS","Plains","Public 4-year","Public","4-year","City","5,000-9,999","Master's","No","No",-95.7022,39.0338,6302,5444,63.9,62.6,7.5,13.4,2.1,4.4,69,31,13,819,52.6,795,41.4,25.4,738,31,63,12894,9589,10136,13702,17518,17323,233,699,143,108,"Group 3",3
156125,"Wichita State University","Wichita","KS","Plains","Public 4-year","Public","4-year","City","10,000-19,999","Doctoral","No","No",-97.2924,37.7189,18874,13648,56.6,52.6,6,15.3,6.9,11.1,68,36,20,1501,51.4,1501,51.3,31.1,1762,30,59,14184,10914,11084,14240,17670,18751,55,2172,1199,113,"Group 2",2
156189,"Alice Lloyd College","Pippa Passes","KY","Southeast","Private nonprofit 4-year","Private nonprofit","4-year","Rural","Under 1,000","Baccalaureate","No","No",-82.8751,37.3351,599,599,47.6,92.3,5.3,1.5,0.2,0,58,,14,220,26.4,220,26.4,17.7,186,56,98,18066,16717,16334,17436,20709,20723,,92,,,"Group 4",4
156213,"Asbury University","Wilmore","KY","Southeast","Private nonprofit 4-year","Private nonprofit","4-year","Town","1,000-4,999","Master's","No","No",-84.6626,37.862,1844,1543,60.1,77,4.5,7.3,1.5,5.2,84,63,12,320,65,320,65,56.6,287,26,80,21375,15895,15167,20098,21455,26463,1,265,89,,"Group 1",1
156286,"Bellarmine University","Louisville","KY","Southeast","Private nonprofit 4-year","Private nonprofit","4-year","City","1,000-4,999","Doctoral","No","No",-85.705,38.2193,3314,2543,61.8,72.9,8.2,7.4,3.2,2,75,,13,679,67.7,679,67.7,59.2,546,25,94,24432,18542,18905,20870,25093,29302,,619,183,98,"Group 3",3
156295,"Berea College","Berea","KY","Southeast","Private nonprofit 4-year","Private nonprofit","4-year","Town","1,000-4,999","Baccalaureate","No","No",-84.2929,37.572,1450,1450,59,44,18.6,15.2,3.9,8.3,88,,9,432,62,432,62,41.2,352,81,99,4379,4070,3613,5844,7570,,,311,,,"Group 4",4
156356,"Brescia University","Owensboro","KY","Southeast","Private nonprofit 4-year","Private nonprofit","4-year","City","Under 1,000","Baccalaureate","No","No",-87.1116,37.769,772,668,58.8,63.3,10,5.4,2.5,0.3,57,0,8,124,46,105,44.8,36.2,99,43,90,15087,14897,10651,12467,14790,20215,9,155,55,,"Group 3",3
156365,"Campbellsville University","Campbellsville","KY","Southeast","Private nonprofit 4-year","Private nonprofit","4-year","Town","10,000-19,999","Master's","No","No",-85.3489,37.3433,15400,7979,60.7,73.5,7.5,4.5,2.4,4.5,60,15,21,522,47.1,507,46.2,40.2,654,22,36,18777,16491,17707,16425,20863,22636,64,430,1766,,"Group 2",2
156408,"Centre College","Danville","KY","Southeast","Private nonprofit 4-year","Private nonprofit","4-year","Town","1,000-4,999","Baccalaureate","No","No",-84.7794,37.6457,1372,1372,51.7,72.2,5.7,7.3,4.2,5.5,88,,10,401,85.3,401,85.3,80.8,400,21,98,23780,10779,13431,17317,22346,28164,,287,,,"Group 1",1
156541,"University of the Cumberlands","Williamsburg","KY","Southeast","Private nonprofit 4-year","Private nonprofit","4-year","Town","20,000 and above","Doctoral","No","No",-84.1616,36.737,25381,6538,66.9,60.4,3.7,0.4,0.7,0.9,81,17,19,426,46.2,421,44.4,30.2,648,48,77,11555,4895,5965,11476,17072,18953,160,1082,3929,377,"Group 4",4
156620,"Eastern Kentucky University","Richmond","KY","Southeast","Public 4-year","Public","4-year","Town","10,000-19,999","Doctoral","No","No",-84.3008,37.7408,16842,13910,58.6,80.6,6.8,4.9,1.3,0.7,80,31,15,2519,49.7,2133,55,39.7,2532,39,84,10852,7107,7006,9326,14213,15362,120,2264,737,62,"Group 2",2
156745,"Georgetown College","Georgetown","KY","Southeast","Private nonprofit 4-year","Private nonprofit","4-year","Town","1,000-4,999","Baccalaureate","No","No",-84.5538,38.2076,1678,1293,52.8,75.6,8.4,6.2,0.5,4.4,68,,15,305,47.5,305,47.5,42.3,356,34,98,14878,8926,8329,9698,16607,19770,,177,119,,"Group 3",3
157058,"Kentucky State University","Frankfort","KY","Southeast","Public 4-year","Public","4-year","Town","1,000-4,999","Baccalaureate","Yes","No",-84.8554,38.2014,2203,2048,58.8,10.9,59.2,2,0.4,0.7,61,5,14,280,27.1,236,28.4,15.3,324,57,76,9672,6809,5703,9471,15362,17285,22,153,43,6,"Group 4",4
157076,"Kentucky Wesleyan College","Owensboro","KY","Southeast","Private nonprofit 4-year","Private nonprofit","4-year","City","Under 1,000","Baccalaureate","No","No",-87.1197,37.7445,897,897,50.2,66.1,12.7,4.2,1.8,2.1,65,,13,192,52.6,187,48.7,39,222,42,100,20867,35694,35651,36301,37446,37533,5,169,,,"Group 3",3
157085,"University of Kentucky","Lexington","KY","Southeast","Public 4-year","Public","4-year","City","20,000 and above","Doctoral","No","No",-84.5047,38.0389,33930,23975,57.7,75.7,6.9,6.1,3.6,1.7,87,47,17,4749,69.9,4719,69.7,53.9,5974,21,87,19838,10267,11329,14557,20655,24687,,4920,1914,1043,"Group 2",2
157100,"Kentucky Christian University","Grayson","KY","Southeast","Private nonprofit 4-year","Private nonprofit","4-year","Town","Under 1,000","Baccalaureate","No","No",-82.9456,38.3388,759,702,37,51.3,18.7,4.8,0,2.3,45,,12,154,33.8,154,33.8,29.2,112,37,76,22209,20475,20363,20416,22198,25111,,71,24,,"Group 3",3
157216,"Lindsey Wilson College","Columbia","KY","Southeast","Private nonprofit 4-year","Private nonprofit","4-year","Town","1,000-4,999","Master's","No","No",-85.3,37.1015,4096,1975,57.3,68.9,10.9,0.7,0.9,1.7,63,23,17,541,38.1,541,38.1,29,411,50,100,14422,12601,12219,12466,17054,18013,1,363,388,1,"Group 4",4
157289,"University of Louisville","Louisville","KY","Southeast","Public 4-year","Public","4-year","City","20,000 and above","Doctoral","No","No",-85.7604,38.2169,26254,18339,56.5,63.4,16,7.4,5.4,1.4,81,56,14,2607,60.7,2607,60.6,43.5,2706,29,85,18808,13768,14494,16510,22938,25116,,2932,1762,574,"Group 2",2
157377,"Midway University","Midway","KY","Southeast","Private nonprofit 4-year","Private nonprofit","4-year","Rural","1,000-4,999","Master's","No","No",-84.6781,38.1461,2242,1935,64.3,52.6,7.3,5.1,0.6,2.8,69,,15,138,46.4,123,45.5,45.5,238,46,91,24739,22513,19767,21880,27318,26810,50,202,108,,"Group 3",3
157386,"Morehead State University","Morehead","KY","Southeast","Public 4-year","Public","4-year","Town","5,000-9,999","Master's","No","No",-83.434,38.1868,9836,8983,61.4,82.3,2.9,3.1,1.2,0.8,69,25,14,1342,47.7,1181,49.3,37.3,1190,29,85,10017,7561,7152,9920,13796,14197,135,983,174,14,"Group 3",3
157401,"Murray State University","Murray","KY","Southeast","Public 4-year","Public","4-year","Town","5,000-9,999","Master's","No","No",-88.3236,36.6124,11531,8979,63.5,76.8,5.5,2.9,0.9,6.8,76,20,16,1438,59.5,1319,62.9,48.1,1360,31,92,9738,5594,5703,9616,13423,14282,23,1603,581,91,"Group 2",2
157447,"Northern Kentucky University","Highland Heights","KY","Southeast","Public 4-year","Public","4-year","Suburb","10,000-19,999","Doctoral","No","No",-84.4635,39.0297,19039,12422,59.8,78,6.6,4.5,1.7,3.7,78,34,18,2090,48.3,1948,49.5,34.5,1579,24,85,8151,1813,3022,6638,11227,13270,46,1895,1446,212,"Group 2",2
157535,"University of Pikeville","Pikeville","KY","Southeast","Private nonprofit 4-year","Private nonprofit","4-year","Town","1,000-4,999","Doctoral","No","No",-82.5211,37.4792,2759,1761,55.9,85,7.1,1.2,1.2,2.5,65,,14,279,39.1,229,41,28.8,329,40,96,13819,11218,12537,13903,15821,15953,40,180,77,175,"Group 3",3
157748,"The Southern Baptist Theological Seminary","Louisville","KY","Southeast","Private nonprofit 4-year","Private nonprofit","4-year","City","1,000-4,999","Special focus","No","No",-85.6876,38.2482,5539,1208,45.6,90.5,1.7,0.7,2.5,4.3,81,50,16,114,43.9,107,41.1,40.2,161,0,24,19873,,,,,,4,102,422,177,"Group 2",2
157757,"Spalding University","Louisville","KY","Southeast","Private nonprofit 4-year","Private nonprofit","4-year","City","1,000-4,999","Master's","No","No",-85.7577,38.2424,2005,953,61.7,45.9,16.6,5.7,1.3,0.4,70,,11,164,57.3,164,57.3,45.7,132,36,84,25539,21467,18835,23416,25555,29032,,180,227,100,"Group 3",3
157809,"Thomas More University","Crestview Hills","KY","Southeast","Private nonprofit 4-year","Private nonprofit","4-year","Suburb","1,000-4,999","Master's","No","No",-84.5689,39.023,2240,2077,52.8,78,6.7,3.6,1.3,4.1,67,67,14,349,40.1,349,39.8,29.2,382,22,90,21314,14407,15773,19388,21643,23299,20,314,66,,"Group 3",3
157818,"Transylvania University","Lexington","KY","Southeast","Private nonprofit 4-year","Private nonprofit","4-year","City","1,000-4,999","Baccalaureate","No","No",-84.4932,38.053,1007,1007,55.9,77.7,5.3,5.5,3.4,1.3,83,,10,281,69.8,281,69.8,64.8,279,24,99,25634,17035,17574,21414,23700,29681,,188,,,"Group 1",1
157863,"Union College","Barbourville","KY","Southeast","Private nonprofit 4-year","Private nonprofit","4-year","Town","1,000-4,999","Master's","No","No",-83.8885,36.8709,1186,811,41.9,62.6,15,5.2,0.4,10,58,,14,247,36,247,36,23.9,198,51,95,19223,12372,15306,25500,44375,44375,,163,104,,"Group 4",4
157951,"Western Kentucky University","Bowling Green","KY","Southeast","Public 4-year","Public","4-year","City","10,000-19,999","Doctoral","No","No",-86.4568,36.985,19863,17217,62.3,76.2,8.3,5.8,3.3,0.8,78,9,18,3039,53.7,2809,56.1,42.4,2719,29,86,12054,10075,16624,17417,18219,18601,163,2459,705,56,"Group 2",2
158477,"Centenary College of Louisiana","Shreveport","LA","Southeast","Private nonprofit 4-year","Private nonprofit","4-year","City","Under 1,000","Baccalaureate","No","No",-93.7308,32.4833,598,559,54.2,58,18.2,8.9,2.7,5.2,75,,9,172,59.3,172,59.3,47.7,173,39,99,25427,22875,21245,24985,25486,28530,,117,14,,"Group 3",3
158802,"Dillard University","New Orleans","LA","Southeast","Private nonprofit 4-year","Private nonprofit","4-year","City","1,000-4,999","Baccalaureate","Yes","No",-90.0646,29.9966,1286,1286,74.7,0.5,85.4,2.7,0.1,1.5,70,50,11,337,45.1,337,45.1,34.7,331,68,96,18551,18801,16532,19888,21306,17604,,222,,,"Group 4",4
159009,"Grambling State University","Grambling","LA","Southeast","Public 4-year","Public","4-year","Town","5,000-9,999","Master's","Yes","No",-92.7132,32.5238,5716,4715,63.1,0.7,91.2,1.4,0.1,2,76,67,25,906,32.3,906,32.3,8.9,819,72,84,19092,16447,19923,23591,24096,24356,,628,114,2,"Group 4",4
159382,"Louisiana State University-Alexandria","Alexandria","LA","Southeast","Public 4-year","Public","4-year","Rural","5,000-9,999","Baccalaureate","No","No",-92.4144,31.1786,5032,5032,70.2,59.6,19,1.5,2.7,1.4,68,47,14,397,35.5,178,39.9,33.1,371,36,53,8081,6038,8090,9509,11661,12093,147,639,,,"Group 3",3
159391,"Louisiana State University and Agricultural & Mechanical College","Baton Rouge","LA","Southeast","Public 4-year","Public","4-year","City","20,000 and above","Doctoral","No","No",-91.1789,30.415,41527,33626,54.7,62,17.9,9.1,4.7,1.7,84,26,20,4900,71,4900,67.6,46,7367,26,74,21808,14035,17014,21261,25140,26244,,4733,1623,588,"Group 2",2
159416,"Louisiana State University-Shreveport","Shreveport","LA","Southeast","Public 4-year","Public","4-year","City","5,000-9,999","Master's","No","No",-93.7056,32.4285,12681,3022,60.9,57.2,25.6,1.1,1.8,3.3,63,39,27,280,33.2,280,33.2,19.3,288,38,63,7554,7302,6758,7613,12616,14034,,408,3153,5,"Group 4",4
159568,"Louisiana Christian University","Pineville","LA","Southeast","Private nonprofit 4-year","Private nonprofit","4-year","Suburb","Under 1,000","Master's","No","No",-92.426,31.3245,1210,924,46.1,61.3,25.1,3.7,0.5,4.8,61,,10,298,41.3,288,41.7,28.5,177,41,88,15470,16046,16040,17685,16983,18102,15,171,72,,"Group 3",3
159647,"Louisiana Tech University","Ruston","LA","Southeast","Public 4-year","Public","4-year","Town","10,000-19,999","Doctoral","No","No",-92.65,32.5283,12303,11084,47.8,72.4,11.7,5,1.4,1.8,84,63,22,1909,57.6,1832,57.2,40.7,1764,20,90,12593,8529,9010,11846,15442,15634,84,1475,379,49,"Group 2",2
159656,"Loyola University New Orleans","New Orleans","LA","Southeast","Private nonprofit 4-year","Private nonprofit","4-year","City","1,000-4,999","Doctoral","No","No",-90.1204,29.9361,4975,3674,66.2,45.2,19.3,20.5,2.8,4.4,77,33,13,801,67.4,801,67.4,59.1,791,37,91,26150,19013,19826,20476,24269,30947,,646,222,199,"Group 3",3
159717,"McNeese State University","Lake Charles","LA","Southeast","Public 4-year","Public","4-year","City","5,000-9,999","Master's","No","No",-93.2172,30.1782,6921,6280,60.7,67,15.7,4.3,1.7,5.7,71,37,18,1296,52,1290,50.8,33.6,1005,31,79,11393,8431,8219,12263,15353,17328,58,1020,187,,"Group 2",2
159939,"University of New Orleans","New Orleans","LA","Southeast","Public 4-year","Public","4-year","City","5,000-9,999","Doctoral","No","No",-90.0671,30.0277,8489,6961,51.6,42.4,23,12.2,8,6.1,70,39,18,948,42.5,948,42.5,24.6,829,40,69,11190,9768,11045,11955,15481,15674,,868,392,38,"Group 4",4
159966,"Nicholls State University","Thibodaux","LA","Southeast","Public 4-year","Public","4-year","City","5,000-9,999","Master's","No","No",-90.8016,29.7945,6763,6028,63.1,61.9,16.4,5.7,1.7,1.4,77,60,17,1096,54.3,1020,53.4,30.2,965,35,81,11029,8822,10582,12659,15504,15799,138,1004,198,,"Group 2",2
159993,"University of Louisiana at Monroe","Monroe","LA","Southeast","Public 4-year","Public","4-year","City","5,000-9,999","Doctoral","No","No",-92.0737,32.5277,9481,7302,64.9,60,23.5,3,1.5,4.3,72,58,16,1340,50.6,1338,48.3,28.8,989,33,66,11160,9709,9617,12001,14910,15747,56,1064,501,115,"Group 3",3
160038,"Northwestern State University of Louisiana","Natchitoches","LA","Southeast","Public 4-year","Public","4-year","Town","5,000-9,999","Master's","No","No",-93.0978,31.7507,11332,10075,70,57.2,25.4,6,1.2,1.8,70,33,16,1295,44.6,1233,44.4,32.2,972,35,85,13156,12129,12307,14216,17311,18107,362,1261,253,26,"Group 3",3
160612,"Southeastern Louisiana University","Hammond","LA","Southeast","Public 4-year","Public","4-year","City","10,000-19,999","Master's","No","No",-90.4687,30.5147,16164,14943,62.5,58.8,17,6.7,1.4,1.2,76,53,20,2098,44.8,2078,44.9,25.5,1436,33,61,12007,8806,9979,12638,16321,16196,13,1813,306,22,"Group 2",2
160621,"Southern University and A & M College","Baton Rouge","LA","Southeast","Public 4-year","Public","4-year","City","5,000-9,999","Doctoral","Yes","No",-91.1901,30.5246,9214,7203,66.6,1.7,92.4,1.1,0.2,0.4,60,25,21,1223,28.5,1223,28.5,9.8,1636,65,76,18937,18473,19314,21614,23583,23940,,694,301,274,"Group 4",4
160630,"Southern University at New Orleans","New Orleans","LA","Southeast","Public 4-year","Public","4-year","City","1,000-4,999","Master's","Yes","No",-90.0449,30.0262,2853,2537,70,5.3,85.3,3.7,1.6,0.1,48,40,13,196,17.9,196,17.9,8.2,124,45,60,14825,15247,,16748,,,2,219,89,,"Group 4",4
160658,"University of Louisiana at Lafayette","Lafayette","LA","Southeast","Public 4-year","Public","4-year","City","10,000-19,999","Doctoral","No","No",-92.0202,30.2122,16788,14077,57.8,59.6,24.5,5.5,2.5,0.8,76,28,18,2971,52,2971,52,27.2,2860,39,73,13443,11226,12427,15448,18180,18398,,2358,717,91,"Group 2",2
160755,"Tulane University of Louisiana","New Orleans","LA","Southeast","Private nonprofit 4-year","Private nonprofit","4-year","City","10,000-19,999","Doctoral","No","No",-90.1221,29.9401,15598,9274,60.6,63.6,7.7,9,5.2,7.1,94,,8,1903,88.9,1903,88.9,82.3,1843,9,62,50631,20957,22974,26839,36543,58219,,1947,1506,560,"Group 1",1
160904,"Xavier University of Louisiana","New Orleans","LA","Southeast","Private nonprofit 4-year","Private nonprofit","4-year","City","1,000-4,999","Master's","Yes","No",-90.1073,29.9642,3738,2857,77.3,1.4,84.7,4.5,2.4,1.7,71,67,11,715,50.2,584,48.1,36.1,834,52,90,17874,15365,16545,19008,22829,25054,,428,108,142,"Group 3",3
160977,"Bates College","Lewiston","ME","New England","Private nonprofit 4-year","Private nonprofit","4-year","City","1,000-4,999","Baccalaureate","No","No",-70.2033,44.1053,1928,1928,53.1,63.3,4.9,8.6,6.2,8.6,94,,10,510,90.6,510,90.6,85.1,518,10,40,26658,4263,6296,8602,22744,49109,,439,,,"Group 1",1
161004,"Bowdoin College","Brunswick","ME","New England","Private nonprofit 4-year","Private nonprofit","4-year","Town","1,000-4,999","Baccalaureate","No","No",-69.9639,43.9071,1996,1996,51.7,55.9,5.9,13.2,9.3,6.4,98,,9,500,95.6,500,95.6,82.2,508,16,51,23110,3275,3464,6764,20899,42867,,480,,,"Group 1",1
161086,"Colby College","Waterville","ME","New England","Private nonprofit 4-year","Private nonprofit","4-year","Town","1,000-4,999","Baccalaureate","No","No",-69.6634,44.5642,2438,2438,52.1,56.6,5.3,8,9.8,10,91,,9,552,90.2,552,90.2,82.1,673,13,44,15163,6072,1331,2247,15937,52893,,542,,,"Group 1",1
161217,"University of Maine at Augusta","Augusta","ME","New England","Public 4-year","Public","4-year","Town","1,000-4,999","Baccalaureate","No","No",-69.7964,44.3377,5836,5754,66.8,80.4,3,4.3,0.9,0.6,63,47,15,189,23.3,165,20,10.3,198,32,46,11569,10744,10167,11676,13470,14913,78,441,5,,"Group 4",4
161226,"University of Maine at Farmington","Farmington","ME","New England","Public 4-year","Public","4-year","Rural","1,000-4,999","Baccalaureate","No","No",-70.1471,44.6669,2258,1761,67.3,84.5,2.1,3.3,0.7,0.5,79,0,12,436,52.8,436,52.8,37.6,263,32,71,15383,12043,10482,12501,19002,20505,,280,65,,"Group 3",3
161235,"University of Maine at Fort Kent","Fort Kent","ME","New England","Public 4-year","Public","4-year","Rural","1,000-4,999","Baccalaureate","No","No",-68.5893,47.2504,1703,1677,70.5,76.9,4.5,4.2,1.1,4.7,65,25,19,128,39.8,103,35.9,25.2,49,14,32,10736,6655,9350,11580,14945,15699,10,207,,,"Group 2",2
161253,"University of Maine","Orono","ME","New England","Public 4-year","Public","4-year","Suburb","10,000-19,999","Doctoral","No","No",-68.6693,44.8993,14675,11474,51.5,80.1,1.8,4.9,1.7,2.3,77,42,15,2339,56.4,2330,56.4,40,1852,22,79,18237,13800,13707,16408,20101,21756,5,1796,639,62,"Group 2",2
161299,"Maine Maritime Academy","Castine","ME","New England","Public 4-year","Public","4-year","Rural","Under 1,000","Baccalaureate","No","No",-68.8043,44.3897,996,958,19,83.2,2.2,4.4,1.6,0.8,82,,10,241,61.4,239,61.5,46.4,219,25,77,21433,12499,16642,18372,22427,25342,4,127,6,,"Group 1",1
161341,"University of Maine at Presque Isle","Presque Isle","ME","New England","Public 4-year","Public","4-year","Rural","1,000-4,999","Baccalaureate","No","No",-68.0163,46.6723,2614,2573,62.6,70.2,5.2,6.1,2.2,5.7,73,18,28,154,37.7,134,33.6,23.9,121,26,38,9773,7458,7343,9953,14420,14409,16,359,13,,"Group 2",2
161457,"University of New England","Biddeford","ME","New England","Private nonprofit 4-year","Private nonprofit","4-year","Suburb","5,000-9,999","Doctoral","No","No",-70.3854,43.4586,11019,7665,69.7,69.9,5.8,1.1,9.6,0.1,75,50,12,651,60.8,608,63.2,56.2,731,12,72,38675,33195,33547,31278,35033,40310,,549,461,381,"Group 1",1
161509,"Maine College of Art & Design","Portland","ME","New England","Private nonprofit 4-year","Private nonprofit","4-year","City","Under 1,000","Special focus","No","No",-70.261,43.6557,453,389,76.6,74.8,2.6,2.8,4.6,0,78,50,8,119,48.7,119,48.7,11.8,96,27,100,37132,29849,31197,34323,37820,38490,,80,33,,"Group 1",1
161518,"Saint Joseph's College of Maine","Standish","ME","New England","Private nonprofit 4-year","Private nonprofit","4-year","Rural","1,000-4,999","Master's","No","No",-70.4834,43.8263,2059,1321,59.5,71.8,5.2,5.4,1.4,0,80,,10,248,68.5,248,68.5,58.9,201,20,66,28268,22105,29805,31494,33369,38452,1,195,213,,"Group 1",1
161554,"University of Southern Maine","Portland","ME","New England","Public 4-year","Public","4-year","City","5,000-9,999","Master's","No","No",-70.2742,43.6629,9718,6977,59.7,75.7,6.6,4.2,2.4,1.3,76,36,14,887,46.3,887,46.3,2.9,729,26,59,12006,7226,8330,10828,14704,17346,,926,570,95,"Group 3",3
161563,"Thomas College","Waterville","ME","New England","Private nonprofit 4-year","Private nonprofit","4-year","Town","1,000-4,999","Master's","No","No",-69.6647,44.5249,1974,1736,54.1,82.9,3.8,1,1.5,1.6,79,,23,220,51.4,220,50.9,45.5,234,15,40,18882,14911,14423,16595,20590,24441,10,147,100,,"Group 2",2
161572,"Unity Environmental University","New Gloucester","ME","New England","Private nonprofit 4-year","Private nonprofit","4-year","Rural","5,000-9,999","Master's","No","No",-70.2573,43.9057,7585,6691,77.3,69.9,5.4,11.8,0.9,0,42,,36,179,57,179,55.9,49.2,415,59,60,17734,17474,18360,19172,20661,20915,,225,226,,"Group 4",4
161873,"University of Baltimore","Baltimore","MD","Mid East","Public 4-year","Public","4-year","City","1,000-4,999","Master's","No","No",-76.6166,39.3058,3890,1769,59.8,25.8,48.7,9.4,4.6,1.9,65,40,10,107,46.7,107,46.7,24.3,26,43,82,17253,14900,21339,17265,19477,21327,,373,341,203,"Group 3",3
162007,"Bowie State University","Bowie","MD","Mid East","Public 4-year","Public","4-year","Suburb","5,000-9,999","Master's","Yes","No",-76.7597,39.0182,7205,6034,61.2,3.1,82.7,4.9,1.3,1.5,70,39,16,1075,38.1,1075,38.1,14.9,1170,44,51,16117,16935,16967,19731,23194,23943,,855,191,17,"Group 4",4
162210,"Washington Adventist University","Takoma Park","MD","Mid East","Private nonprofit 4-year","Private nonprofit","4-year","Suburb","Under 1,000","Master's","No","No",-77.0006,38.9863,807,691,63.5,5.8,41.1,22.6,3,7.5,82,,7,105,40,103,39.8,25.2,57,46,84,16732,15209,12307,15195,13232,19295,13,129,34,,"Group 3",3
162283,"Coppin State University","Baltimore","MD","Mid East","Public 4-year","Public","4-year","City","1,000-4,999","Master's","Yes","No",-76.6587,39.3113,2228,1925,76.9,1.2,81.6,3.1,0.5,6.8,73,60,10,383,25.6,383,25.6,9.7,332,53,78,7684,4635,5960,8140,6586,15238,,333,46,3,"Group 4",4
162584,"Frostburg State University","Frostburg","MD","Mid East","Public 4-year","Public","4-year","Town","1,000-4,999","Master's","No","No",-78.9343,39.6509,4575,3608,53.1,51.8,24.6,5.8,1.6,10.3,66,50,13,774,52.1,774,52.1,33.5,496,33,69,16521,8930,12850,17130,20905,22754,,725,216,13,"Group 3",3
162654,"Goucher College","Baltimore","MD","Mid East","Private nonprofit 4-year","Private nonprofit","4-year","City","1,000-4,999","Baccalaureate","No","No",-76.5948,39.4102,2694,1042,66.5,48.7,26.1,4.4,5.1,5.8,77,,8,420,60,420,60,52.1,269,31,97,28749,13998,14176,22034,27178,35948,,208,127,,"Group 1",1
162760,"Hood College","Frederick","MD","Mid East","Private nonprofit 4-year","Private nonprofit","4-year","City","1,000-4,999","Master's","No","No",-77.419,39.4206,2326,1268,62.8,55,16.8,11.9,3.7,2,80,100,11,255,55.3,255,55.3,45.9,294,36,97,23462,15019,21666,25892,26388,27254,,255,212,7,"Group 3",3
162928,"Johns Hopkins University","Baltimore","MD","Mid East","Private nonprofit 4-year","Private nonprofit","4-year","City","20,000 and above","Doctoral","No","No",-76.6216,39.329,39399,8654,56.4,22.4,8.1,16.3,25.2,19.6,98,,6,1416,94.6,1416,94.6,87.1,1406,20,61,22844,1473,2708,4431,12085,38745,,1423,8780,943,"Group 1",1
163046,"Loyola University Maryland","Baltimore","MD","Mid East","Private nonprofit 4-year","Private nonprofit","4-year","City","5,000-9,999","Master's","No","No",-76.6219,39.3464,5722,4056,55.1,65.6,10.4,13.4,3.6,1.7,86,0,12,1020,80.5,1020,80.5,75.6,1269,18,96,31857,19154,24194,27472,28097,34010,,880,563,19,"Group 1",1
163204,"University of Maryland Global Campus","Adelphi","MD","Mid East","Public 4-year","Public","4-year","Suburb","20,000 and above","Master's","No","No",-76.8476,38.9127,90412,76378,42.5,34.3,26,17.6,5.2,1.5,53,29,20,213,29.6,131,23.7,7.6,179,28,36,14545,14514,,,,,2284,7843,3581,41,"Group 4",4
163268,"University of Maryland-Baltimore County","Baltimore","MD","Mid East","Public 4-year","Public","4-year","Suburb","10,000-19,999","Doctoral","No","No",-76.7116,39.2567,15904,11752,46.9,32.8,22.9,9.3,22.7,4.7,87,86,18,1759,70.6,1759,69.7,48.1,2130,30,65,17704,7048,11374,18506,24763,27013,,2323,1000,100,"Group 2",2
163286,"University of Maryland-College Park","College Park","MD","Mid East","Public 4-year","Public","4-year","Suburb","20,000 and above","Doctoral","No","No",-76.9447,38.9882,44086,32557,49,41,13,10.6,22,3.9,96,74,18,5195,88.6,5173,88.5,75.7,5809,19,50,15833,3603,7327,12237,20855,26239,,7561,3017,662,"Group 2",2
163295,"Maryland Institute College of Art","Baltimore","MD","Mid East","Private nonprofit 4-year","Private nonprofit","4-year","City","1,000-4,999","Special focus","No","No",-76.621,39.3088,2334,1658,76.3,33.1,11.1,10.3,10.5,20.9,85,,8,422,71.3,422,71.3,51.7,227,21,95,43066,27796,31148,38922,45577,44851,,343,347,,"Group 1",1
163338,"University of Maryland Eastern Shore","Princess Anne","MD","Mid East","Public 4-year","Public","4-year","Town","1,000-4,999","Doctoral","Yes","No",-75.6869,38.2074,3229,2465,53.7,10.1,71.1,4.9,1.7,2.4,66,70,9,560,34.6,560,34.6,18.8,578,53,97,14595,10634,12164,14886,18771,22204,,304,61,82,"Group 3",3
163453,"Morgan State University","Baltimore","MD","Mid East","Public 4-year","Public","4-year","City","5,000-9,999","Doctoral","Yes","No",-76.5856,39.3442,9912,8270,61.9,0.8,67,4.8,0.3,7.2,71,50,17,1192,41.6,1192,41.6,21.6,2193,54,89,15350,10666,13284,16670,19600,16768,,964,274,58,"Group 4",4
163462,"Mount St. Mary's University","Emmitsburg","MD","Mid East","Private nonprofit 4-year","Private nonprofit","4-year","Rural","1,000-4,999","Master's","No","No",-77.3519,39.6817,2743,2033,52.8,53.3,19.6,14.2,2.7,3.6,71,0,12,524,58,524,58,49,458,27,94,25298,14674,18842,24088,27028,31050,,409,162,,"Group 3",3
163578,"Notre Dame of Maryland University","Baltimore","MD","Mid East","Private nonprofit 4-year","Private nonprofit","4-year","City","1,000-4,999","Master's","No","No",-76.6197,39.3506,2781,1185,82.4,46.3,23.6,10.7,5.9,1.3,77,,8,154,51.9,154,51.9,44.8,56,32,61,22552,17820,20697,24228,30606,28315,,232,211,82,"Group 3",3
163851,"Salisbury University","Salisbury","MD","Mid East","Public 4-year","Public","4-year","Suburb","5,000-9,999","Master's","No","No",-75.6048,38.3465,7736,6871,54.8,67.5,14,6.5,3.4,1,80,67,13,1324,67.4,1324,67.4,48.9,1376,24,75,17931,7351,12779,14904,20344,23689,,1558,287,13,"Group 2",2
163912,"St. Mary's College of Maryland","St. Mary's City","MD","Mid East","Public 4-year","Public","4-year","Rural","1,000-4,999","Baccalaureate","No","No",-76.431,38.188,1657,1634,59.7,67.1,11.4,8.8,3.5,0.5,81,50,10,341,68,341,68,57.8,408,20,89,20679,3618,9370,14955,20010,25256,,291,14,,"Group 1",1
163976,"St. John's College","Annapolis","MD","Mid East","Private nonprofit 4-year","Private nonprofit","4-year","Suburb","Under 1,000","Baccalaureate","No","No",-76.4914,38.9816,629,474,49.4,67.3,2.1,5.9,4,13.7,88,,8,135,67.4,135,67.4,49.6,130,22,92,27729,21627,16625,24052,25716,38362,,91,26,,"Group 1",1
164076,"Towson University","Towson","MD","Mid East","Public 4-year","Public","4-year","City","10,000-19,999","Master's","No","No",-76.6112,39.3936,22027,18528,58.3,44.3,30.2,10.2,6.8,1.6,83,67,14,2733,67.6,2733,67.6,45.5,2662,33,57,15064,6677,10748,16686,22490,25031,,4050,844,50,"Group 2",2
164173,"Stevenson University","Owings Mills","MD","Mid East","Private nonprofit 4-year","Private nonprofit","4-year","Suburb","1,000-4,999","Master's","No","No",-76.7758,39.4264,4079,3309,63.3,50.2,27.8,9.7,3.7,0.9,78,,15,682,66.4,682,66.4,60.1,744,29,90,28201,18681,23022,27788,30786,32505,,748,220,,"Group 2",2
164216,"Washington College","Chestertown","MD","Mid East","Private nonprofit 4-year","Private nonprofit","4-year","Town","Under 1,000","Baccalaureate","No","No",-76.0688,39.2173,992,992,57.5,62.1,10.9,8.5,3.1,4.3,87,,9,367,74.1,367,74.1,66.5,231,21,94,33553,13498,18675,25670,31138,35886,,217,,,"Group 1",1
164270,"McDaniel College","Westminster","MD","Mid East","Private nonprofit 4-year","Private nonprofit","4-year","Town","1,000-4,999","Master's","No","No",-77.002,39.5842,3553,1781,58.9,53.3,24.8,9.6,2.2,2.4,79,,13,447,63.8,447,63.8,56.2,467,34,97,23088,11334,14397,19417,22293,27501,,373,287,,"Group 3",3
164368,"Hult International Business School","Cambridge","MA","New England","Private nonprofit 4-year","Private nonprofit","4-year","City","1,000-4,999","Special focus","No","No",-71.0706,42.37,3306,920,38.4,1.2,1.2,3.2,0.4,62.3,73,,12,158,65.8,158,65.8,63.3,180,8,65,51986,36605,41980,42430,43993,49896,,159,856,,"Group 1",1
164447,"American International College","Springfield","MA","New England","Private nonprofit 4-year","Private nonprofit","4-year","City","1,000-4,999","Doctoral","No","No",-72.5583,42.1123,2254,1247,55.1,34.6,25.5,23.9,1.4,4,68,50,16,369,42.3,369,42.3,32,329,50,96,21454,17645,19398,21234,21847,37851,1,212,328,36,"Group 4",4
164465,"Amherst College","Amherst","MA","New England","Private nonprofit 4-year","Private nonprofit","4-year","City","1,000-4,999","Baccalaureate","No","No",-72.5185,42.3725,2017,2017,51.7,37.5,10.6,15.6,13.8,12.4,97,,7,471,93.4,471,93.4,72.6,467,22,60,17965,1888,1868,6112,20179,50358,,461,,,"Group 1",1
164492,"Anna Maria College","Paxton","MA","New England","Private nonprofit 4-year","Private nonprofit","4-year","Rural","1,000-4,999","Master's","No","No",-71.919,42.3305,1676,1211,41.7,50.3,11.1,10.2,1.5,6.9,62,0,13,272,40.4,272,40.4,29.4,201,34,79,28732,24807,27406,27834,33441,33624,,266,225,,"Group 3",3
164562,"Assumption University","Worcester","MA","New England","Private nonprofit 4-year","Private nonprofit","4-year","City","1,000-4,999","Master's","No","No",-71.829,42.2942,2243,1782,54.9,72.3,5.3,10.2,2.5,1.1,83,,11,492,74.6,492,74.6,71.3,369,19,98,29072,18025,17319,25004,28551,32130,,468,156,,"Group 1",1
164580,"Babson College","Wellesley","MA","New England","Private nonprofit 4-year","Private nonprofit","4-year","Suburb","1,000-4,999","Special focus","No","No",-71.2641,42.297,4632,3249,42.3,28.6,4.1,14.2,11.9,29.6,94,,16,550,92.4,550,92.4,87.8,656,14,39,30220,21270,14369,21924,35383,58685,,702,525,,"Group 1",1
164632,"Bay Path University","Longmeadow","MA","New England","Private nonprofit 4-year","Private nonprofit","4-year","Suburb","1,000-4,999","Master's","No","No",-72.5834,42.0551,3680,1655,97.7,41,11.5,23.1,2.1,0.4,69,,7,144,56.9,144,56.9,50.7,139,66,74,14935,10194,10976,12851,25076,25198,8,307,455,33,"Group 3",3
164739,"Bentley University","Waltham","MA","New England","Private nonprofit 4-year","Private nonprofit","4-year","City","5,000-9,999","Master's","No","No",-71.2228,42.386,5454,4319,39.1,55.5,4,11,9.5,15.6,93,,12,1018,88.2,1018,88.2,78.7,1141,15,79,43858,24239,23482,25331,35581,49750,,959,552,2,"Group 1",1
164748,"Berklee College of Music","Boston","MA","New England","Private nonprofit 4-year","Private nonprofit","4-year","City","5,000-9,999","Master's","No","No",-71.0894,42.3466,9708,8753,42.7,39.7,6.3,11.9,5.6,28.9,85,52,10,1263,66.3,1181,67.2,50.2,1489,15,61,48608,38537,39205,46723,50150,56371,,1442,505,,"Group 1",1
164924,"Boston College","Chestnut Hill","MA","New England","Private nonprofit 4-year","Private nonprofit","4-year","City","10,000-19,999","Doctoral","No","No",-71.1692,42.3362,16604,10425,52.8,56.6,5.1,11.1,11,9.3,95,,13,2409,91,2409,91,88.3,2335,13,45,32590,5851,7655,12554,23325,56247,,2296,1630,405,"Group 1",1
164988,"Boston University","Boston","MA","New England","Private nonprofit 4-year","Private nonprofit","4-year","City","20,000 and above","Doctoral","No","No",-71.1079,42.3511,45548,22942,58.3,31.8,4.6,10.5,18,22.3,95,100,10,3488,90,3488,90,83.4,3634,18,48,27551,11453,11167,13639,25501,48018,,4427,6842,1196,"Group 1",1
165015,"Brandeis University","Waltham","MA","New England","Private nonprofit 4-year","Private nonprofit","4-year","City","5,000-9,999","Doctoral","No","No",-71.2602,42.3657,6121,3974,57.3,41.6,5.7,8,16.8,20.9,90,,11,857,86.1,857,86.1,78.3,987,14,64,44668,12366,15077,17974,26231,53720,,884,810,77,"Group 1",1
165024,"Bridgewater State University","Bridgewater","MA","New England","Public 4-year","Public","4-year","Suburb","5,000-9,999","Master's","No","No",-70.9746,41.9875,11383,9266,57.7,68.3,10.6,9.2,3.9,0.7,77,43,17,1476,54.6,1476,54.6,33.8,1496,30,60,16230,11267,12771,16464,19161,22091,,1723,478,,"Group 2",2
165334,"Clark University","Worcester","MA","New England","Private nonprofit 4-year","Private nonprofit","4-year","City","1,000-4,999","Doctoral","No","No",-71.8234,42.25,4256,2494,58.4,61.5,4.7,10.1,6.9,6.9,88,,9,612,77.1,612,77.1,71.4,703,21,96,32767,16629,15377,20719,25104,38832,,602,659,28,"Group 1",1
165529,"Curry College","Milton","MA","New England","Private nonprofit 4-year","Private nonprofit","4-year","Suburb","1,000-4,999","Master's","No","No",-71.1165,42.2381,2400,2093,59.1,61.3,13.8,9.4,2.4,3,68,0,11,601,48.3,601,48.3,42.9,487,28,87,30367,23553,24290,28670,32212,32878,,507,77,,"Group 3",3
165574,"Dean College","Franklin","MA","New England","Private nonprofit 4-year","Private nonprofit","4-year","Suburb","1,000-4,999","Baccalaureate","No","No",-71.3978,42.0856,1345,1345,50,59.3,11.3,10.9,1.5,2.4,76,50,15,461,43.2,310,37.4,31,336,30,94,31472,26727,23546,28970,32261,32868,64,224,,,"Group 3",3
165644,"Eastern Nazarene College","Quincy","MA","New England","Private nonprofit 4-year","Private nonprofit","4-year","Suburb","Under 1,000","Master's","No","No",-71.0111,42.2712,650,449,43.9,38.5,15.8,19.6,2.2,17.1,62,,8,153,35.3,153,35.3,26.8,72,35,99,21370,13669,17411,20471,23450,16131,2,82,68,,"Group 3",3
165662,"Emerson College","Boston","MA","New England","Private nonprofit 4-year","Private nonprofit","4-year","City","5,000-9,999","Master's","No","No",-71.0654,42.3522,6290,4355,65.3,54.6,4.8,11.5,5.5,16.7,88,,14,931,79.3,931,79.3,72.6,1002,15,77,50703,31412,34742,39297,43628,55833,,756,538,,"Group 1",1
165671,"Emmanuel College","Boston","MA","New England","Private nonprofit 4-year","Private nonprofit","4-year","City","1,000-4,999","Baccalaureate","No","No",-71.1036,42.3406,2178,2054,77.1,63.4,6.1,11.6,4.7,0.7,79,,13,474,65.8,474,65.8,59.5,568,20,95,33214,26767,27336,29300,30863,34351,,443,34,,"Group 1",1
165699,"Endicott College","Beverly","MA","New England","Private nonprofit 4-year","Private nonprofit","4-year","Suburb","1,000-4,999","Master's","No","No",-70.8408,42.5533,4793,3460,63.3,82.1,1.5,4.9,1.6,1.4,88,50,13,761,75.4,761,75,72.4,867,13,91,39988,29799,28318,33068,37557,42234,11,724,387,13,"Group 1",1
165802,"Fisher College","Boston","MA","New England","Private nonprofit 4-year","Private nonprofit","4-year","City","1,000-4,999","Baccalaureate","No","No",-71.0741,42.3553,2478,2296,72.6,13.4,8,10.7,1.2,5.9,54,100,14,225,28.4,130,30.8,23.1,193,42,74,27827,23879,24290,25874,26290,31032,39,200,55,,"Group 3",3
165820,"Fitchburg State University","Fitchburg","MA","New England","Public 4-year","Public","4-year","Suburb","5,000-9,999","Master's","No","No",-71.7897,42.5883,9922,3821,54.6,62.7,11.9,15.6,3,0.7,73,40,11,751,52.7,751,52.7,38.1,481,31,66,15820,10430,10705,15224,19690,22603,,689,1069,,"Group 3",3
165866,"Framingham State University","Framingham","MA","New England","Public 4-year","Public","4-year","City","1,000-4,999","Master's","No","No",-71.4376,42.2971,6366,3667,55.3,49.6,14.2,21.1,6,0.5,72,0,11,757,49.5,757,49.5,36.9,488,34,58,16640,10802,11399,15863,21658,23914,,622,420,,"Group 3",3
165936,"Gordon College","Wenham","MA","New England","Private nonprofit 4-year","Private nonprofit","4-year","Rural","1,000-4,999","Baccalaureate","No","No",-70.8215,42.5906,2053,1441,60.6,60.2,5.8,11.2,3.5,10.6,83,100,11,417,67.6,417,67.6,60.4,312,21,99,25250,18678,21394,23051,24738,27522,,275,111,,"Group 1",1
166018,"Hampshire College","Amherst","MA","New England","Private nonprofit 4-year","Private nonprofit","4-year","Rural","Under 1,000","Baccalaureate","No","No",-72.5315,42.3259,548,548,63.1,56.9,7.5,14.4,1.8,7.3,75,,13,325,57.2,325,57.2,51.1,228,38,99,27556,14636,15008,22586,26760,35849,,68,,,"Group 3",3
166027,"Harvard University","Cambridge","MA","New England","Private nonprofit 4-year","Private nonprofit","4-year","City","20,000 and above","Doctoral","No","No",-71.1183,42.3745,37613,12494,52.1,28.6,7.3,10.6,16.8,18.3,99,,7,1687,97.3,1687,97.3,65.8,1645,16,49,17900,2895,2496,2167,13937,53571,1,1898,5748,1529,"Group 1",1
166124,"College of the Holy Cross","Worcester","MA","New England","Private nonprofit 4-year","Private nonprofit","4-year","City","1,000-4,999","Baccalaureate","No","No",-71.8082,42.2375,3310,3310,55,70.8,4,11.5,4.1,3.3,93,,9,818,89.6,818,89.6,87.7,902,15,62,35455,14900,6282,20722,29535,51228,,748,,,"Group 1",1
166391,"Lasell University","Newton","MA","New England","Private nonprofit 4-year","Private nonprofit","4-year","City","1,000-4,999","Master's","No","No",-71.2435,42.3421,1933,1370,63.9,58.3,10.4,13,3.1,1.7,71,,11,410,53.2,410,53.2,49.3,314,32,97,28477,15374,19185,22986,27843,33233,,336,227,,"Group 3",3
166452,"Lesley University","Cambridge","MA","New England","Private nonprofit 4-year","Private nonprofit","4-year","City","1,000-4,999","Doctoral","No","No",-71.1173,42.3801,5133,1902,74.4,49.2,11,16.4,5.4,3.1,77,60,10,379,61.7,379,61.7,43.8,225,28,78,33111,26173,27225,31594,34465,34726,,347,521,34,"Group 1",1
166513,"University of Massachusetts-Lowell","Lowell","MA","New England","Public 4-year","Public","4-year","Suburb","10,000-19,999","Doctoral","No","No",-71.3268,42.6529,20800,14734,42.6,53.2,8.3,13.9,13.4,3,82,62,17,1993,70.1,1992,70.1,48,1890,27,61,17624,10460,11220,15576,21633,26648,25,2911,1450,147,"Group 2",2
166629,"University of Massachusetts-Amherst","Amherst","MA","New England","Public 4-year","Public","4-year","City","20,000 and above","Doctoral","No","No",-72.5267,42.386,37599,28182,51.8,57.7,4.7,8.4,12.5,7,91,50,18,4734,83.2,4697,83.4,76.2,5580,20,72,22954,11103,13259,16738,24016,31297,28,6456,2059,319,"Group 2",2
166638,"University of Massachusetts-Boston","Boston","MA","New England","Public 4-year","Public","4-year","City","10,000-19,999","Doctoral","No","No",-71.0369,42.3129,18328,14314,57.3,31.5,17.2,18,14.5,7.2,73,39,15,1787,51.1,1787,51.1,30.7,2357,43,73,17554,13072,14215,17572,22332,25375,,2389,857,98,"Group 3",3
166656,"MCPHS University","Boston","MA","New England","Private nonprofit 4-year","Private nonprofit","4-year","City","5,000-9,999","Special focus","No","No",-71.1012,42.3368,7345,3773,76.4,33.7,12,12,19.5,13.3,79,100,10,766,63.3,459,64.5,49.5,726,28,95,37182,31100,32292,36538,38023,38839,,856,860,558,"Group 1",1
166674,"Massachusetts College of Art and Design","Boston","MA","New England","Public 4-year","Public","4-year","City","1,000-4,999","Special focus","No","No",-71.0993,42.3369,2204,2069,73.9,48.5,3.2,13.4,6.6,3.9,84,67,9,422,69.2,422,69.2,52.6,406,28,73,24159,14993,15162,21708,27239,31058,,359,53,,"Group 1",1
166683,"Massachusetts Institute of Technology","Cambridge","MA","New England","Private nonprofit 4-year","Private nonprofit","4-year","City","10,000-19,999","Doctoral","No","No",-71.0932,42.3592,12829,4729,48.2,21.9,7.9,14.7,33.8,11.3,99,,3,1098,96.1,1098,96.1,82.3,1136,19,64,21519,-4129,-2483,4621,13696,46627,,1146,1936,684,"Group 1",1
166692,"Massachusetts Maritime Academy","Buzzards Bay","MA","New England","Public 4-year","Public","4-year","Suburb","1,000-4,999","Master's","No","No",-70.6241,41.7391,1490,1390,13.7,81.2,1.3,5,1.1,0.9,79,,12,388,79.1,388,79.1,68.3,317,17,80,20759,5269,9843,13919,23991,33261,,341,50,,"Group 1",1
166850,"Merrimack College","North Andover","MA","New England","Private nonprofit 4-year","Private nonprofit","4-year","Suburb","5,000-9,999","Master's","No","No",-71.1242,42.6683,6650,4698,52.6,71.6,3.8,9.4,1.6,2,84,,14,854,72.1,854,72.1,65.3,1182,15,94,38849,27376,30509,32926,37097,41477,,948,657,,"Group 1",1
166939,"Mount Holyoke College","South Hadley","MA","New England","Private nonprofit 4-year","Private nonprofit","4-year","Suburb","1,000-4,999","Baccalaureate","No","No",-72.5739,42.2549,2573,2314,99.9,50.5,5,8.5,6.9,23.1,90,,9,528,85,528,85,74.2,544,20,76,35782,17365,17670,21565,31425,42389,,501,58,,"Group 1",1
167057,"The New England Conservatory of Music","Boston","MA","New England","Private nonprofit 4-year","Private nonprofit","4-year","City","Under 1,000","Special focus","No","No",-71.0863,42.3409,878,412,46.4,37.6,2.4,2.2,13.8,37.1,94,,5,108,77.8,108,77.8,63.9,48,8,86,49544,26175,,33525,46237,49187,,105,182,7,"Group 1",1
167260,"Nichols College","Dudley","MA","New England","Private nonprofit 4-year","Private nonprofit","4-year","Suburb","1,000-4,999","Master's","No","No",-71.9303,42.044,1651,1265,34.9,70.4,9.2,11.9,1.7,2.8,72,,15,374,63.6,374,63.6,57.5,317,30,95,31032,27176,27084,28420,31323,34586,9,247,128,,"Group 3",3
167288,"Massachusetts College of Liberal Arts","North Adams","MA","New England","Public 4-year","Public","4-year","Town","Under 1,000","Baccalaureate","No","No",-73.1028,42.6914,1219,1009,57.9,61.1,8.4,9.5,2,0,69,,8,287,49.1,287,49.1,38.7,177,40,83,17705,14440,16990,15698,19147,23800,,207,34,,"Group 3",3
167358,"Northeastern University","Boston","MA","New England","Private nonprofit 4-year","Private nonprofit","4-year","City","20,000 and above","Doctoral","No","No",-71.0888,42.34,39566,22528,55.1,43.3,4.8,10.6,19.4,14,98,,16,3108,90.4,3108,90.4,,2519,12,65,34770,5900,6383,10482,20109,51753,,4492,4654,619,"Group 1",1
167394,"College of Our Lady of the Elms","Chicopee","MA","New England","Private nonprofit 4-year","Private nonprofit","4-year","Suburb","1,000-4,999","Master's","No","No",-72.6015,42.1418,1513,1103,75,46.4,10.9,17.5,2.7,0.6,76,,11,173,64.7,173,64.7,54.9,144,42,84,22311,18824,18265,18376,26565,27882,2,297,85,17,"Group 3",3
167598,"Regis College","Weston","MA","New England","Private nonprofit 4-year","Private nonprofit","4-year","Suburb","1,000-4,999","Master's","No","No",-71.3106,42.3513,3924,1387,81,37,8.8,15.9,2.9,1.4,81,0,11,272,69.5,272,69.1,57.4,203,28,81,30212,18783,25303,26175,28431,34543,127,315,620,114,"Group 1",1
167729,"Salem State University","Salem","MA","New England","Public 4-year","Public","4-year","Suburb","5,000-9,999","Master's","No","No",-70.8902,42.5036,7806,6001,65,54,9.4,22,3.5,2.7,74,20,11,1082,55,1082,55,40.9,858,35,71,19324,13384,14747,17712,21398,24642,,1140,494,,"Group 3",3
167783,"Simmons University","Boston","MA","New England","Private nonprofit 4-year","Private nonprofit","4-year","City","5,000-9,999","Doctoral","No","No",-71.1,42.3393,6488,1889,100,51.3,9.6,14.3,11.1,2.7,82,,9,400,71.2,400,71.2,67,395,30,95,29575,19518,20142,22473,28297,33812,,440,1474,139,"Group 1",1
167835,"Smith College","Northampton","MA","New England","Private nonprofit 4-year","Private nonprofit","4-year","City","1,000-4,999","Baccalaureate","No","No",-72.6381,42.3181,3192,2617,99.8,50.7,5.5,12.3,9.5,14.4,93,,8,638,89.7,638,89.7,75.2,619,18,69,27823,7033,9382,12149,17628,39722,,622,130,13,"Group 1",1
167899,"Springfield College","Springfield","MA","New England","Private nonprofit 4-year","Private nonprofit","4-year","City","1,000-4,999","Doctoral","No","No",-72.5566,42.1022,3050,2050,49.7,72.8,5.5,9.3,2.6,3.9,84,,11,655,67.6,655,67.6,63.7,525,22,100,29198,21252,25092,24226,28385,32494,,469,343,58,"Group 1",1
167987,"University of Massachusetts-Dartmouth","North Dartmouth","MA","New England","Public 4-year","Public","4-year","Suburb","5,000-9,999","Doctoral","No","No",-71.0046,41.6287,8726,6400,52.4,54.5,17.2,11.9,3.4,1.2,64,33,15,1311,49,1311,49,35,1300,36,83,20696,14122,16161,19022,24748,26993,,1130,437,142,"Group 3",3
167996,"Stonehill College","Easton","MA","New England","Private nonprofit 4-year","Private nonprofit","4-year","Suburb","1,000-4,999","Baccalaureate","No","No",-71.0806,42.059,2706,2640,54.6,75.4,5.2,6.8,2.6,1.5,85,,12,667,80.8,667,80.8,75.4,725,15,98,31134,17388,17643,21229,29268,34474,,528,25,,"Group 1",1
168005,"Suffolk University","Boston","MA","New England","Private nonprofit 4-year","Private nonprofit","4-year","City","5,000-9,999","Doctoral","No","No",-71.0609,42.3579,7239,4669,62,47.8,7.7,16.2,7.1,14.5,76,50,15,1061,59.8,1057,59.7,44.2,1254,27,93,33089,25575,26678,27191,29230,35802,1,909,575,365,"Group 1",1
168148,"Tufts University","Medford","MA","New England","Private nonprofit 4-year","Private nonprofit","4-year","Suburb","10,000-19,999","Doctoral","No","No",-71.1183,42.4086,15270,7631,55.4,44,5.9,9.7,15.5,11.8,96,,10,1409,93.3,1407,93.4,85.6,1666,12,40,33333,10526,11995,14963,26964,53400,,1613,1627,782,"Group 1",1
168218,"Wellesley College","Wellesley","MA","New England","Private nonprofit 4-year","Private nonprofit","4-year","Suburb","1,000-4,999","Baccalaureate","No","No",-71.3066,42.2916,2538,2538,97.6,31.8,7.4,14.3,22.2,14.6,96,,7,603,91.2,603,91.2,80.4,586,21,57,21501,5695,634,15511,24314,50305,,589,,,"Group 1",1
168227,"Wentworth Institute of Technology","Boston","MA","New England","Private nonprofit 4-year","Private nonprofit","4-year","City","1,000-4,999","Master's","No","No",-71.095,42.3366,4770,4506,22.6,56.1,7.5,11.1,9.2,5,86,100,16,966,68.6,964,68.8,54.7,830,23,89,35585,29805,29954,32278,34868,36660,6,817,139,,"Group 1",1
168254,"Western New England University","Springfield","MA","New England","Private nonprofit 4-year","Private nonprofit","4-year","City","1,000-4,999","Doctoral","No","No",-72.5205,42.115,3732,2578,42.9,72.1,5.4,10.6,3.1,2.3,75,0,12,767,63.9,767,63.9,58.5,589,25,98,31548,28987,26284,27102,30277,33983,,552,182,194,"Group 1",1
168263,"Westfield State University","Westfield","MA","New England","Public 4-year","Public","4-year","Suburb","1,000-4,999","Master's","No","No",-72.7965,42.1327,5532,4509,54.2,67,5.5,12.2,2.3,0.7,71,75,15,1008,54.9,1008,54.9,44.1,798,33,63,17723,11168,13563,16154,21803,24459,,890,271,,"Group 3",3
168281,"Wheaton College (Massachusetts)","Norton","MA","New England","Private nonprofit 4-year","Private nonprofit","4-year","Suburb","1,000-4,999","Baccalaureate","No","No",-71.184,41.9666,1739,1739,62.9,70.2,5.6,6.8,4.2,4.6,86,,12,502,75.7,502,75.7,68.5,494,20,96,31638,19884,22445,25454,28584,35859,,353,,,"Group 1",1
168342,"Williams College","Williamstown","MA","New England","Private nonprofit 4-year","Private nonprofit","4-year","Town","1,000-4,999","Baccalaureate","No","No",-73.2031,42.7127,2355,2302,53.1,47.6,5,12.8,13.1,9.2,97,,6,551,96.6,551,96.6,74,577,17,56,16988,-2421,-919,-123,8825,48374,,573,38,,"Group 1",1
168421,"Worcester Polytechnic Institute","Worcester","MA","New England","Private nonprofit 4-year","Private nonprofit","4-year","City","5,000-9,999","Doctoral","No","No",-71.8083,42.2749,7907,5544,36.9,61.7,2.7,8.5,11.7,6.8,94,,13,1124,88.4,1124,88.4,82.7,1354,10,96,47799,23870,22286,29195,37713,51567,,1088,785,88,"Group 1",1
168430,"Worcester State University","Worcester","MA","New England","Public 4-year","Public","4-year","City","5,000-9,999","Master's","No","No",-71.844,42.2675,7396,5475,60.1,57.6,10,17,5.5,1.4,77,36,15,899,55.5,899,55.5,40,788,29,57,14307,9035,10061,12665,17378,19939,,924,259,,"Group 2",2
168528,"Adrian College","Adrian","MI","Great Lakes","Private nonprofit 4-year","Private nonprofit","4-year","Town","1,000-4,999","Baccalaureate","No","No",-84.0615,41.8986,1892,1805,46.8,59.2,6.9,5.9,0.7,5.7,60,0,15,529,56,529,52.9,43.7,506,31,96,22053,15688,15581,19528,24062,26926,21,296,58,,"Group 3",3
168546,"Albion College","Albion","MI","Great Lakes","Private nonprofit 4-year","Private nonprofit","4-year","Town","1,000-4,999","Baccalaureate","No","No",-84.7456,42.245,1523,1523,53.4,53.6,16.3,11.6,1.4,3.2,69,,11,515,57.1,515,57.1,45.8,418,45,99,18470,11241,10541,14936,20176,25793,,281,,,"Group 3",3
168591,"Alma College","Alma","MI","Great Lakes","Private nonprofit 4-year","Private nonprofit","4-year","Town","1,000-4,999","Baccalaureate","No","No",-84.6721,43.38,1368,1341,52.5,79.6,4,4.5,1.1,4,76,,14,408,63.7,408,63.7,51.5,333,21,99,24862,18726,21279,22322,24627,26994,,276,6,,"Group 2",2
168740,"Andrews University","Berrien Springs","MI","Great Lakes","Private nonprofit 4-year","Private nonprofit","4-year","Town","1,000-4,999","Doctoral","No","No",-86.3558,41.9639,3958,1764,51.8,25.8,16,19.3,11.3,17.4,83,46,10,270,65.9,270,65.9,50.4,245,22,87,24874,17008,15853,13563,17761,24813,8,303,244,108,"Group 1",1
168786,"Aquinas College","Grand Rapids","MI","Great Lakes","Private nonprofit 4-year","Private nonprofit","4-year","City","1,000-4,999","Baccalaureate","No","No",-85.6288,42.9602,1362,1242,55.7,71.5,2.7,8,1.9,4.8,74,,11,312,62.5,312,62.2,42.6,307,23,94,19890,12141,12131,15423,20544,23349,1,245,31,,"Group 3",3
168847,"Baker College","Owosso","MI","Great Lakes","Private nonprofit 4-year","Private nonprofit","4-year","Town","1,000-4,999","Master's","No","No",-84.1724,42.9848,5318,4884,73.3,74.1,10,4.4,1.9,0,72,39,8,549,31.3,185,25.4,15.7,197,38,70,14743,13061,12467,15299,17482,19154,326,620,97,17,"Group 3",3
169080,"Calvin University","Grand Rapids","MI","Great Lakes","Private nonprofit 4-year","Private nonprofit","4-year","City","1,000-4,999","Master's","No","No",-85.5875,42.9299,3626,3211,51.9,67.9,5.1,5,5.5,12,88,,14,879,77.4,879,77.4,65.2,617,14,92,26374,20249,17974,21973,23732,28027,11,695,116,,"Group 1",1
169248,"Central Michigan University","Mount Pleasant","MI","Great Lakes","Public 4-year","Public","4-year","Town","10,000-19,999","Doctoral","No","No",-84.7752,43.5912,17041,11611,61.6,75,9.8,5.2,1.4,2.1,74,26,16,3045,61.8,3045,61.8,39.3,1984,31,80,15826,12672,11638,14182,17215,18780,,2493,1274,235,"Group 2",2
169363,"Concordia University Ann Arbor","Ann Arbor","MI","Great Lakes","Private nonprofit 4-year","Private nonprofit","4-year","City","1,000-4,999","Master's","No","No",-83.6827,42.2732,1363,1006,49.4,72.5,8.8,5.4,1.4,2.6,66,,14,188,50,188,48.9,17.6,224,24,86,28020,17589,25585,26032,26223,29926,,150,59,,"Group 3",3
169442,"College for Creative Studies","Detroit","MI","Great Lakes","Private nonprofit 4-year","Private nonprofit","4-year","City","1,000-4,999","Special focus","No","No",-83.0624,42.3618,1563,1497,65.1,52.5,13,6.2,5.1,7.1,76,44,10,237,69.6,237,69.6,45.1,251,28,90,34436,29648,27176,32467,33869,37605,,251,27,,"Group 1",1
169479,"Davenport University","Grand Rapids","MI","Great Lakes","Private nonprofit 4-year","Private nonprofit","4-year","Suburb","1,000-4,999","Master's","No","No",-85.5335,42.85,6244,4991,57.6,58.4,12.5,8.9,2.6,3,74,33,18,525,49.5,412,51.5,36.7,459,30,91,19799,19021,25217,23986,17614,24791,122,808,298,,"Group 2",2
169716,"University of Detroit Mercy","Detroit","MI","Great Lakes","Private nonprofit 4-year","Private nonprofit","4-year","City","5,000-9,999","Doctoral","No","No",-83.1392,42.4142,5767,3421,55.7,43.6,11.3,8.1,5.9,22.4,82,94,12,536,68.1,536,68.1,53.4,491,25,71,17987,12616,12414,15090,17762,22663,,619,383,371,"Group 2",2
169798,"Eastern Michigan University","Ypsilanti","MI","Great Lakes","Public 4-year","Public","4-year","Suburb","10,000-19,999","Doctoral","No","No",-83.6274,42.2517,16770,13790,59.3,56.3,17.2,9.1,3.6,3.8,68,44,15,2783,45.5,2783,45.5,23,1978,37,69,17388,14925,14959,16268,20089,22274,,2638,920,29,"Group 3",3
169910,"Ferris State University","Big Rapids","MI","Great Lakes","Public 4-year","Public","4-year","Town","5,000-9,999","Doctoral","No","No",-85.4819,43.6877,12162,10902,54.6,74.3,9,6.8,1.6,1.2,73,42,15,1780,47.9,550,53.6,31.3,1706,34,74,13154,5957,7962,12303,17193,19308,628,1736,181,202,"Group 3",3
169983,"Kettering University","Flint","MI","Great Lakes","Private nonprofit 4-year","Private nonprofit","4-year","City","1,000-4,999","Master's","No","No",-83.7128,43.0125,2167,1633,20.3,73.9,3.1,4,6.6,6.6,93,,11,370,70.5,370,70.5,15.9,294,17,97,33616,27584,24373,32117,34414,35912,,319,166,,"Group 1",1
170037,"Cornerstone University","Grand Rapids","MI","Great Lakes","Private nonprofit 4-year","Private nonprofit","4-year","City","1,000-4,999","Master's","No","No",-85.5953,42.98,2066,1640,62.3,70.4,9.3,7.3,1.9,6.3,84,,15,268,61.6,245,65.7,55.9,285,30,93,23147,17129,18158,21507,23345,25522,26,283,132,7,"Group 2",2
170082,"Grand Valley State University","Allendale","MI","Great Lakes","Public 4-year","Public","4-year","Town","20,000 and above","Doctoral","No","No",-85.8898,42.963,24603,20624,59.8,78.3,5.4,7.1,2.8,1.6,77,31,15,4089,68.6,4089,68.6,44.6,3843,26,72,17995,11395,11390,14507,20860,23541,,4144,979,103,"Group 2",2
170286,"Hillsdale College","Hillsdale","MI","Great Lakes","Private nonprofit 4-year","Private nonprofit","4-year","Town","1,000-4,999","Baccalaureate","No","No",-84.6332,41.9337,1794,1674,49.9,0,0,0,0,0,96,50,8,369,84.8,369,84.8,72.1,385,0,99,26030,,,,,,,325,20,2,"Group 1",1
170301,"Hope College","Holland","MI","Great Lakes","Private nonprofit 4-year","Private nonprofit","4-year","City","1,000-4,999","Baccalaureate","No","No",-86.101,42.7872,3282,3282,61.3,77.9,3.5,7.6,2.4,2.6,90,,11,778,82.3,778,82.3,69,955,16,93,28643,14365,16069,20837,26104,31356,,700,,,"Group 1",1
170532,"Kalamazoo College","Kalamazoo","MI","Great Lakes","Private nonprofit 4-year","Private nonprofit","4-year","City","1,000-4,999","Baccalaureate","No","No",-85.6019,42.2908,1376,1376,58.4,61,4.6,16.1,5.5,4.9,84,50,10,448,81.7,448,81.7,72.3,370,23,100,26050,14732,12833,17500,22143,29188,,298,,,"Group 1",1
170639,"Lake Superior State University","Sault Ste Marie","MI","Great Lakes","Public 4-year","Public","4-year","Town","1,000-4,999","Baccalaureate","No","No",-84.3656,46.4928,1815,1815,56.4,71.3,1.4,3.3,1,5,69,25,13,360,56.9,325,56.3,37.8,269,29,67,14345,9949,8477,12862,18261,20766,111,286,,,"Group 3",3
170675,"Lawrence Technological University","Southfield","MI","Great Lakes","Private nonprofit 4-year","Private nonprofit","4-year","City","1,000-4,999","Master's","No","No",-83.25,42.4741,3447,2603,33.5,51.7,14.7,4.2,4.6,9.9,77,20,11,358,62.6,358,62.3,24.6,420,17,69,33807,31328,29980,31375,35409,35303,10,373,189,3,"Group 1",1
170806,"Madonna University","Livonia","MI","Great Lakes","Private nonprofit 4-year","Private nonprofit","4-year","City","1,000-4,999","Master's","No","No",-83.4047,42.3843,2355,1903,62.8,64.2,10.9,4.7,2.8,10.9,72,0,10,270,58.1,267,58.1,39.3,248,30,75,18583,10809,12979,18806,20017,21909,5,507,98,9,"Group 3",3
170967,"Rochester University","Rochester Hills","MI","Great Lakes","Private nonprofit 4-year","Private nonprofit","4-year","Suburb","1,000-4,999","Baccalaureate","No","No",-83.145,42.6675,1318,1284,62.4,61.6,16.5,4.4,2,2.2,67,17,13,157,41.4,157,40.8,22.9,222,31,72,19660,15716,13338,19451,22280,21860,25,177,14,,"Group 3",3
170976,"University of Michigan-Ann Arbor","Ann Arbor","MI","Great Lakes","Public 4-year","Public","4-year","City","20,000 and above","Doctoral","No","No",-83.7348,42.2784,53422,33921,52,50.6,4.1,8.2,17.8,9.3,98,81,11,6812,93.2,6812,93.2,82,7024,18,52,19005,4926,5389,8756,16042,26787,,7931,5800,1625,"Group 1",1
171100,"Michigan State University","East Lansing","MI","Great Lakes","Public 4-year","Public","4-year","City","20,000 and above","Doctoral","No","No",-84.4761,42.7321,54390,41943,51.5,66.6,7,6,7.7,6.2,91,72,17,8138,82.2,8007,82.5,65.4,9655,20,73,24630,8119,13980,20378,25940,28327,,8741,2010,1461,"Group 2",2
171128,"Michigan Technological University","Houghton","MI","Great Lakes","Public 4-year","Public","4-year","Town","5,000-9,999","Doctoral","No","No",-88.5481,47.1187,7509,5941,30,84,1.1,3,2.4,0.9,88,71,13,1314,68.7,1314,68.7,34.4,1381,18,91,17928,5021,6773,10202,16222,24344,3,1094,384,86,"Group 2",2
171137,"University of Michigan-Dearborn","Dearborn","MI","Great Lakes","Public 4-year","Public","4-year","City","5,000-9,999","Master's","No","No",-83.2314,42.3173,9455,6862,47.3,65.7,8.3,6.9,9.4,3.1,81,59,16,1068,56.6,1068,56.5,29.7,976,44,76,12798,8160,8157,9589,15656,19586,,1377,753,24,"Group 2",2
171146,"University of Michigan-Flint","Flint","MI","Great Lakes","Public 4-year","Public","4-year","City","5,000-9,999","Doctoral","No","No",-83.6903,43.0187,7182,5531,64.1,66.3,14,5.9,2.6,1.8,76,49,14,653,44.6,653,44.6,20.2,484,35,65,12344,5994,8152,11010,15096,18709,,955,345,170,"Group 3",3
171456,"Northern Michigan University","Marquette","MI","Great Lakes","Public 4-year","Public","4-year","Town","5,000-9,999","Master's","No","No",-87.4066,46.5598,7760,7074,58.8,83.7,1.6,4.1,0.9,1,76,20,18,1485,50.8,1032,53.5,33,1403,27,78,17937,9098,11494,15948,20616,22762,235,1240,171,3,"Group 2",2
171492,"Northwood University","Midland","MI","Great Lakes","Private nonprofit 4-year","Private nonprofit","4-year","City","1,000-4,999","Special focus","No","No",-84.2768,43.6287,2911,2409,39.2,68.5,8.8,7.3,1.9,2.1,79,47,13,262,61.1,262,61.1,50.8,228,25,54,26429,23137,21931,25179,25556,29125,52,613,146,1,"Group 1",1
171571,"Oakland University","Rochester Hills","MI","Great Lakes","Public 4-year","Public","4-year","Suburb","10,000-19,999","Doctoral","No","No",-83.2164,42.6746,18762,14899,57.9,69.6,9.1,4.8,6.4,2,75,52,17,2420,56.9,2420,56.9,33.5,2069,30,65,15734,9004,8807,12229,18508,22034,,3213,781,246,"Group 2",2
171599,"The University of Olivet","Olivet","MI","Great Lakes","Private nonprofit 4-year","Private nonprofit","4-year","Rural","Under 1,000","Baccalaureate","No","No",-84.9239,42.4429,958,896,39,64.8,18.2,7.1,0.8,0.2,57,100,14,324,37,324,37,27.8,271,42,92,23533,20658,24502,17447,21904,25220,,176,22,,"Group 3",3
172051,"Saginaw Valley State University","University Center","MI","Great Lakes","Public 4-year","Public","4-year","Suburb","5,000-9,999","Master's","No","No",-83.9643,43.5118,7838,6986,63.8,75.8,7.9,5.3,1.1,3.3,75,21,15,1217,53.8,1217,53.8,19.4,1323,32,82,15144,10545,11338,13963,16972,18491,,1267,264,5,"Group 3",3
172264,"Siena Heights University","Adrian","MI","Great Lakes","Private nonprofit 4-year","Private nonprofit","4-year","Town","1,000-4,999","Master's","No","No",-84.0188,41.9056,2233,2042,55.9,56.6,10.9,7.2,1.2,3,72,0,12,270,51.1,269,51.3,33.5,277,31,84,17740,16529,15075,17350,19918,16204,8,547,74,,"Group 3",3
172334,"Spring Arbor University","Spring Arbor","MI","Great Lakes","Private nonprofit 4-year","Private nonprofit","4-year","Rural","1,000-4,999","Master's","No","No",-84.5561,42.2066,2858,1219,65,67.8,5.5,4.4,1,2.5,74,100,11,269,59.9,269,59.5,43.5,227,26,79,21720,16569,18940,18556,21635,23328,2,339,518,11,"Group 3",3
172644,"Wayne State University","Detroit","MI","Great Lakes","Public 4-year","Public","4-year","City","20,000 and above","Doctoral","No","No",-83.069,42.359,27127,18219,59.3,54.7,16.6,7.2,13,1.9,82,47,13,2566,56.5,2566,56.5,32.6,2459,43,75,16021,12337,12560,14864,19189,21543,,3639,1652,778,"Group 3",3
172699,"Western Michigan University","Kalamazoo","MI","Great Lakes","Public 4-year","Public","4-year","City","10,000-19,999","Doctoral","No","No",-85.6138,42.2822,18774,14687,50.2,67.9,8.5,8.5,2.6,5.7,80,43,16,3133,57.8,3133,57.8,29,2578,25,67,20183,9557,10010,18710,23468,25313,,3329,913,181,"Group 2",2
173045,"Augsburg University","Minneapolis","MN","Plains","Private nonprofit 4-year","Private nonprofit","4-year","City","1,000-4,999","Master's","No","No",-93.2404,44.9663,3625,2591,56.6,37.8,25.2,13.5,10.9,2.7,70,0,13,431,52.4,431,52.4,41.1,601,51,97,24807,21376,20901,20478,24741,30427,,503,229,26,"Group 3",3
173124,"Bemidji State University","Bemidji","MN","Plains","Public 4-year","Public","4-year","Town","1,000-4,999","Master's","No","No",-94.8741,47.4823,5061,4557,59.4,75.2,3.1,3.3,1.9,1.6,78,29,16,736,53.4,736,51.9,36.8,445,26,58,16349,10918,11000,13262,18000,21518,40,842,88,,"Group 2",2
173142,"Bethany Lutheran College","Mankato","MN","Plains","Private nonprofit 4-year","Private nonprofit","4-year","City","Under 1,000","Baccalaureate","No","No",-93.9908,44.1666,932,882,53.2,64.4,2.5,9.2,1.8,16.7,80,,12,136,59.6,136,59.6,42.6,176,22,80,19456,15667,10224,16099,17008,23753,,115,7,,"Group 3",3
173160,"Bethel University","Saint Paul","MN","Plains","Private nonprofit 4-year","Private nonprofit","4-year","Suburb","1,000-4,999","Doctoral","No","No",-93.1617,45.0577,4541,3215,59.9,71.8,5.9,6.6,5.7,0.2,87,40,12,581,75.2,581,74.5,64.2,440,19,74,30375,22031,20796,22279,27603,33418,34,546,280,38,"Group 1",1
173258,"Carleton College","Northfield","MN","Plains","Private nonprofit 4-year","Private nonprofit","4-year","Town","1,000-4,999","Baccalaureate","No","No",-93.1547,44.4623,2106,2106,50.5,51.9,6.7,9.8,10.2,10.1,96,,8,522,91.2,522,91.2,82.6,532,14,62,29434,12069,11350,10999,17900,41028,,481,,,"Group 1",1
173300,"Concordia College at Moorhead","Moorhead","MN","Plains","Private nonprofit 4-year","Private nonprofit","4-year","Suburb","1,000-4,999","Baccalaureate","No","No",-96.7675,46.8625,1975,1878,53.5,76.8,4,3.2,2.9,6.7,78,,12,568,71.8,568,71.8,62,444,20,93,25488,20609,18518,21948,26257,29795,,398,16,,"Group 1",1
173328,"Concordia University-Saint Paul","Saint Paul","MN","Plains","Private nonprofit 4-year","Private nonprofit","4-year","City","5,000-9,999","Master's","No","No",-93.1549,44.9498,7449,3916,67.1,53.6,14.3,9.4,10.9,1.1,67,50,15,245,58.8,243,57.6,45.3,298,34,65,17989,15356,15388,15449,18112,22335,30,887,880,50,"Group 3",3
173452,"Martin Luther College","New Ulm","MN","Plains","Private nonprofit 4-year","Private nonprofit","4-year","Town","Under 1,000","Special focus","No","No",-94.4723,44.3053,1306,1109,58.3,91.4,1.2,1.6,1,2,85,,10,182,71.4,182,71.4,45.6,145,23,81,21072,12474,14427,17415,21090,24323,,153,17,,"Group 1",1
173647,"Gustavus Adolphus College","Saint Peter","MN","Plains","Private nonprofit 4-year","Private nonprofit","4-year","Town","1,000-4,999","Baccalaureate","No","No",-93.9722,44.3236,2143,2143,56.3,79.7,2.8,4.9,3.3,4.2,84,,11,588,75.9,588,75.9,63.4,464,21,93,28805,15799,14251,17611,26149,34227,,536,,,"Group 1",1
173665,"Hamline University","Saint Paul","MN","Plains","Private nonprofit 4-year","Private nonprofit","4-year","City","1,000-4,999","Master's","No","No",-93.1645,44.9662,3177,1919,63.1,55.4,12,12,8.5,0.7,74,,13,532,57.7,532,57.7,48.5,477,40,97,22759,18011,15893,19628,24313,27061,,402,264,15,"Group 3",3
173902,"Macalester College","Saint Paul","MN","Plains","Private nonprofit 4-year","Private nonprofit","4-year","City","1,000-4,999","Baccalaureate","No","No",-93.1681,44.9386,2197,2197,57.6,54.1,5.8,10.2,7.6,12.9,95,,10,542,90.4,542,90.4,81.5,552,17,87,38571,12877,11441,13050,26584,43253,,511,,,"Group 1",1
173920,"Minnesota State University-Mankato","Mankato","MN","Plains","Public 4-year","Public","4-year","City","10,000-19,999","Master's","No","No",-93.9994,44.1467,18038,15505,56,70.6,5.9,6,3.8,8.4,80,35,21,2251,54.1,2251,53.5,33,2281,20,54,17227,11920,12568,15200,19870,21860,71,2611,606,37,"Group 2",2
174066,"University of Minnesota-Twin Cities","Minneapolis","MN","Plains","Public 4-year","Public","4-year","City","20,000 and above","Doctoral","No","No",-93.2355,44.9729,59150,42178,55.1,59.6,7.9,6,11.6,5.1,91,69,16,6179,84.8,6179,84.8,74.1,6705,17,51,16730,7262,7634,10861,17909,26623,,7471,3079,1803,"Group 2",2
174075,"University of Minnesota-Crookston","Crookston","MN","Plains","Public 4-year","Public","4-year","Town","1,000-4,999","Baccalaureate","No","No",-96.6062,47.8025,2769,2769,58.4,73.3,4.6,4,3,2.9,77,63,17,187,49.7,187,49.7,40.1,179,19,42,13442,3746,3498,8362,13515,18544,,359,,,"Group 2",2
174127,"Minneapolis College of Art and Design","Minneapolis","MN","Plains","Private nonprofit 4-year","Private nonprofit","4-year","City","Under 1,000","Special focus","No","No",-93.2747,44.957,885,742,66.8,64.2,5,10.9,7.8,2.3,82,,10,133,69.2,133,69.2,60.2,160,40,98,27031,20912,20630,22690,28900,31859,,125,40,,"Group 1",1
174233,"University of Minnesota-Duluth","Duluth","MN","Plains","Public 4-year","Public","4-year","City","5,000-9,999","Master's","No","No",-92.0844,46.8171,10319,9390,49.8,73.5,2.2,3.4,3.1,1.2,81,43,16,2256,64.5,2256,64.5,46.4,1956,18,66,19542,6393,7919,11619,18262,24658,,1783,202,3,"Group 2",2
174251,"University of Minnesota-Morris","Morris","MN","Plains","Public 4-year","Public","4-year","Town","1,000-4,999","Baccalaureate","No","No",-95.8997,45.5898,1146,1146,56.3,53.8,3.3,6.5,1.6,3.4,73,25,9,352,61.9,352,61.9,46.6,269,31,88,9539,-544,753,5967,10818,19048,,226,,,"Group 3",3
174358,"Minnesota State University Moorhead","Moorhead","MN","Plains","Public 4-year","Public","4-year","Suburb","1,000-4,999","Master's","No","No",-96.7595,46.8672,6072,4627,62.9,76.8,6.1,4.4,2,4,72,29,17,829,54.6,829,53.7,35.7,624,27,64,18231,13260,12969,14544,19410,21573,13,965,282,22,"Group 2",2
174437,"North Central University","Minneapolis","MN","Plains","Private nonprofit 4-year","Private nonprofit","4-year","City","Under 1,000","Baccalaureate","No","No",-93.2615,44.9686,1063,945,53.9,62.4,9.1,13.7,4.7,2.2,78,67,11,195,63.6,194,62.4,57.2,180,43,86,23694,19345,19101,21877,28667,28269,,207,14,,"Group 3",3
174491,"University of Northwestern-St Paul","Saint Paul","MN","Plains","Private nonprofit 4-year","Private nonprofit","4-year","Suburb","1,000-4,999","Master's","No","No",-93.1678,45.0337,3557,3432,61.1,80.2,4.1,4.6,3.6,1,84,0,15,392,68.4,391,66.8,60.1,394,15,46,26779,21812,19037,20077,24781,29865,33,387,49,,"Group 1",1
174747,"College of Saint Benedict","Saint Joseph","MN","Plains","Private nonprofit 4-year","Private nonprofit","4-year","Suburb","1,000-4,999","Baccalaureate","No","No",-94.3199,45.5618,1506,1479,100,80.1,2.8,9.8,3.5,3.3,88,,11,519,83,519,83,78.8,324,19,99,29720,14326,15818,22544,27611,32617,,398,,,"Group 1",1
174783,"Saint Cloud State University","Saint Cloud","MN","Plains","Public 4-year","Public","4-year","City","10,000-19,999","Master's","No","No",-94.1527,45.5532,12711,10199,55.3,67,8.4,4.4,4.3,7.9,68,44,17,1456,46.9,1456,45.6,26.8,736,20,47,14648,9772,10298,13125,17908,20104,111,1316,504,19,"Group 2",2
174792,"Saint Johns University","Collegeville","MN","Plains","Private nonprofit 4-year","Private nonprofit","4-year","Rural","1,000-4,999","Baccalaureate","No","No",-94.3936,45.5801,1705,1557,0,79.9,4.2,6.9,3.9,3.6,83,,12,465,75.7,465,75.7,65.8,383,18,98,29473,12907,12050,17390,22575,34579,,329,25,,"Group 1",1
174817,"Saint Mary's University of Minnesota","Winona","MN","Plains","Private nonprofit 4-year","Private nonprofit","4-year","Town","1,000-4,999","Doctoral","No","No",-91.6954,44.0447,5727,1729,54.3,63.3,7.4,10.6,3.2,1.8,79,,18,300,67.7,300,67.7,61.7,215,22,86,22518,14421,14972,14418,21072,25934,,318,985,43,"Group 2",2
174844,"St Olaf College","Northfield","MN","Plains","Private nonprofit 4-year","Private nonprofit","4-year","Town","1,000-4,999","Baccalaureate","No","No",-93.182,44.4615,3120,3120,58.1,66.7,3.5,8.7,6,10.2,91,,12,782,83.5,782,83.5,79.3,869,20,98,27282,9504,11927,15236,21245,32708,,687,,,"Group 1",1
174862,"Crown College","Saint Bonifacius","MN","Plains","Private nonprofit 4-year","Private nonprofit","4-year","Rural","1,000-4,999","Master's","No","No",-93.743,44.8854,1872,1402,55,77.5,5.2,6.8,3.8,2.3,67,44,22,129,64.3,124,62.9,56.5,191,24,55,27196,25998,23578,26296,28168,29489,29,155,129,,"Group 2",2
174899,"The College of Saint Scholastica","Duluth","MN","Plains","Private nonprofit 4-year","Private nonprofit","4-year","City","1,000-4,999","Doctoral","No","No",-92.1061,46.8161,4109,2329,69.4,77.2,5.6,3.3,2.6,3.1,78,0,10,481,63,481,63,53.8,366,23,82,23913,14932,17452,18824,25155,29389,,661,285,192,"Group 1",1
174914,"University of St Thomas","Saint Paul","MN","Plains","Private nonprofit 4-year","Private nonprofit","4-year","City","5,000-9,999","Doctoral","No","No",-93.189,44.9434,10012,6253,48.4,67.8,5.9,8.5,5.1,4.1,86,0,13,1494,75.2,1387,76.8,68.6,1569,20,95,32637,26922,27049,26471,29807,34192,44,1339,880,195,"Group 1",1
175005,"St Catherine University","Saint Paul","MN","Plains","Private nonprofit 4-year","Private nonprofit","4-year","City","1,000-4,999","Doctoral","No","No",-93.1838,44.9249,4261,2887,94.6,51.3,15.3,12.9,11.8,0.3,78,14,10,390,65.1,387,64.3,51.2,324,36,80,22357,17519,19312,19862,22036,26483,154,568,420,93,"Group 3",3
175078,"Southwest Minnesota State University","Marshall","MN","Plains","Public 4-year","Public","4-year","Town","5,000-9,999","Master's","No","No",-95.7595,44.4537,8521,7913,62.3,79.9,3.7,5.3,1.8,1.6,70,55,16,329,44.1,329,42.6,29.5,319,11,24,14839,9440,11263,12810,16813,19513,20,424,161,,"Group 2",2
175272,"Winona State University","Winona","MN","Plains","Public 4-year","Public","4-year","Town","5,000-9,999","Master's","No","No",-91.6437,44.0462,7029,6088,67.9,80.9,3.4,4.3,3.6,2.2,78,31,15,1593,60.9,1593,59.9,44.9,1157,23,69,18919,11400,12486,15495,19388,21306,40,1350,197,61,"Group 2",2
175342,"Alcorn State University","Alcorn State","MS","Southeast","Public 4-year","Public","4-year","Rural","1,000-4,999","Master's","Yes","No",-91.1429,31.8772,3417,2814,67.3,2.7,94.5,0.9,0.1,0.9,79,28,16,728,46.2,728,45.3,34.8,459,77,83,13155,13010,14640,16450,17658,12089,22,475,147,4,"Group 4",4
175421,"Belhaven University","Jackson","MS","Southeast","Private nonprofit 4-year","Private nonprofit","4-year","City","1,000-4,999","Doctoral","No","No",-90.1692,32.3184,4879,1936,62.9,38.6,39.2,3.4,0.6,1.5,69,50,13,221,51.1,220,51.4,37.3,257,45,77,22145,16855,17039,24853,28359,25276,17,389,687,33,"Group 3",3
175430,"Blue Mountain Christian University","Blue Mountain","MS","Southeast","Private nonprofit 4-year","Private nonprofit","4-year","Rural","Under 1,000","Baccalaureate","No","No",-89.0292,34.6721,1092,1041,52.2,66.9,15.6,7.5,1.3,5.2,74,,15,125,51.2,125,51.2,44,90,26,59,16525,14058,15675,18309,19476,23067,,143,29,,"Group 3",3
175616,"Delta State University","Cleveland","MS","Southeast","Public 4-year","Public","4-year","Town","1,000-4,999","Master's","No","No",-90.7354,33.7447,3375,2230,59.8,56.4,32.6,2.2,0.5,3.1,74,40,11,318,46.9,318,46.9,30.5,212,43,78,13457,11183,11200,15514,17418,17117,,417,274,19,"Group 3",3
175856,"Jackson State University","Jackson","MS","Southeast","Public 4-year","Public","4-year","City","5,000-9,999","Doctoral","Yes","No",-90.2074,32.2961,7764,5351,63.4,1.9,94.8,0.4,0.2,1.4,68,28,15,932,32.2,932,32.2,19,1068,68,83,19892,19018,19006,22679,26845,23333,,831,429,68,"Group 4",4
175980,"Millsaps College","Jackson","MS","Southeast","Private nonprofit 4-year","Private nonprofit","4-year","City","Under 1,000","Baccalaureate","No","No",-90.18,32.3227,698,623,46.1,59.4,27.3,4.5,3.2,2.1,73,,9,229,55.5,213,59.6,57.7,181,36,99,26739,20651,20231,26671,26007,32686,,132,29,,"Group 3",3
176017,"University of Mississippi","University","MS","Southeast","Public 4-year","Public","4-year","Town","20,000 and above","Doctoral","No","No",-89.5374,34.3655,24701,19017,57,76.6,11.6,4.8,2,1.9,88,47,17,3634,68.5,3634,68.5,55.2,4429,22,73,14946,8030,9213,15525,19319,20769,,3846,1147,730,"Group 2",2
176035,"Mississippi University for Women","Columbus","MS","Southeast","Public 4-year","Public","4-year","Town","1,000-4,999","Master's","No","No",-88.4186,33.4933,2973,2610,78.2,56.9,37.7,0.8,2.5,0.8,72,33,10,217,37.8,217,37.3,24.4,121,42,91,12617,11376,13027,11964,18894,18012,37,704,122,6,"Group 3",3
176044,"Mississippi Valley State University","Itta Bena","MS","Southeast","Public 4-year","Public","4-year","Rural","1,000-4,999","Master's","Yes","No",-90.3413,33.5141,2427,2180,56.5,11,79.5,3.3,0.6,0,58,30,13,402,22.1,402,22.1,13.9,205,60,70,12304,11034,12613,14074,12513,10335,,238,90,,"Group 4",4
176053,"Mississippi College","Clinton","MS","Southeast","Private nonprofit 4-year","Private nonprofit","4-year","Suburb","1,000-4,999","Doctoral","No","No",-90.3298,32.3355,4763,2729,58,69.3,17.1,3,2,3.6,80,75,14,562,62.8,562,62.8,53.7,372,26,95,21135,18767,17892,22204,24054,22565,,541,565,134,"Group 2",2
176080,"Mississippi State University","Mississippi State","MS","Southeast","Public 4-year","Public","4-year","Town","20,000 and above","Doctoral","No","No",-88.7901,33.4549,25193,19991,50.5,73.1,16.2,3.8,1.6,1.2,83,43,16,3424,62.9,3424,62.9,42.8,3367,29,83,16480,11968,12879,16750,19608,20463,,4416,1127,242,"Group 2",2
176318,"Rust College","Holly Springs","MS","Southeast","Private nonprofit 4-year","Private nonprofit","4-year","Town","Under 1,000","Baccalaureate","Yes","No",-89.447,34.7769,629,629,51.7,3.5,93.3,1.3,1,1,10,,11,141,27,141,27,24.1,137,69,95,8234,8487,7178,11635,9226,7027,,79,,,"Group 4",4
176372,"University of Southern Mississippi","Hattiesburg","MS","Southeast","Public 4-year","Public","4-year","City","10,000-19,999","Doctoral","No","No",-89.3312,31.3266,15528,11611,64.2,59,28.5,4.2,1.6,2,70,35,15,1894,50.6,1894,50.6,34.4,1593,47,80,14050,12798,11574,16248,18212,19561,,2551,854,273,"Group 4",4
176406,"Tougaloo College","Tougaloo","MS","Southeast","Private nonprofit 4-year","Private nonprofit","4-year","City","Under 1,000","Baccalaureate","Yes","No",-90.1608,32.403,718,694,61.7,0.7,88.6,2.2,0.1,0.1,71,,14,195,32.3,195,31.3,29.7,124,62,73,12158,14824,15342,21637,21470,22070,23,90,4,,"Group 4",4
176479,"William Carey University","Hattiesburg","MS","Southeast","Private nonprofit 4-year","Private nonprofit","4-year","City","5,000-9,999","Doctoral","No","No",-89.2918,31.3053,7196,4294,64.7,59.2,27.8,3.7,1.7,4.4,80,100,13,169,40.8,169,40.8,32,173,25,50,17192,15423,16219,15717,18865,19800,,565,563,239,"Group 3",3
176628,"Avila University","Kansas City","MO","Plains","Private nonprofit 4-year","Private nonprofit","4-year","City","1,000-4,999","Master's","No","No",-94.5918,38.9134,1574,1124,61.7,46.3,26.5,19.1,2,1.6,68,,13,183,42.6,183,42.6,26.2,184,49,92,17482,13998,13672,15084,19985,20868,,216,105,,"Group 3",3
176947,"Central Methodist University-College of Liberal Arts and Sciences","Fayette","MO","Plains","Private nonprofit 4-year","Private nonprofit","4-year","Rural","1,000-4,999","Baccalaureate","No","No",-92.6853,39.1505,1138,1138,51.8,62,11.4,8.5,1,9.3,65,50,11,280,52.5,270,54.4,43.7,292,37,100,25050,22570,24407,24195,28138,28601,12,238,,,"Group 3",3
176965,"University of Central Missouri","Warrensburg","MO","Plains","Public 4-year","Public","4-year","Town","10,000-19,999","Master's","No","No",-93.7374,38.7591,16310,10045,56.8,76.4,7.1,5,1.4,2.1,70,39,19,1662,49.4,1662,49.4,36,1010,26,70,15728,11862,12458,14997,17915,18752,,1484,2110,,"Group 2",2
177065,"Columbia College","Columbia","MO","Plains","Private nonprofit 4-year","Private nonprofit","4-year","City","5,000-9,999","Master's","No","No",-92.3264,38.9574,8729,8255,57.6,51.6,22.1,12.2,2.3,2.4,67,33,20,335,45.7,263,41.8,30.4,290,44,58,22655,26212,21960,24477,21728,21856,535,1066,182,,"Group 4",4
177144,"Culver-Stockton College","Canton","MO","Plains","Private nonprofit 4-year","Private nonprofit","4-year","Rural","1,000-4,999","Baccalaureate","No","No",-91.5294,40.129,1082,948,45.8,69.3,13.7,7.6,1.1,4,67,,17,303,50.2,303,50.2,43.2,263,36,90,22103,16859,18483,22385,24019,24597,,164,33,,"Group 3",3
177214,"Drury University","Springfield","MO","Plains","Private nonprofit 4-year","Private nonprofit","4-year","City","1,000-4,999","Master's","No","No",-93.2862,37.2197,1731,1428,54.3,73.9,2.8,2.1,2.5,7.5,77,,13,359,66,359,66,43.5,403,27,99,22194,17073,17104,19602,23003,25628,,250,93,,"Group 3",3
177339,"Evangel University","Springfield","MO","Plains","Private nonprofit 4-year","Private nonprofit","4-year","City","1,000-4,999","Master's","No","No",-93.2626,37.221,2278,1474,52.4,74.2,4.8,7.2,1.5,1.6,79,,12,358,64.8,358,64,53.9,335,36,100,18748,13335,16026,18882,19692,21472,4,313,143,24,"Group 3",3
177418,"Fontbonne University","Saint Louis","MO","Plains","Private nonprofit 4-year","Private nonprofit","4-year","Suburb","Under 1,000","Master's","No","No",-90.3157,38.6427,1099,780,52.9,57.8,22.9,1.5,1.7,6.7,64,0,9,139,56.8,139,56.8,43.9,181,48,94,19519,13464,14682,20742,23296,25373,,137,147,5,"Group 3",3
177542,"Hannibal-LaGrange University","Hannibal","MO","Plains","Private nonprofit 4-year","Private nonprofit","4-year","Town","Under 1,000","Baccalaureate","No","No",-91.3909,39.729,598,505,51.9,71.7,8.3,4.6,1.4,6.5,79,100,7,167,44.3,150,39.3,31.3,53,29,73,20640,9571,12221,19304,22094,23435,15,98,22,,"Group 3",3
177551,"Harris-Stowe State University","Saint Louis","MO","Plains","Public 4-year","Public","4-year","City","1,000-4,999","Baccalaureate","Yes","No",-90.2243,38.6317,1354,1354,69.2,3.1,81.8,2.5,0.4,4.1,69,0,14,259,27.4,259,27.4,13.5,230,73,98,9302,12412,13088,15521,19501,19616,,244,,,"Group 4",4
177746,"Kansas City Art Institute","Kansas City","MO","Plains","Private nonprofit 4-year","Private nonprofit","4-year","City","Under 1,000","Special focus","No","No",-94.5836,39.0464,769,769,76.7,61.6,8.1,14.4,5.1,1.4,75,,10,171,64.9,171,64.9,52.6,187,42,100,30142,27374,25954,27533,29454,34880,,132,,,"Group 3",3
177940,"Lincoln University","Jefferson City","MO","Plains","Public 4-year","Public","4-year","City","1,000-4,999","Baccalaureate","Yes","No",-92.1667,38.5644,2446,2311,57.8,45.1,40,3.4,1,3.5,50,0,13,466,22.1,453,22.1,10.4,341,46,66,12673,9052,10454,18340,19355,21265,12,199,44,,"Group 4",4
177968,"Lindenwood University","Saint Charles","MO","Plains","Private nonprofit 4-year","Private nonprofit","4-year","City","5,000-9,999","Master's","No","No",-90.5013,38.7854,10113,5511,56.4,61.5,13.8,4.6,2,6.8,73,14,13,934,50.3,934,50.3,37.5,865,29,84,18698,14581,15129,17960,18796,20715,,997,695,35,"Group 3",3
178059,"Maryville University of Saint Louis","Saint Louis","MO","Plains","Private nonprofit 4-year","Private nonprofit","4-year","Suburb","5,000-9,999","Doctoral","No","No",-90.506,38.6448,13083,7459,68.7,63.4,14.7,8.9,3.2,2.2,83,31,13,604,71.5,604,71.5,61.4,695,36,70,26733,21213,21377,23346,28455,30216,,959,1234,247,"Group 1",1
178244,"Missouri Baptist University","Saint Louis","MO","Plains","Private nonprofit 4-year","Private nonprofit","4-year","Suburb","5,000-9,999","Master's","No","No",-90.4626,38.6415,6082,5166,58.6,41.3,5.2,0.5,1.1,1.3,67,40,21,276,48.2,245,47.8,33.5,304,13,31,26117,23437,24367,24627,26652,27950,22,382,203,20,"Group 2",2
178341,"Missouri Southern State University","Joplin","MO","Plains","Public 4-year","Public","4-year","City","1,000-4,999","Master's","No","No",-94.4617,37.0952,4658,4549,61.8,68.3,6,8.1,2.9,3.1,70,22,16,960,38.3,907,35.2,23,553,35,60,11264,9021,10467,12646,15035,15196,97,709,35,,"Group 4",4
178369,"Missouri Valley College","Marshall","MO","Plains","Private nonprofit 4-year","Private nonprofit","4-year","Town","1,000-4,999","Baccalaureate","No","No",-93.1907,39.1085,1748,1698,44.9,43.6,12,9.1,0.8,26.1,53,25,16,388,24.5,384,24.7,18.2,377,30,81,18396,15550,17802,17712,21033,20044,6,190,17,,"Group 4",4
178387,"Missouri Western State University","Saint Joseph","MO","Plains","Public 4-year","Public","4-year","City","1,000-4,999","Master's","No","No",-94.7856,39.7575,4550,4328,61.4,69,10.6,1.3,2,1,59,18,14,892,39.8,870,39.7,24,564,28,60,12764,10342,11014,12834,16231,17619,21,637,79,,"Group 3",3
178396,"University of Missouri-Columbia","Columbia","MO","Plains","Public 4-year","Public","4-year","City","20,000 and above","Doctoral","No","No",-92.3288,38.9453,33993,25276,53.8,78.5,5.6,5.5,2.9,1.3,91,66,17,4084,76.2,4084,76.2,56.4,4928,20,76,20006,13599,13676,15707,21455,24637,,5508,1585,758,"Group 2",2
178402,"University of Missouri-Kansas City","Kansas City","MO","Plains","Public 4-year","Public","4-year","City","10,000-19,999","Doctoral","No","No",-94.5821,39.0342,17882,11472,59.3,55.7,12.1,12.7,8,3.7,77,38,14,1213,55.9,1116,54.7,35.1,1139,25,53,14201,9214,9567,11602,18659,20762,,1578,1496,616,"Group 2",2
178411,"Missouri University of Science and Technology","Rolla","MO","Plains","Public 4-year","Public","4-year","Town","5,000-9,999","Doctoral","No","No",-91.7756,37.9534,7637,5772,24,78.7,3,5.4,4.3,2.5,86,60,19,1412,63.6,1412,63.6,26.8,1136,21,86,14414,9530,10333,12585,16140,16558,,1135,475,89,"Group 2",2
178420,"University of Missouri-St Louis","Saint Louis","MO","Plains","Public 4-year","Public","4-year","Suburb","10,000-19,999","Doctoral","No","No",-90.3111,38.7103,18033,14686,57.6,69.8,13.2,3.7,5.2,1.2,68,32,13,466,56.9,466,56.7,36.1,415,18,41,11577,10019,9080,12980,19284,18260,,1468,678,210,"Group 3",3
178615,"Truman State University","Kirksville","MO","Plains","Public 4-year","Public","4-year","Town","1,000-4,999","Master's","No","No",-92.5817,40.1883,4316,3864,59.4,78.3,2.3,3.6,2.2,8.9,84,0,12,1319,68.4,1319,68.4,57.2,698,15,74,12798,7322,7585,11125,14616,15816,,782,173,,"Group 2",2
178624,"Northwest Missouri State University","Maryville","MO","Plains","Public 4-year","Public","4-year","Town","5,000-9,999","Master's","No","No",-94.8833,40.3517,10926,5941,60.6,80.8,4.4,4.8,1.7,2.5,74,58,19,1160,57.5,1157,57,43.5,1076,27,73,15497,11120,11907,13258,16939,19742,,1074,1363,,"Group 2",2
178679,"Ozark Christian College","Joplin","MO","Plains","Private nonprofit 4-year","Private nonprofit","4-year","City","Under 1,000","Special focus","No","No",-94.5106,37.1032,736,644,45.3,82.6,2,6.7,1.4,2,77,25,13,106,67.9,101,57.4,35.6,142,38,93,17968,15279,15868,17578,18782,19161,22,107,,,"Group 3",3
178697,"College of the Ozarks","Point Lookout","MO","Plains","Private nonprofit 4-year","Private nonprofit","4-year","Town","1,000-4,999","Baccalaureate","No","No",-93.2382,36.616,1675,1675,58,86.1,1.3,4.4,1.3,1.5,88,,14,367,61.3,367,61.3,40.9,358,44,99,12279,6214,6639,7275,10273,11397,,304,,,"Group 2",2
178721,"Park University","Parkville","MO","Plains","Private nonprofit 4-year","Private nonprofit","4-year","Suburb","5,000-9,999","Master's","No","No",-94.679,39.1893,9916,8114,43.4,41.6,17.9,24.5,2.7,2.6,57,39,13,237,30,224,29,12.9,218,39,55,15637,13719,13687,15902,18737,18018,124,1391,442,,"Group 3",3
179043,"Rockhurst University","Kansas City","MO","Plains","Private nonprofit 4-year","Private nonprofit","4-year","City","1,000-4,999","Master's","No","No",-94.573,39.0323,3974,2767,65.4,65,8.5,13.4,3.4,1.5,84,100,12,430,75.6,430,75.6,69.1,285,19,64,23785,18557,20467,20581,22063,27784,22,443,237,64,"Group 1",1
179159,"Saint Louis University","Saint Louis","MO","Plains","Private nonprofit 4-year","Private nonprofit","4-year","City","10,000-19,999","Doctoral","No","No",-90.2351,38.6368,17857,11844,59.1,49.5,6.8,6.1,9.2,2.5,89,43,8,1630,79.8,1630,79.7,72.9,1658,15,67,30911,20869,20738,22950,26695,33177,,1765,1009,634,"Group 1",1
179265,"University of Health Sciences and Pharmacy in St. Louis","Saint Louis","MO","Plains","Private nonprofit 4-year","Private nonprofit","4-year","City","Under 1,000","Special focus","No","No",-90.2606,38.6369,724,282,63.1,58.5,11,2.1,11.3,3.5,63,,9,106,75.5,106,69.8,65.1,98,29,97,33392,27383,30342,29440,35407,36448,,70,,137,"Group 3",3
179326,"Southwest Baptist University","Bolivar","MO","Plains","Private nonprofit 4-year","Private nonprofit","4-year","Town","1,000-4,999","Master's","No","No",-93.4071,37.6024,2734,2063,63.1,68.1,4.2,3.2,1.2,2.2,66,57,10,453,51.2,352,63.9,51.1,267,35,73,19781,22672,18056,20785,21889,21292,136,292,96,84,"Group 3",3
179548,"Stephens College","Columbia","MO","Plains","Private nonprofit 4-year","Private nonprofit","4-year","City","Under 1,000","Master's","No","No",-92.3192,38.952,691,469,97.7,61.2,9.4,1.7,1.3,2.6,71,,7,129,46.5,129,46.5,0.8,72,42,95,23261,16807,22376,22100,27781,26927,,95,57,,"Group 3",3
179557,"Southeast Missouri State University","Cape Girardeau","MO","Plains","Public 4-year","Public","4-year","City","5,000-9,999","Master's","No","No",-89.5312,37.3111,11203,9311,59.8,77.1,8.1,3.3,0.9,4.8,76,32,20,1690,55.7,1680,55.8,39.2,1388,29,85,14843,11453,11371,13576,18253,19562,13,1566,659,,"Group 2",2
179566,"Missouri State University-Springfield","Springfield","MO","Plains","Public 4-year","Public","4-year","City","20,000 and above","Doctoral","No","No",-93.2813,37.1993,26493,21092,59.6,78.1,3.2,5.1,2.1,2.4,79,74,21,3178,57.3,3178,57.3,41.7,2188,21,52,17104,12238,13195,16688,18590,19887,,3093,1443,142,"Group 2",2
179867,"Washington University in St Louis","Saint Louis","MO","Plains","Private nonprofit 4-year","Private nonprofit","4-year","Suburb","10,000-19,999","Doctoral","No","No",-90.3106,38.6479,18292,8821,55.3,43.5,10.2,11.5,18.6,8.1,96,100,7,1765,94.4,1765,94.4,87.3,1808,16,44,22440,4391,2321,1863,19344,42712,13,1868,2861,808,"Group 1",1
179894,"Webster University","Saint Louis","MO","Plains","Private nonprofit 4-year","Private nonprofit","4-year","Suburb","5,000-9,999","Master's","No","No",-90.3452,38.5889,8527,2502,58.5,60.7,15.6,6.4,3.5,4.8,77,40,15,511,61.1,511,61.1,49.5,414,28,81,27695,21696,22251,24193,26857,30453,,546,1665,27,"Group 2",2
179946,"Westminster College","Fulton","MO","Plains","Private nonprofit 4-year","Private nonprofit","4-year","Town","Under 1,000","Baccalaureate","No","No",-91.9553,38.8494,639,639,44.8,76.8,7,4.9,0.9,2.7,63,,10,174,57.5,174,57.5,47.7,161,40,99,26780,22825,23593,24412,26042,29055,,114,,,"Group 3",3
179955,"William Jewell College","Liberty","MO","Plains","Private nonprofit 4-year","Private nonprofit","4-year","Suburb","Under 1,000","Baccalaureate","No","No",-94.4131,39.2478,892,862,48.7,63.1,7.8,10.9,2.2,3.2,77,,10,198,61.6,198,61.6,53,243,28,97,17408,9227,7862,11954,17573,23742,,181,11,,"Group 3",3
179964,"William Woods University","Fulton","MO","Plains","Private nonprofit 4-year","Private nonprofit","4-year","Town","1,000-4,999","Doctoral","No","No",-91.9504,38.8603,1986,1019,67.8,65.4,9,6.7,1.8,3.3,74,36,11,193,57,193,57,49.2,213,30,83,22925,19042,19587,21217,25359,25809,3,151,231,59,"Group 3",3
180106,"Carroll College","Helena","MT","Rocky Mountains","Private nonprofit 4-year","Private nonprofit","4-year","City","1,000-4,999","Baccalaureate","No","No",-112.0403,46.6008,1214,1169,59.5,77.4,0.7,5.3,1.4,0.9,81,,11,294,66.3,294,66.3,54.1,296,18,97,26103,18986,16302,18494,24393,29023,,279,27,,"Group 1",1
180179,"Montana State University Billings","Billings","MT","Rocky Mountains","Public 4-year","Public","4-year","City","1,000-4,999","Master's","No","No",-108.523,45.7969,5346,4884,63.1,77.2,0.9,6.7,1.2,1.6,56,43,14,539,28.2,374,28.3,15,474,26,70,13252,12147,13297,15803,18067,18473,187,394,118,,"Group 3",3
180416,"Montana Technological University","Butte","MT","Rocky Mountains","Public 4-year","Public","4-year","Town","1,000-4,999","Master's","No","No",-112.5595,46.0129,1756,1531,38.7,81.6,1.2,4,1.3,1.6,76,50,13,236,58.1,236,58.1,35.6,307,21,70,15866,11327,13539,16138,17361,19093,,278,58,1,"Group 3",3
180461,"Montana State University","Bozeman","MT","Rocky Mountains","Public 4-year","Public","4-year","City","10,000-19,999","Doctoral","No","No",-111.0488,45.6667,18820,16240,47.3,83.9,0.4,5.5,1.2,1.3,78,60,18,2783,57.3,2696,57.4,36.1,3259,17,67,18511,16713,17165,20572,23456,23771,121,2482,539,107,"Group 2",2
180489,"The University of Montana","Missoula","MT","Rocky Mountains","Public 4-year","Public","4-year","City","10,000-19,999","Doctoral","No","No",-113.9829,46.8593,12591,9160,57.6,71,0.9,6.2,1.2,1.4,76,47,18,1556,45.4,1219,45.4,30.8,1500,28,67,17775,14521,15563,17795,18911,20648,238,1135,498,576,"Group 2",2
180522,"Montana State University-Northern","Havre","MT","Rocky Mountains","Public 4-year","Public","4-year","Town","1,000-4,999","Baccalaureate","No","No",-109.6878,48.5415,1497,1437,45.6,71.3,1.7,3.5,0.9,0.6,69,50,13,215,42.3,104,34.6,23.1,201,30,69,11789,11283,11704,14599,17049,17363,97,114,15,,"Group 3",3
180595,"Rocky Mountain College","Billings","MT","Rocky Mountains","Private nonprofit 4-year","Private nonprofit","4-year","City","Under 1,000","Master's","No","No",-108.5541,45.7965,1183,891,48.1,70.1,3.5,9.7,0.1,5.3,64,100,12,246,46.7,246,46.3,32.1,260,32,98,19173,15604,15016,15553,16833,23838,,169,63,40,"Group 3",3
180692,"The University of Montana-Western","Dillon","MT","Rocky Mountains","Public 4-year","Public","4-year","Town","1,000-4,999","Baccalaureate","No","No",-112.6393,45.2083,1816,1816,69.5,67.8,1,3.5,0.4,0.1,79,67,15,273,49.5,168,49.4,34.5,262,35,87,15726,15093,15286,16516,18511,18898,127,178,,,"Group 3",3
180948,"Chadron State College","Chadron","NE","Plains","Public 4-year","Public","4-year","Town","1,000-4,999","Master's","No","No",-103.0016,42.8199,2802,2186,63.4,77.7,3.9,11.8,0.5,0.9,70,60,15,394,38.1,394,38.1,25.9,314,36,81,13852,10639,10954,13550,15009,15418,,332,136,,"Group 3",3
180984,"Concordia University-Nebraska","Seward","NE","Plains","Private nonprofit 4-year","Private nonprofit","4-year","Town","1,000-4,999","Master's","No","No",-97.0891,40.9149,3447,2783,53.8,67.6,2.3,7.9,2.9,3.2,78,,14,348,64.1,348,64.1,46.8,335,11,42,24099,19320,20192,21880,24197,26363,,227,119,,"Group 1",1
181002,"Creighton University","Omaha","NE","Plains","Private nonprofit 4-year","Private nonprofit","4-year","City","5,000-9,999","Doctoral","No","No",-95.9478,41.2654,9804,4886,58.8,67.5,2.7,9.7,7.7,2.4,92,,10,1119,80.5,1091,80,73.3,1028,5,92,33364,21202,22604,25659,31439,35861,1,1069,334,861,"Group 1",1
181020,"Doane University","Crete","NE","Plains","Private nonprofit 4-year","Private nonprofit","4-year","Town","1,000-4,999","Master's","No","No",-96.9509,40.623,2399,1060,45.9,71.7,4.5,10.8,1.5,3,72,,11,299,55.9,299,55.9,52.2,239,28,91,26112,24496,21092,25256,22691,31980,,268,276,16,"Group 3",3
181127,"Hastings College","Hastings","NE","Plains","Private nonprofit 4-year","Private nonprofit","4-year","Town","1,000-4,999","Baccalaureate","No","No",-98.3744,40.5902,995,972,53,66.2,5.9,9.9,0.7,6.9,68,,14,306,53.3,306,53.3,46.7,264,29,100,21821,17273,18019,18749,22393,25685,,199,7,,"Group 3",3
181215,"University of Nebraska at Kearney","Kearney","NE","Plains","Public 4-year","Public","4-year","Town","5,000-9,999","Master's","No","No",-99.0987,40.7015,7212,4683,64,72.7,2.6,14.1,0.7,6.1,77,41,13,897,59.8,730,60.1,37.9,846,34,79,16249,13187,13627,14549,18575,20731,,856,487,,"Group 3",3
181330,"Midland University","Fremont","NE","Plains","Private nonprofit 4-year","Private nonprofit","4-year","Town","1,000-4,999","Master's","No","No",-96.488,41.4367,1911,1572,52.7,53.1,7.4,19.8,2.4,5.8,73,,13,324,43.2,324,43.2,35.2,324,28,88,24143,19899,20021,24009,25764,26119,,228,78,,"Group 3",3
181394,"University of Nebraska at Omaha","Omaha","NE","Plains","Public 4-year","Public","4-year","City","10,000-19,999","Doctoral","No","No",-96.0085,41.2588,17972,13799,55.2,61.4,7.8,16.5,4.9,3.6,76,49,15,2019,47.5,1542,49.4,27.5,2292,33,74,13284,9908,10689,12407,15900,17566,,2373,862,31,"Group 3",3
181446,"Nebraska Wesleyan University","Lincoln","NE","Plains","Private nonprofit 4-year","Private nonprofit","4-year","City","1,000-4,999","Master's","No","No",-96.6483,40.8391,3983,3829,60.3,76.7,3,8.9,3.8,1,75,,13,405,68.9,405,68.9,58.3,358,30,98,24863,20377,18737,19482,24859,27670,,389,33,,"Group 3",3
181464,"University of Nebraska-Lincoln","Lincoln","NE","Plains","Public 4-year","Public","4-year","City","20,000 and above","Doctoral","No","No",-96.7005,40.8176,25724,20139,49.7,75.5,3.1,8.8,3.8,3.8,84,67,16,4878,65.8,4312,65.7,48.5,4616,22,85,18029,11899,12714,15125,19953,22012,,4167,966,454,"Group 2",2
181534,"Peru State College","Peru","NE","Plains","Public 4-year","Public","4-year","Rural","1,000-4,999","Master's","No","No",-95.7327,40.4747,2510,2103,60,77.5,7.5,8.3,0.6,1.1,63,13,16,228,37.7,228,37.7,27.2,220,34,61,11855,9266,8226,12899,13364,15079,,233,147,,"Group 4",4
181604,"College of Saint Mary","Omaha","NE","Plains","Private nonprofit 4-year","Private nonprofit","4-year","City","Under 1,000","Master's","No","No",-96.0214,41.24,981,605,97,57.4,8.4,22.3,2.3,1.7,68,,7,101,59.4,101,59.4,48.5,88,37,90,14265,9936,10749,10242,19478,22739,,133,115,56,"Group 3",3
181738,"Union Adventist University","Lincoln","NE","Plains","Private nonprofit 4-year","Private nonprofit","4-year","City","Under 1,000","Baccalaureate","No","No",-96.6511,40.7748,796,708,62.7,49.4,6.5,22.7,6.1,5.6,80,,7,157,45.9,138,46.4,28.3,90,24,79,23602,18778,19177,16306,22595,25861,41,117,29,,"Group 3",3
181783,"Wayne State College","Wayne","NE","Plains","Public 4-year","Public","4-year","Town","1,000-4,999","Master's","No","No",-97.0151,42.2416,5944,4694,58.3,72.2,2.4,17.1,1.1,2.9,73,0,19,605,55.7,605,55.7,40.5,777,27,67,15458,11461,11502,14607,17749,17721,,634,255,,"Group 2",2
181853,"York University","York","NE","Plains","Private nonprofit 4-year","Private nonprofit","4-year","Town","Under 1,000","Baccalaureate","No","No",-97.5794,40.8695,794,540,48.1,56.7,11.5,18.9,0.4,8.7,67,,11,131,37.4,130,36.9,22.3,111,44,96,20163,15941,16730,18012,22335,23714,19,88,96,,"Group 3",3
182281,"University of Nevada-Las Vegas","Las Vegas","NV","Far West","Public 4-year","Public","4-year","City","20,000 and above","Doctoral","No","No",-115.1385,36.106,34955,28893,56.6,24.7,9.2,33.9,15.5,1.8,78,44,18,4044,50.1,4043,50.1,25.4,4222,40,70,11388,8024,8679,10529,14169,15555,,4652,1213,533,"Group 2",2
182290,"University of Nevada-Reno","Reno","NV","Far West","Public 4-year","Public","4-year","City","20,000 and above","Doctoral","No","No",-119.8154,39.5436,23886,19157,53.1,49.9,3.8,24.6,8.6,1,80,49,16,3587,62.4,3587,62.4,42.3,3257,24,65,16801,12126,12482,15116,18042,20739,,3378,1085,248,"Group 2",2
182634,"Colby-Sawyer College","New London","NH","New England","Private nonprofit 4-year","Private nonprofit","4-year","Rural","Under 1,000","Baccalaureate","No","No",-71.9758,43.4117,1112,1021,73.2,68.6,4.1,2.4,2.3,1.8,81,,10,271,61.6,271,57.9,52.4,183,23,90,26483,14570,17323,19084,27562,30198,21,220,19,,"Group 1",1
182670,"Dartmouth College","Hanover","NH","New England","Private nonprofit 4-year","Private nonprofit","4-year","Town","5,000-9,999","Doctoral","No","No",-72.2899,43.7041,7360,4948,49.1,47.8,5.9,9.8,13.4,13.2,98,,7,1213,96,1213,96,84.3,1124,15,49,17322,2978,-377,5841,13426,51575,,1211,704,174,"Group 1",1
182795,"Franklin Pierce University","Rindge","NH","New England","Private nonprofit 4-year","Private nonprofit","4-year","Rural","1,000-4,999","Master's","No","No",-72.058,42.7801,1995,1309,52.6,72.2,7.3,9,1.5,3.7,73,0,13,462,46.1,462,46.1,42.9,318,27,92,25557,22101,27002,25652,28381,28583,4,276,102,91,"Group 3",3
182980,"New England College","Henniker","NH","New England","Private nonprofit 4-year","Private nonprofit","4-year","Rural","1,000-4,999","Master's","No","No",-71.8223,43.1764,4055,1343,55,44.5,12,10.6,1.1,3.5,60,50,8,476,31.1,438,32.9,26.5,255,42,86,30280,25146,28253,32928,30963,33142,22,285,933,4,"Group 3",3
183026,"Southern New Hampshire University","Manchester","NH","New England","Private nonprofit 4-year","Private nonprofit","4-year","Suburb","20,000 and above","Master's","No","No",-71.4518,43.0389,251081,215698,62.5,50.5,17.5,13.5,2.1,0.5,60,36,24,2300,44.9,1539,47.8,38.5,2948,47,50,33163,33202,32903,34048,35992,36682,3654,20979,9470,31,"Group 4",4
183044,"University of New Hampshire-Main Campus","Durham","NH","New England","Public 4-year","Public","4-year","Town","10,000-19,999","Doctoral","No","No",-70.9325,43.1359,14926,12235,56.2,83,1,4,2.8,1.3,86,,16,3006,76.4,2954,76.7,69,2939,18,85,24762,15393,16981,19283,23182,27767,21,2579,734,86,"Group 2",2
183062,"Keene State College","Keene","NH","New England","Public 4-year","Public","4-year","Town","1,000-4,999","Baccalaureate","No","No",-72.2793,42.9265,3155,2961,52.5,82,1.8,5.2,1.3,0.4,78,50,16,924,58.4,924,58.4,49.9,707,24,94,20405,11111,14049,15816,20423,24020,,605,47,,"Group 2",2
183080,"Plymouth State University","Plymouth","NH","New England","Public 4-year","Public","4-year","Town","1,000-4,999","Master's","No","No",-71.6902,43.7596,4321,3491,48.9,80.8,1.9,4.9,1.3,1.8,71,80,15,1107,47.4,1107,47.4,40.7,861,26,92,20280,14051,15343,18415,21660,23617,,720,190,41,"Group 3",3
183211,"Rivier University","Nashua","NH","New England","Private nonprofit 4-year","Private nonprofit","4-year","City","1,000-4,999","Master's","No","No",-71.4563,42.7387,3290,1625,75.4,69.8,11.6,6,4.5,0,76,33,14,264,58.7,264,58,48.9,269,27,84,28227,16807,20704,24462,32788,30562,109,241,390,12,"Group 3",3
183239,"Saint Anselm College","Manchester","NH","New England","Private nonprofit 4-year","Private nonprofit","4-year","Suburb","1,000-4,999","Baccalaureate","No","No",-71.5036,42.9869,2014,1991,60.1,86.8,1.5,4.6,1.1,0.7,90,,11,546,83.2,546,83.2,78.4,528,11,99,35091,23658,26360,27460,33874,36648,,434,19,,"Group 1",1
183822,"Bloomfield College","Bloomfield","NJ","Mid East","Private nonprofit 4-year","Private nonprofit","4-year","Suburb","Under 1,000","Baccalaureate","No","No",-74.1943,40.7951,1226,1225,58.9,8.4,48.5,31.4,2.6,3.8,59,0,13,409,31.1,409,31.1,18.3,231,69,97,18522,17664,14801,19185,28650,24399,,262,4,,"Group 4",4
183910,"Caldwell University","Caldwell","NJ","Mid East","Private nonprofit 4-year","Private nonprofit","4-year","Suburb","1,000-4,999","Master's","No","No",-74.2726,40.8328,2160,1674,60.5,26.9,16.1,30.3,4,16.2,73,100,13,368,58.7,368,55.4,51.4,444,46,95,23071,16458,15756,18547,27111,31640,,333,94,5,"Group 3",3
183974,"Centenary University","Hackettstown","NJ","Mid East","Private nonprofit 4-year","Private nonprofit","4-year","Suburb","1,000-4,999","Master's","No","No",-74.8336,40.8476,1686,1093,64.4,63.2,7.6,17.6,2.2,0,75,100,12,205,56.6,204,55.9,47.1,187,38,94,22838,13735,13416,15190,19819,25288,4,227,110,11,"Group 3",3
184348,"Drew University","Madison","NJ","Mid East","Private nonprofit 4-year","Private nonprofit","4-year","Suburb","1,000-4,999","Baccalaureate","No","No",-74.4246,40.7618,2405,1690,55.4,52.5,9.1,2.9,3.7,15.4,84,,11,370,72.4,370,72.4,67.3,309,27,90,28193,13177,20060,19926,28090,34219,,380,101,54,"Group 1",1
184603,"Fairleigh Dickinson University-Metropolitan Campus","Teaneck","NJ","Mid East","Private nonprofit 4-year","Private nonprofit","4-year","Suburb","5,000-9,999","Master's","No","No",-74.029,40.8972,9210,6720,50.9,38.8,7.7,23.8,5.5,6.3,76,0,14,666,61.7,561,62.2,48,514,22,35,17121,12150,12213,14926,23511,27494,64,542,622,82,"Group 2",2
184612,"Felician University","Lodi","NJ","Mid East","Private nonprofit 4-year","Private nonprofit","4-year","Suburb","1,000-4,999","Master's","No","No",-74.0965,40.8673,2682,2156,73.4,25.2,19.4,38.4,6.2,4.1,80,,15,308,49.7,308,49.4,25.6,265,52,82,15818,41128,41497,42782,43388,38690,16,420,96,10,"Group 4",4
184694,"Fairleigh Dickinson University-Florham Campus","Madison","NJ","Mid East","Private nonprofit 4-year","Private nonprofit","4-year","Suburb","1,000-4,999","Master's","No","No",-74.4321,40.7745,3545,2548,53,49.3,10.1,25,4.9,2.9,77,17,11,805,72.3,805,72.3,64.3,461,35,93,26472,13308,17253,24146,29164,33996,2,498,306,73,"Group 1",1
184773,"Georgian Court University","Lakewood","NJ","Mid East","Private nonprofit 4-year","Private nonprofit","4-year","City","1,000-4,999","Master's","No","No",-74.2282,40.0996,2363,1733,70.9,57.6,7.1,13.6,2.8,2.4,76,75,10,216,55.1,216,55.1,38.9,196,30,75,21072,15879,12381,19676,23883,25703,,357,133,4,"Group 3",3
184782,"Rowan University","Glassboro","NJ","Mid East","Public 4-year","Public","4-year","Suburb","10,000-19,999","Doctoral","No","No",-75.1191,39.7091,22472,17292,49.3,62.1,11.2,13.6,5.7,1.6,82,36,16,2456,68.3,2456,68.2,51.2,2574,31,73,22237,15180,15598,19644,27596,28933,,4084,822,357,"Group 2",2
185129,"New Jersey City University","Jersey City","NJ","Mid East","Public 4-year","Public","4-year","City","5,000-9,999","Master's","No","No",-74.0873,40.7099,7694,5445,58.1,16.7,20.8,46.1,7.8,2.3,67,50,14,950,38.7,950,38.7,20.7,754,52,81,12157,10254,10051,13160,15986,17431,,993,382,43,"Group 4",4
185262,"Kean University","Union","NJ","Mid East","Public 4-year","Public","4-year","Suburb","10,000-19,999","Doctoral","No","No",-74.2335,40.678,15023,12548,61.4,26.5,19.6,34.2,5.1,4.8,75,33,17,1759,43.4,1759,43.4,24,1904,46,69,11593,6593,7496,12503,20592,21514,,2313,582,72,"Group 4",4
185572,"Monmouth University","West Long Branch","NJ","Mid East","Private nonprofit 4-year","Private nonprofit","4-year","Suburb","1,000-4,999","Master's","No","No",-74.0064,40.2801,5428,4024,63,67.9,5.1,16.6,2.3,1.4,81,,12,1082,70.3,1082,70.3,62.2,896,30,97,33228,19945,18532,29142,36327,38626,,933,500,25,"Group 1",1
185590,"Montclair State University","Montclair","NJ","Mid East","Public 4-year","Public","4-year","Suburb","20,000 and above","Doctoral","No","No",-74.1981,40.8604,24972,19283,59.8,36.7,13.1,35.5,6.7,1,80,50,17,3002,64.3,3002,64.3,46,3942,44,61,13880,9482,10729,15990,21259,23607,,3759,1524,48,"Group 2",2
185828,"New Jersey Institute of Technology","Newark","NJ","Mid East","Public 4-year","Public","4-year","City","10,000-19,999","Doctoral","No","No",-74.1771,40.742,13931,9945,28.3,29.4,9.5,25.1,20.5,5.9,91,67,16,1060,73.1,1060,73.1,49.4,1465,39,71,16736,11534,12526,16317,21967,27681,,1810,1218,95,"Group 2",2
186131,"Princeton University","Princeton","NJ","Mid East","Private nonprofit 4-year","Private nonprofit","4-year","City","5,000-9,999","Doctoral","No","No",-74.6594,40.3487,8946,5690,49.9,36.9,8,9.9,23.1,12.7,97,,5,1306,97.1,1306,97.1,79.6,1497,19,60,19811,2518,4682,7652,13849,39943,,1284,661,445,"Group 1",1
186201,"Ramapo College of New Jersey","Mahwah","NJ","Mid East","Public 4-year","Public","4-year","Suburb","5,000-9,999","Master's","No","No",-74.1741,41.0809,6183,5516,57.8,56.3,6,22.6,10.3,1,87,100,16,917,71.9,917,71.9,58.9,846,27,51,17348,10142,12761,18536,25667,26671,,1157,299,5,"Group 2",2
186283,"Rider University","Lawrenceville","NJ","Mid East","Private nonprofit 4-year","Private nonprofit","4-year","Suburb","1,000-4,999","Master's","No","No",-74.7378,40.2788,4816,3646,52.6,52.5,14,16.4,5.9,3.9,82,,12,1006,63.3,1006,63.3,57,779,33,94,26618,17331,19245,22356,28544,31746,5,763,365,13,"Group 1",1
186371,"Rutgers University-Camden","Camden","NJ","Mid East","Public 4-year","Public","4-year","City","5,000-9,999","Doctoral","No","No",-75.1222,39.9481,6841,4787,60.5,37.8,18.8,20.5,11.8,1.7,82,50,12,757,66.4,757,66.4,46.6,524,44,90,18735,16678,11800,14931,21312,27896,,1298,354,190,"Group 3",3
186380,"Rutgers University-New Brunswick","New Brunswick","NJ","Mid East","Public 4-year","Public","4-year","City","20,000 and above","Doctoral","No","No",-74.4463,40.4988,56943,40978,50.9,32.2,6.9,15.1,31.5,6.9,93,64,15,6259,85,6034,85,71.4,7769,27,55,19052,15885,15532,17578,24020,33460,32,8739,3328,1393,"Group 2",2
186399,"Rutgers University-Newark","Newark","NJ","Mid East","Public 4-year","Public","4-year","City","10,000-19,999","Doctoral","No","No",-74.1758,40.7391,12906,8850,54.7,20.4,19.5,33.7,17.3,2.2,84,43,13,1318,67.6,1318,67.6,41.7,1232,56,80,17425,14840,16252,17388,25608,32589,,1796,1125,336,"Group 3",3
186432,"Saint Peter's University","Jersey City","NJ","Mid East","Private nonprofit 4-year","Private nonprofit","4-year","City","1,000-4,999","Master's","No","No",-74.0715,40.7271,4448,2568,62.9,28,15.9,35.6,8.9,4.6,72,67,11,651,63.1,651,63.1,51,390,54,85,14486,11486,10552,11494,18211,20457,20,507,406,32,"Group 3",3
186584,"Seton Hall University","South Orange","NJ","Mid East","Private nonprofit 4-year","Private nonprofit","4-year","Suburb","5,000-9,999","Doctoral","No","No",-74.246,40.7423,12550,8537,55,49.9,9.5,23,10,1.2,85,100,14,1458,71.5,1458,71.5,65.1,1510,30,95,31642,17681,18674,24326,35089,41110,,1336,811,351,"Group 1",1
186618,"Saint Elizabeth University","Morristown","NJ","Mid East","Private nonprofit 4-year","Private nonprofit","4-year","Suburb","1,000-4,999","Master's","No","No",-74.4382,40.7818,1220,784,66.5,20.9,35.8,22.1,1.8,1.8,80,,11,164,40.2,164,40.2,33.5,164,54,82,18412,13266,14439,21594,23648,30149,,169,130,18,"Group 3",3
186867,"Stevens Institute of Technology","Hoboken","NJ","Mid East","Private nonprofit 4-year","Private nonprofit","4-year","Suburb","5,000-9,999","Doctoral","No","No",-74.0253,40.7448,10402,4217,32.2,49.6,2.4,16.2,18.7,3,94,,10,761,89.9,761,89.9,68.6,1010,20,96,43665,26555,26938,34145,38749,47748,,944,2351,66,"Group 1",1
186876,"Stockton University","Galloway","NJ","Mid East","Public 4-year","Public","4-year","Rural","5,000-9,999","Doctoral","No","No",-74.5311,39.492,11694,10621,60.8,57.2,10.1,19.5,7.2,0.7,77,0,17,1559,72,1559,72,56.4,1560,41,76,19752,13774,13665,17407,25434,28051,,2097,317,49,"Group 2",2
187134,"The College of New Jersey","Ewing","NJ","Mid East","Public 4-year","Public","4-year","Suburb","5,000-9,999","Master's","No","No",-74.7788,40.2687,8754,7671,56.7,57,5.7,17.7,10.8,0.9,90,67,13,1537,85.2,1537,85.2,75.5,1570,20,48,22379,12814,14506,20638,28825,33080,,1725,347,,"Group 1",1
187444,"William Paterson University of New Jersey","Wayne","NJ","Mid East","Public 4-year","Public","4-year","Suburb","5,000-9,999","Master's","No","No",-74.2002,40.9453,11340,8043,60.8,33.7,18.7,33.1,8,1.5,73,40,17,1310,47.7,1310,47.7,29.1,801,44,67,16999,15420,17010,17978,20823,23237,,1847,859,16,"Group 4",4
187648,"Eastern New Mexico University-Main Campus","Portales","NM","Southwest","Public 4-year","Public","4-year","Town","5,000-9,999","Master's","No","No",-103.3482,34.1756,6892,5200,61.9,31.8,4.1,36.2,1.1,2,62,50,17,623,39.8,618,34,23.1,412,32,60,6683,4722,5663,7332,8346,11849,204,703,322,,"Group 4",4
187897,"New Mexico Highlands University","Las Vegas","NM","Southwest","Public 4-year","Public","4-year","Town","1,000-4,999","Master's","No","No",-105.2192,35.5962,3486,2004,64,15,5.8,60.2,0.6,4,57,20,10,254,25.6,254,25.6,16.1,225,46,85,15106,13501,13953,15596,14350,14797,1,395,342,,"Group 3",3
187967,"New Mexico Institute of Mining and Technology","Socorro","NM","Southwest","Public 4-year","Public","4-year","Town","1,000-4,999","Master's","No","No",-106.9052,34.067,2014,1456,32.3,46.6,1,38.6,3,1.3,77,50,10,236,56.4,236,56.4,31.8,299,31,87,9133,3970,5067,8676,11907,12207,3,229,98,11,"Group 3",3
187985,"University of New Mexico-Main Campus","Albuquerque","NM","Southwest","Public 4-year","Public","4-year","City","20,000 and above","Doctoral","No","No",-106.6202,35.0839,24281,17689,57.9,28.1,3.1,50.4,4.3,2.1,73,52,15,3164,52.5,3164,52.1,36.3,3391,36,88,7528,13908,15609,18586,20679,20948,,2995,1345,475,"Group 3",3
188030,"New Mexico State University-Main Campus","Las Cruces","NM","Southwest","Public 4-year","Public","4-year","Suburb","10,000-19,999","Doctoral","No","No",-106.7521,32.2816,16277,13050,58.3,23.9,2.8,63.3,1.1,2.8,75,27,15,2028,52.2,2028,52.2,32.2,2292,40,81,8353,5104,5724,8877,10223,10360,,2195,739,104,"Group 3",3
188304,"Western New Mexico University","Silver City","NM","Southwest","Public 4-year","Public","4-year","Town","1,000-4,999","Master's","No","No",-108.2833,32.7767,4150,3007,63.6,23.5,3.2,53.2,0.8,2.4,54,39,13,278,34.9,210,26.2,15.7,257,42,69,8712,7881,6940,12883,,,146,287,281,,"Group 4",4
188429,"Adelphi University","Garden City","NY","Mid East","Private nonprofit 4-year","Private nonprofit","4-year","Suburb","5,000-9,999","Doctoral","No","No",-73.6533,40.7214,8175,5472,67.2,43.1,8.4,20,12.6,6.1,83,50,12,1120,68.9,1113,69.4,58.8,1142,29,91,28671,22149,24621,28183,29583,32093,32,1270,825,53,"Group 1",1
188641,"Alfred University","Alfred","NY","Mid East","Private nonprofit 4-year","Private nonprofit","4-year","Rural","1,000-4,999","Master's","No","No",-77.7881,42.2545,2222,1553,50.5,55.8,9.9,8.8,1.4,5.3,77,,10,418,55.5,418,55.5,43.3,373,39,93,26127,15458,18570,23315,27943,27120,,294,222,6,"Group 3",3
188854,"American Musical and Dramatic Academy","New York","NY","Mid East","Private nonprofit 4-year","Private nonprofit","4-year","City","1,000-4,999","Special focus","No","No",-73.9875,40.7723,1799,1787,72.1,32,16.7,19.1,1.7,14.8,75,,6,554,72,208,58.7,58.2,470,36,99,46130,25066,26795,44219,50833,57747,61,250,2,,"Group 1",1
189088,"Bard College","Annandale-On-Hudson","NY","Mid East","Private nonprofit 4-year","Private nonprofit","4-year","Rural","1,000-4,999","Baccalaureate","No","No",-73.9099,42.0204,3285,2796,58.1,38.1,14.6,11.7,2.8,21,85,,9,469,72.7,469,72.7,57.1,444,23,69,25218,13609,17710,19816,26909,43347,130,415,165,2,"Group 1",1
189097,"Barnard College","New York","NY","Mid East","Private nonprofit 4-year","Private nonprofit","4-year","City","1,000-4,999","Baccalaureate","No","No",-73.9633,40.8101,3685,3685,96,32.6,5.5,18.6,17.2,13.4,97,100,10,595,92.9,595,92.9,76.6,698,15,42,27738,14486,9011,17279,24152,58447,,755,,,"Group 1",1
189705,"Canisius University","Buffalo","NY","Mid East","Private nonprofit 4-year","Private nonprofit","4-year","City","1,000-4,999","Master's","No","No",-78.8526,42.9252,2859,1889,49.8,66.5,10.7,6.1,3.3,5.9,80,0,11,552,70.7,552,70.7,62.5,475,27,97,19321,12369,13719,16657,20762,23259,2,389,334,,"Group 1",1
190044,"Clarkson University","Potsdam","NY","Mid East","Private nonprofit 4-year","Private nonprofit","4-year","Town","1,000-4,999","Doctoral","No","No",-74.9994,44.6627,4048,2768,31.4,77.3,3.4,6.5,3,5.6,85,,12,677,73.6,677,73.6,63.8,596,20,97,33192,20521,19328,26800,33329,36429,,652,374,52,"Group 1",1
190099,"Colgate University","Hamilton","NY","Mid East","Private nonprofit 4-year","Private nonprofit","4-year","Rural","1,000-4,999","Baccalaureate","No","No",-75.5363,42.8195,3222,3210,55.7,64.1,4.7,9.3,5.7,8.9,93,,9,771,90.5,771,90.5,84.2,812,13,46,26954,3341,9345,17685,31027,53119,,746,10,,"Group 1",1
190150,"Columbia University in the City of New York","New York","NY","Mid East","Private nonprofit 4-year","Private nonprofit","4-year","City","20,000 and above","Doctoral","No","No",-73.9619,40.8083,37954,9511,49,31.8,7.4,15.4,18.2,18.7,97,93,6,1488,95,1488,95,79.9,1494,23,55,20869,6342,4975,5195,15368,44695,,2416,11542,1478,"Group 1",1
190372,"The Cooper Union for the Advancement of Science and Art","New York","NY","Mid East","Private nonprofit 4-year","Private nonprofit","4-year","City","Under 1,000","Baccalaureate","No","No",-73.9916,40.7281,980,920,50.9,28.6,5,12.6,30.4,13.5,91,,9,188,80.3,188,80.3,54.8,195,28,99,28199,8188,8563,12057,11674,31201,,180,28,,"Group 1",1
190415,"Cornell University","Ithaca","NY","Mid East","Private nonprofit 4-year","Private nonprofit","4-year","City","20,000 and above","Doctoral","No","No",-76.4831,42.4472,26510,16040,54.3,32.5,7.3,14.6,23.2,10.5,98,,9,3336,95.1,3336,95.1,87.1,3491,18,50,26455,4079,5589,8129,18531,51735,,3791,3779,848,"Group 1",1
190503,"Culinary Institute of America","Hyde Park","NY","Mid East","Private nonprofit 4-year","Private nonprofit","4-year","Suburb","1,000-4,999","Special focus","No","No",-73.9332,41.7458,4060,3896,48.8,44.9,7.3,20,8.2,11.2,75,,19,433,64.7,104,49,46.2,674,28,91,36015,25448,29504,30077,34696,36628,604,367,41,,"Group 2",2
190512,"CUNY Bernard M Baruch College","New York","NY","Mid East","Public 4-year","Public","4-year","City","10,000-19,999","Master's","No","No",-73.9834,40.7402,22995,18397,50.8,18.9,9.1,27,34.5,7.5,88,52,19,1599,72.1,1599,72.1,56.3,2554,55,69,3989,745,2640,6626,9323,12757,,3693,1627,,"Group 2",2
190549,"CUNY Brooklyn College","Brooklyn","NY","Mid East","Public 4-year","Public","4-year","City","10,000-19,999","Master's","No","No",-73.9499,40.6315,17226,14169,57.5,26,22.1,22.7,22.9,3,80,57,13,1642,56.6,1642,56.6,35.1,1659,56,71,4105,1466,2954,6726,8246,11670,,2613,824,,"Group 4",4
190558,"College of Staten Island CUNY","Staten Island","NY","Mid East","Public 4-year","Public","4-year","City","10,000-19,999","Master's","No","No",-74.1485,40.6018,12705,11620,53.6,41.4,13.5,25.1,14.5,2.1,76,39,16,2584,32.8,704,47.7,28.7,1842,49,68,6355,3243,4835,7696,9515,12557,456,1352,282,22,"Group 4",4
190567,"CUNY City College","New York","NY","Mid East","Public 4-year","Public","4-year","City","10,000-19,999","Doctoral","No","No",-73.9485,40.8198,16985,14009,52.9,14,15.3,39.2,24,4.5,79,50,14,1683,54.7,1683,54.7,27.6,2580,60,80,4599,1579,3087,7188,9487,11887,,2165,688,109,"Group 4",4
190594,"CUNY Hunter College","New York","NY","Mid East","Public 4-year","Public","4-year","City","20,000 and above","Master's","No","No",-73.9648,40.7687,27061,20155,65.4,20.6,11.1,30.7,29.1,4.6,80,76,14,2330,61,2330,61,39.7,3066,55,72,4127,262,2264,6457,8551,12135,,3252,2038,51,"Group 4",4
190600,"CUNY John Jay College of Criminal Justice","New York","NY","Mid East","Public 4-year","Public","4-year","City","10,000-19,999","Master's","No","No",-73.9884,40.7704,17296,14932,62.9,15.3,16.8,48.4,12.7,3.4,81,63,16,1831,55.5,1831,55.5,41.1,1853,59,79,4141,1290,2942,7654,9605,12827,,3188,707,,"Group 4",4
190637,"CUNY Lehman College","Bronx","NY","Mid East","Public 4-year","Public","4-year","City","10,000-19,999","Master's","No","No",-73.8954,40.873,16660,14437,67.5,7.4,26,54.2,7.7,2.7,74,40,15,919,49.3,919,49.3,27.9,1432,61,73,4076,2047,3756,7516,9173,10803,,2490,667,6,"Group 4",4
190646,"CUNY Medgar Evers College","Brooklyn","NY","Mid East","Public 4-year","Public","4-year","City","1,000-4,999","Baccalaureate","No","No",-73.9571,40.6663,4983,4983,70.2,3.1,70.4,16.5,5,2.4,52,20,14,1144,22.3,149,19.5,10.1,571,57,68,6207,4741,5532,9533,10791,13680,324,428,,,"Group 4",4
190655,"CUNY New York City College of Technology","Brooklyn","NY","Mid East","Public 4-year","Public","4-year","City","10,000-19,999","Baccalaureate","No","No",-73.9879,40.6955,15997,15997,46.1,12,26.1,34.2,21.2,3.9,60,44,16,3107,19.4,912,23.2,6.5,2792,55,71,5417,3681,4833,7775,10146,13164,1124,1267,,,"Group 4",4
190664,"CUNY Queens College","Queens","NY","Mid East","Public 4-year","Public","4-year","City","10,000-19,999","Master's","No","No",-73.8201,40.7364,20603,17515,53.1,21.3,9.6,28.4,31.2,5.8,78,53,14,1639,60.2,1639,60.2,37,2226,48,62,5339,1816,3530,7186,9157,12359,,2901,958,,"Group 4",4
190691,"CUNY York College","Jamaica","NY","Mid East","Public 4-year","Public","4-year","City","5,000-9,999","Master's","No","No",-73.7963,40.7016,8013,7747,63.9,7.4,38.6,23.7,23.3,3.2,60,45,13,1087,30.3,1087,30.3,11.7,744,43,54,5631,3267,4716,8080,9257,12206,,972,123,,"Group 4",4
190716,"D'Youville  University","Buffalo","NY","Mid East","Private nonprofit 4-year","Private nonprofit","4-year","City","1,000-4,999","Doctoral","No","No",-78.8909,42.9026,2906,1523,75.6,55,15.4,5.4,8.2,5.7,72,,11,277,56.7,277,56.7,36.1,288,36,93,20268,12286,12705,21460,21631,26150,91,306,181,136,"Group 3",3
190725,"Daemen University","Amherst","NY","Mid East","Private nonprofit 4-year","Private nonprofit","4-year","Suburb","1,000-4,999","Doctoral","No","No",-78.7881,42.9656,2957,1930,75.1,73.9,12.1,5.4,4.1,0.9,80,,13,387,58.4,387,58.4,44.7,358,42,92,18944,10602,11562,16325,20603,25038,,398,349,69,"Group 3",3
190761,"Dominican University New York","Orangeburg","NY","Mid East","Private nonprofit 4-year","Private nonprofit","4-year","Suburb","1,000-4,999","Doctoral","No","No",-73.9506,41.0474,1914,1505,62.7,28.7,12.2,34,6.1,2.5,67,,14,229,56.8,229,56.8,46.3,214,41,84,23907,21435,21420,27482,28370,30166,3,294,100,50,"Group 3",3
190983,"Elmira College","Elmira","NY","Mid East","Private nonprofit 4-year","Private nonprofit","4-year","City","Under 1,000","Baccalaureate","No","No",-76.8135,42.0961,691,632,66.5,72.2,4.6,6.2,2.1,7.9,74,,8,203,64,203,64,59.1,172,35,98,24551,19761,19167,18523,23840,28670,16,147,36,,"Group 3",3
191241,"Fordham University","Bronx","NY","Mid East","Private nonprofit 4-year","Private nonprofit","4-year","City","10,000-19,999","Doctoral","No","No",-73.8827,40.8594,18639,10956,59.9,48,5.6,17.8,12.9,7.5,88,62,14,2266,80.3,2266,80.3,75.7,2581,21,86,45368,31239,33504,38039,41753,50121,,2131,2612,558,"Group 1",1
191515,"Hamilton College","Clinton","NY","Mid East","Private nonprofit 4-year","Private nonprofit","4-year","Suburb","1,000-4,999","Baccalaureate","No","No",-75.4082,43.0502,2131,2131,55.5,64.7,3.1,9.4,8.9,7.3,96,,9,480,91.2,480,91.2,81,478,18,52,26021,4906,8614,18336,21312,50232,,500,,,"Group 1",1
191533,"Hartwick College","Oneonta","NY","Mid East","Private nonprofit 4-year","Private nonprofit","4-year","Town","1,000-4,999","Baccalaureate","No","No",-75.072,42.4576,1160,1154,58.4,57,14,9.5,2.3,3.5,71,,10,351,46.2,351,46.2,37.6,340,35,99,26818,26633,29759,30440,31596,30012,,249,3,,"Group 3",3
191621,"Hilbert College","Hamburg","NY","Mid East","Private nonprofit 4-year","Private nonprofit","4-year","Suburb","Under 1,000","Baccalaureate","No","No",-78.8203,42.7546,2912,2858,59.8,19.8,4,1.9,0.3,0.7,63,0,15,166,47,166,45.8,42.2,290,44,89,22224,18835,23593,23756,23610,23655,,143,14,,"Group 3",3
191630,"Hobart William Smith Colleges","Geneva","NY","Mid East","Private nonprofit 4-year","Private nonprofit","4-year","Town","1,000-4,999","Baccalaureate","No","No",-76.9855,42.8581,1635,1585,51,65.6,6.9,9.3,2.4,8.5,89,,10,634,72.7,634,72.7,66.4,438,24,95,33172,10969,14672,19579,24792,41860,,357,39,,"Group 1",1
191649,"Hofstra University","Hempstead","NY","Mid East","Private nonprofit 4-year","Private nonprofit","4-year","Suburb","10,000-19,999","Doctoral","No","No",-73.6008,40.716,11112,6503,56.1,49.9,8.9,15.9,13.4,4.6,83,67,13,1626,67.1,1626,67.1,56.6,1704,24,93,35687,29667,31575,35162,38553,37740,,1259,1122,442,"Group 1",1
191676,"Houghton University","Houghton","NY","Mid East","Private nonprofit 4-year","Private nonprofit","4-year","Rural","1,000-4,999","Baccalaureate","No","No",-78.1554,42.4261,1008,961,63.4,72.4,7.5,1.1,2,5.1,77,,13,266,64.7,218,66.1,59.6,175,34,90,22358,17213,17292,20133,22275,25436,21,190,17,,"Group 3",3
191931,"Iona University","New Rochelle","NY","Mid East","Private nonprofit 4-year","Private nonprofit","4-year","Suburb","1,000-4,999","Master's","No","No",-73.788,40.9257,4187,3473,52.5,52.3,8.7,25.9,2.2,2.8,80,,15,860,57.4,860,57.4,50.6,809,26,85,28557,25063,27463,26714,28595,30466,,569,257,,"Group 2",2
191968,"Ithaca College","Ithaca","NY","Mid East","Private nonprofit 4-year","Private nonprofit","4-year","Suburb","1,000-4,999","Master's","No","No",-76.4941,42.4222,5472,4831,55.1,70.9,5.2,10.1,3.7,3,83,50,10,1622,74.1,1622,74.1,67.8,1309,19,96,34297,22208,23940,29170,31953,37581,,1178,183,90,"Group 1",1
192110,"The Juilliard School","New York","NY","Mid East","Private nonprofit 4-year","Private nonprofit","4-year","City","1,000-4,999","Special focus","No","No",-73.9829,40.7737,1061,661,48,29.8,6.1,8.3,12.6,23.1,97,,4,110,90,108,88,83.3,107,13,77,42468,19135,15645,30694,34340,48999,,105,125,8,"Group 1",1
192192,"Keuka College","Keuka Park","NY","Mid East","Private nonprofit 4-year","Private nonprofit","4-year","Town","1,000-4,999","Master's","No","No",-77.0906,42.6153,1429,991,74.8,79.2,5.3,5.9,0.7,2,71,,11,367,48.8,367,48.8,43.9,211,44,95,26153,18659,18938,22008,29685,31596,,263,112,,"Group 3",3
192323,"Le Moyne College","Syracuse","NY","Mid East","Private nonprofit 4-year","Private nonprofit","4-year","Suburb","1,000-4,999","Master's","No","No",-76.0904,43.0492,3581,2804,61.6,70.9,8.2,8.5,4.6,2.1,84,0,12,541,71,541,71,63.8,601,30,87,22139,15335,14671,21940,23554,26281,,602,244,2,"Group 1",1
192448,"Long Island University","Brookville","NY","Mid East","Private nonprofit 4-year","Private nonprofit","4-year","Suburb","10,000-19,999","Doctoral","No","No",-73.5937,40.8207,17374,12455,60.4,45.3,9.5,14.5,11.2,2.1,77,50,13,1378,55.4,1131,53.1,43.9,1102,19,43,22620,20478,22355,22734,28590,29036,,1450,1305,282,"Group 3",3
192703,"Manhattan College","Riverdale","NY","Mid East","Private nonprofit 4-year","Private nonprofit","4-year","City","1,000-4,999","Master's","No","No",-73.9019,40.8898,3790,3175,41.2,45.6,6.5,28.7,4.6,3.7,77,0,11,764,66,764,66,51.6,746,31,96,28349,24024,25103,27042,28655,29209,7,730,249,,"Group 1",1
192712,"Manhattan School of Music","New York","NY","Mid East","Private nonprofit 4-year","Private nonprofit","4-year","City","1,000-4,999","Special focus","No","No",-73.9613,40.8123,1126,512,50.2,35,6.2,10.7,8,35.4,93,,6,115,78.3,115,78.3,72.2,154,13,83,51879,42437,55777,57477,,59277,,110,233,15,"Group 1",1
192749,"Manhattanville College","Purchase","NY","Mid East","Private nonprofit 4-year","Private nonprofit","4-year","Suburb","1,000-4,999","Master's","No","No",-73.7156,41.0322,2859,1415,60.8,48.9,10.4,30.5,2.4,3.2,73,,12,415,53.7,415,53.7,48.2,314,33,93,25017,17789,19825,24736,24892,32501,,396,274,24,"Group 3",3
192819,"Marist College","Poughkeepsie","NY","Mid East","Private nonprofit 4-year","Private nonprofit","4-year","Suburb","5,000-9,999","Master's","No","No",-73.9355,41.7209,7333,6090,57.8,65.5,3.7,12.5,3.3,1.7,89,,16,1285,79.8,1285,79.8,72.5,1334,15,84,40106,25331,27034,34963,38862,43143,,1264,437,33,"Group 1",1
192864,"Marymount Manhattan College","New York","NY","Mid East","Private nonprofit 4-year","Private nonprofit","4-year","City","1,000-4,999","Baccalaureate","No","No",-73.9598,40.7688,1763,1763,82.2,50.1,10.9,21.8,3.2,2.1,65,67,8,516,49.8,516,49.8,42.8,403,28,85,38426,29751,28492,32754,36332,43959,12,319,,,"Group 3",3
193016,"Mercy University","Dobbs Ferry","NY","Mid East","Private nonprofit 4-year","Private nonprofit","4-year","Suburb","5,000-9,999","Master's","No","No",-73.8744,41.0216,10251,7225,68.9,17.1,25,44.9,5,2.3,75,29,15,867,48.1,858,47.9,33.8,912,47,69,16776,13092,14487,17042,20273,23124,50,1295,741,33,"Group 3",3
193292,"Molloy College","Rockville Centre","NY","Mid East","Private nonprofit 4-year","Private nonprofit","4-year","Suburb","1,000-4,999","Master's","No","No",-73.6262,40.6859,9200,6648,66.8,55.4,9,21.3,8.3,0.8,81,50,10,510,71.8,502,72.5,48.6,640,30,80,25938,20330,22678,26115,27390,32545,23,761,359,28,"Group 1",1
193353,"Mount Saint Mary College","Newburgh","NY","Mid East","Private nonprofit 4-year","Private nonprofit","4-year","City","1,000-4,999","Master's","No","No",-74.0127,41.5139,2282,1785,67.6,47.4,8.5,23.8,2.5,0.4,74,14,12,399,65.7,399,65.7,51.9,222,30,83,24588,12704,17922,22389,27289,28745,,320,130,,"Group 3",3
193399,"University of Mount Saint Vincent","Bronx","NY","Mid East","Private nonprofit 4-year","Private nonprofit","4-year","City","1,000-4,999","Baccalaureate","No","No",-73.9089,40.9137,4382,3312,81.6,41.6,11.1,24.4,4.1,2.2,71,0,15,448,57.1,448,57.1,46.9,493,43,70,21844,17656,19346,20674,19745,24432,,768,323,,"Group 3",3
193584,"Nazareth University","Rochester","NY","Mid East","Private nonprofit 4-year","Private nonprofit","4-year","Suburb","1,000-4,999","Master's","No","No",-77.5186,43.1016,2720,2060,72.2,78.9,5.3,6.8,2.2,1.3,81,,9,550,72.9,550,72.9,64.4,470,26,98,31321,22378,23843,28829,30697,33978,,543,230,47,"Group 1",1
193654,"The New School","New York","NY","Mid East","Private nonprofit 4-year","Private nonprofit","4-year","City","5,000-9,999","Doctoral","No","No",-73.9971,40.7355,11567,8348,76.4,33.7,4.2,9.8,10.8,32.3,81,90,9,1527,71.2,1507,71.3,51.6,1393,15,87,62226,48206,51201,52728,56942,61849,138,1503,1319,63,"Group 1",1
193900,"New York University","New York","NY","Mid East","Private nonprofit 4-year","Private nonprofit","4-year","City","20,000 and above","Doctoral","No","No",-73.9973,40.7295,64951,32343,59.1,22.2,7.6,15.9,19.8,26,96,50,8,5970,88.5,5955,88.6,75.8,6164,19,46,30730,16816,15898,18555,33913,59931,88,6994,12910,1536,"Group 1",1
193973,"Niagara University","Niagara University","NY","Mid East","Private nonprofit 4-year","Private nonprofit","4-year","Suburb","1,000-4,999","Master's","No","No",-79.0367,43.1373,4540,3071,66.4,57.4,5.8,4.1,1.7,26.6,81,,10,588,70.2,587,69.8,63.4,545,26,87,17495,10441,12613,17100,21369,23715,3,734,388,10,"Group 1",1
194091,"New York Institute of Technology","Old Westbury","NY","Mid East","Private nonprofit 4-year","Private nonprofit","4-year","Rural","5,000-9,999","Master's","No","No",-73.6078,40.8124,7369,3641,41.3,20.3,11,21,25.6,7.9,79,32,13,853,56,848,55.9,41.3,836,44,90,23074,16548,17565,21862,26269,28544,,686,638,467,"Group 3",3
194310,"Pace University","New York","NY","Mid East","Private nonprofit 4-year","Private nonprofit","4-year","City","10,000-19,999","Doctoral","No","No",-74.0047,40.711,15814,9238,66,43.3,9.4,19.8,7.1,13.2,77,64,16,1998,61.4,1998,61.3,49.2,2084,27,90,34299,26575,27098,29308,30891,36098,12,1652,1729,294,"Group 1",1
194392,"Paul Smiths College of Arts and Science","Paul Smiths","NY","Mid East","Private nonprofit 4-year","Private nonprofit","4-year","Rural","Under 1,000","Baccalaureate","No","No",-74.2527,44.434,1218,1187,41.7,47.9,2.7,0.3,0.5,0.3,76,,12,195,53.3,173,48.6,44.5,165,37,99,26370,17089,19075,22178,25604,29921,28,130,20,,"Group 3",3
194578,"Pratt Institute-Main","Brooklyn","NY","Mid East","Private nonprofit 4-year","Private nonprofit","4-year","City","5,000-9,999","Special focus","No","No",-73.9643,40.6913,6090,4375,72.1,32,4.4,10.7,15.8,29.9,89,33,9,824,72.7,789,72.8,49.2,882,17,77,51702,43939,44489,44482,54748,57780,37,756,628,,"Group 1",1
194763,"Rabbinical Seminary of America","Flushing","NY","Mid East","Private nonprofit 4-year","Private nonprofit","4-year","City","Under 1,000","Special focus","No","No",-73.8172,40.7231,613,368,0,100,0,0,0,0,82,,40,102,34.3,102,34.3,7.8,94,14,83,9049,7977,,4090,7533,,,38,22,,"Group 2",2
194824,"Rensselaer Polytechnic Institute","Troy","NY","Mid East","Private nonprofit 4-year","Private nonprofit","4-year","City","5,000-9,999","Doctoral","No","No",-73.6766,42.73,7628,6424,30.2,42.2,5,10.8,19.7,11.9,89,,14,1663,83.2,1663,83.2,71.1,2002,19,89,35940,21009,24670,25624,33615,39583,,1374,347,146,"Group 1",1
194958,"Roberts Wesleyan University","Rochester","NY","Mid East","Private nonprofit 4-year","Private nonprofit","4-year","Suburb","1,000-4,999","Master's","No","No",-77.7985,43.1258,2134,1501,69,66.2,13.9,8.5,2.5,2.5,77,67,9,219,63.9,219,63.9,56.6,205,40,93,24202,19371,20400,21935,25180,26757,12,287,245,9,"Group 3",3
195003,"Rochester Institute of Technology","Rochester","NY","Mid East","Private nonprofit 4-year","Private nonprofit","4-year","Suburb","10,000-19,999","Doctoral","No","No",-77.6739,43.0842,19736,16506,33.7,51.3,4.3,7.7,9.7,4,88,0,13,2750,70.8,2606,72.5,28.1,3201,26,89,39753,24475,25200,25561,30655,34772,73,2437,992,63,"Group 1",1
195030,"University of Rochester","Rochester","NY","Mid East","Private nonprofit 4-year","Private nonprofit","4-year","City","10,000-19,999","Doctoral","No","No",-77.6312,43.1264,13860,7701,53.8,39.4,5.6,8.1,15.3,21.2,93,,9,1540,84.5,1540,84.5,76.8,1625,16,69,40900,13743,16102,21177,29822,48528,,1637,1631,405,"Group 1",1
195128,"Russell Sage College","Troy","NY","Mid East","Private nonprofit 4-year","Private nonprofit","4-year","City","1,000-4,999","Doctoral","No","No",-73.6937,42.7282,2433,1181,72,58.8,11.1,12.4,5.4,0.7,75,,10,201,65.7,201,65.7,59.2,238,43,98,23588,15692,16863,22393,27639,29668,,277,292,80,"Group 3",3
195164,"St Bonaventure University","Saint Bonaventure","NY","Mid East","Private nonprofit 4-year","Private nonprofit","4-year","Town","1,000-4,999","Master's","No","No",-78.4811,42.0802,3012,1938,45.1,76.4,5.1,6.3,3,4.2,81,,12,439,70.4,439,70.4,65.6,571,23,98,27659,14813,18041,22224,29913,31769,,389,371,,"Group 1",1
195173,"St. Francis College","Brooklyn","NY","Mid East","Private nonprofit 4-year","Private nonprofit","4-year","City","1,000-4,999","Baccalaureate","No","No",-73.9866,40.6902,4363,3361,58.6,15.2,17.8,20.3,2.3,12.4,54,17,13,436,52.3,426,52.6,33.6,488,47,96,22766,17889,18575,23196,28955,41839,34,448,82,,"Group 3",3
195216,"St Lawrence University","Canton","NY","Mid East","Private nonprofit 4-year","Private nonprofit","4-year","Town","1,000-4,999","Baccalaureate","No","No",-75.1613,44.5899,2263,2230,53.5,75.5,2.6,6.1,2.1,10,86,,11,693,79.7,693,79.7,71,533,21,97,36175,12250,17287,21671,29263,40029,,538,10,,"Group 1",1
195234,"The College of Saint Rose","Albany","NY","Mid East","Private nonprofit 4-year","Private nonprofit","4-year","City","1,000-4,999","Master's","No","No",-73.7867,42.6643,3474,1530,66.3,51.2,15.4,4.7,3.7,4.7,72,100,14,577,51,577,50.8,37.6,239,39,96,24618,18785,19920,24182,25625,27778,,441,324,,"Group 3",3
195243,"St. Thomas Aquinas College","Sparkill","NY","Mid East","Private nonprofit 4-year","Private nonprofit","4-year","Suburb","1,000-4,999","Master's","No","No",-73.9368,41.0416,2527,2287,50.5,51.4,16.6,17.6,3.9,3.8,75,,16,246,62.6,242,60.3,47.5,243,18,60,21257,13977,18169,20644,27309,25598,3,243,91,,"Group 2",2
195304,"Sarah Lawrence College","Bronxville","NY","Mid East","Private nonprofit 4-year","Private nonprofit","4-year","Suburb","1,000-4,999","Baccalaureate","No","No",-73.8437,40.9355,1804,1562,78.9,56,4.1,9.8,4.6,6.1,84,,10,393,70,393,70,58.5,384,13,85,43571,20746,24018,27814,16853,21166,,312,114,,"Group 1",1
195474,"Siena College","Loudonville","NY","Mid East","Private nonprofit 4-year","Private nonprofit","4-year","Suburb","1,000-4,999","Master's","No","No",-73.7526,42.7176,4088,3944,54.2,72.3,4.2,9,4.8,3,84,100,13,774,75.8,774,75.8,71.7,862,23,94,32602,25588,26414,28940,32700,37049,,768,70,,"Group 1",1
195526,"Skidmore College","Saratoga Springs","NY","Mid East","Private nonprofit 4-year","Private nonprofit","4-year","Suburb","1,000-4,999","Baccalaureate","No","No",-73.7853,43.097,2854,2854,58.3,62.8,4.5,10.2,5.6,8.9,89,67,8,660,81.7,660,81.7,75,781,14,57,32368,20906,15994,17308,25470,46513,,617,,,"Group 1",1
195544,"St. Joseph's University-New York","Brooklyn","NY","Mid East","Private nonprofit 4-year","Private nonprofit","4-year","City","1,000-4,999","Master's","No","No",-73.9677,40.6904,4986,3944,68.1,55.6,9,20.9,3.7,1.9,79,0,12,556,64.2,556,64.2,55.9,570,34,90,18324,13649,15074,16891,18240,21814,,940,345,,"Group 3",3
195720,"St. John Fisher University","Rochester","NY","Mid East","Private nonprofit 4-year","Private nonprofit","4-year","Suburb","1,000-4,999","Doctoral","No","No",-77.5131,43.1163,4012,2788,58.5,80.5,5.1,6.5,3.8,0.5,84,,12,626,74.4,626,74.4,64.4,643,28,99,28969,14994,20355,27255,30794,32667,,656,205,103,"Group 1",1
195809,"St. John's University-New York","Queens","NY","Mid East","Private nonprofit 4-year","Private nonprofit","4-year","City","10,000-19,999","Doctoral","No","No",-73.7961,40.7225,21236,16867,55.5,45.5,10.3,20.4,13.4,2.2,80,57,16,2952,68.5,2943,68.3,55.3,2870,24,63,28206,23468,24386,27197,30164,31582,17,2279,1009,579,"Group 2",2
196006,"SUNY College of Technology at Alfred","Alfred","NY","Mid East","Public 4-year","Public","4-year","Rural","1,000-4,999","Baccalaureate","No","No",-77.7946,42.2553,3629,3629,37,69.3,12.8,11.2,1.4,0.3,76,0,16,1116,52.7,293,45.4,28,1022,45,81,14877,9813,11689,14726,16924,21280,710,391,,,"Group 4",4
196015,"SUNY College of Technology at Canton","Canton","NY","Mid East","Public 4-year","Public","4-year","Town","1,000-4,999","Baccalaureate","No","No",-75.1829,44.6041,4140,4140,57,64.3,10,9.6,4.1,1.5,67,50,17,690,44.1,208,51,42.3,464,47,74,14451,10087,12362,16075,17917,20794,238,521,,,"Group 4",4
196024,"SUNY College of Technology at Delhi","Delhi","NY","Mid East","Public 4-year","Public","4-year","Rural","1,000-4,999","Baccalaureate","No","No",-74.9246,42.2699,2786,2629,53.3,58.4,15.2,17.6,2.2,0.3,68,,12,957,48,124,55.6,44.4,679,46,72,16923,12432,15619,19042,20545,23952,345,402,48,,"Group 3",3
196033,"SUNY College of Agriculture and Technology at Cobleskill","Cobleskill","NY","Mid East","Public 4-year","Public","4-year","Town","1,000-4,999","Baccalaureate","No","No",-74.4983,42.6725,2881,2881,59.7,67.2,10.6,11.1,2.5,0.9,72,100,14,704,40.9,191,54.5,48.7,487,43,83,18122,13264,15614,18907,20483,24391,166,372,,,"Group 3",3
196042,"Farmingdale State College","Farmingdale","NY","Mid East","Public 4-year","Public","4-year","Suburb","5,000-9,999","Baccalaureate","No","No",-73.4283,40.7542,18644,18589,45.6,41.9,10.5,26.6,10.9,1.2,81,31,18,1267,57.1,690,58.6,40.7,1523,36,52,8224,3865,6366,10730,13143,16356,228,1665,21,,"Group 2",2
196051,"SUNY Morrisville","Morrisville","NY","Mid East","Public 4-year","Public","4-year","Rural","1,000-4,999","Baccalaureate","No","No",-75.6406,42.894,1983,1983,48.7,57.6,23.6,9.9,0.9,2.9,62,0,13,884,31.9,127,33.9,23.6,514,55,81,16855,13361,15271,19829,21034,23806,256,163,,,"Group 4",4
196060,"University at Albany","Albany","NY","Mid East","Public 4-year","Public","4-year","City","10,000-19,999","Doctoral","No","No",-73.8247,42.6855,18906,13919,54.3,41.2,20.7,17.8,9.4,3.7,83,50,17,2811,63.9,2811,63.9,56.8,2645,42,81,19165,13066,15895,19850,20811,25009,,2918,1268,165,"Group 2",2
196079,"Binghamton University","Vestal","NY","Mid East","Public 4-year","Public","4-year","Suburb","10,000-19,999","Doctoral","No","No",-75.9669,42.0879,20307,15958,52,54.7,4.9,13.1,17,4.3,88,75,18,2672,83.6,2672,83.6,77.1,3103,27,57,18860,12916,16168,21832,23279,28008,,3573,1222,224,"Group 2",2
196088,"University at Buffalo","Buffalo","NY","Mid East","Public 4-year","Public","4-year","Suburb","20,000 and above","Doctoral","No","No",-78.7895,43.0009,35749,23230,46.7,44,8.7,8.4,16.6,12.9,84,46,11,4031,73.4,4031,73.4,58.6,4187,32,60,20511,14240,16624,21261,23286,26546,,4851,3422,1080,"Group 1",1
196097,"Stony Brook University","Stony Brook","NY","Mid East","Public 4-year","Public","4-year","Suburb","20,000 and above","Doctoral","No","No",-73.1205,40.9148,32674,23384,51.2,26.3,5.3,12.8,27.9,9,89,60,19,3160,77.8,3160,77.8,66.4,3342,38,65,18601,12744,15813,21446,24158,26994,,4403,2251,562,"Group 2",2
196103,"SUNY College of Environmental Science and Forestry","Syracuse","NY","Mid East","Public 4-year","Public","4-year","City","1,000-4,999","Doctoral","No","No",-76.1387,43.0348,2775,2383,51.7,70.6,7.2,10.8,4.6,1.3,85,88,14,326,69.9,326,68.4,58.6,340,26,81,19644,8211,10770,18458,20248,23955,48,368,58,28,"Group 2",2
196112,"SUNY Polytechnic Institute","Utica","NY","Mid East","Public 4-year","Public","4-year","Suburb","1,000-4,999","Master's","No","No",-75.2298,43.1377,3292,2215,33.8,67.9,8.1,10.2,8.4,1.3,68,0,14,463,59.2,463,59.2,47.9,379,37,74,14646,8119,10829,15013,15898,19666,,512,219,10,"Group 3",3
196121,"SUNY Brockport","Brockport","NY","Mid East","Public 4-year","Public","4-year","Town","5,000-9,999","Master's","No","No",-77.9472,43.2119,7616,5881,60,69.1,11.8,9,2.6,0.6,73,50,16,1257,56.6,1257,56.6,43.4,1011,39,68,15343,10097,12175,16278,17577,21400,,1427,420,,"Group 3",3
196130,"SUNY Buffalo State University","Buffalo","NY","Mid East","Public 4-year","Public","4-year","City","5,000-9,999","Master's","No","No",-78.8821,42.9338,7473,6171,56.2,47.4,29.1,11.8,6.2,0.8,55,40,13,1801,36,1801,36,24.6,1241,53,76,13735,10684,12992,17379,18478,21201,,1202,544,,"Group 4",4
196149,"State University of New York at Cortland","Cortland","NY","Mid East","Public 4-year","Public","4-year","Town","5,000-9,999","Master's","No","No",-76.1887,42.598,7633,6645,53.5,74.7,5,12.6,1.5,0.5,81,0,15,1288,68.2,1288,68.2,55.7,1340,27,63,18474,11272,13846,18050,19602,23422,,1425,230,,"Group 2",2
196158,"SUNY at Fredonia","Fredonia","NY","Mid East","Public 4-year","Public","4-year","Town","1,000-4,999","Master's","No","No",-79.3374,42.4522,3826,3459,58,71.8,7,10.3,1.4,1.7,76,0,11,1122,53.5,1122,53.5,40.4,715,37,81,15830,9524,12573,15522,16480,20350,,819,113,,"Group 3",3
196167,"SUNY College at Geneseo","Geneseo","NY","Mid East","Public 4-year","Public","4-year","Town","1,000-4,999","Master's","No","No",-77.8219,42.7966,4534,4438,64.2,77.8,3.8,6.6,3.4,1.4,84,,15,1333,72.1,1333,72.1,65,872,25,71,18698,9369,12591,15180,17850,23488,,1049,42,,"Group 2",2
196176,"State University of New York at New Paltz","New Paltz","NY","Mid East","Public 4-year","Public","4-year","Town","5,000-9,999","Master's","No","No",-74.0822,41.7409,8012,6846,64.4,59,7.1,22,4.5,1.6,87,57,16,1099,68.9,1099,68.9,55.3,1156,33,59,17848,11330,14284,19631,20787,25074,,1539,384,,"Group 2",2
196185,"SUNY Oneonta","Oneonta","NY","Mid East","Public 4-year","Public","4-year","Town","5,000-9,999","Master's","No","No",-75.0636,42.4689,5914,5244,59.9,69.2,5.2,17.1,2,0.2,78,0,14,1381,70.2,1381,70.2,61.2,1105,33,71,17918,11716,15318,17775,19935,24749,,1307,238,,"Group 2",2
196194,"State University of New York at Oswego","Oswego","NY","Mid East","Public 4-year","Public","4-year","Town","5,000-9,999","Master's","No","No",-76.5408,43.4543,7957,6635,51.8,65,11.2,13.4,2.6,3.7,70,14,14,1461,60.4,1461,60.4,48.3,1460,39,83,16923,10677,14114,18084,18588,23253,,1375,284,,"Group 3",3
196200,"SUNY College at Potsdam","Potsdam","NY","Mid East","Public 4-year","Public","4-year","Town","1,000-4,999","Master's","No","No",-74.9738,44.6621,2805,2246,60,71.6,8.3,10.3,1.6,0.8,78,0,10,779,47.9,779,47.9,33.6,443,43,85,14574,8948,11590,14617,16141,19966,,541,154,,"Group 3",3
196219,"SUNY at Purchase College","Purchase","NY","Mid East","Public 4-year","Public","4-year","Suburb","1,000-4,999","Baccalaureate","No","No",-73.702,41.0472,3526,3448,58.2,50.3,12,25.6,4.2,1.2,79,0,11,757,61.6,757,61.6,51,684,36,68,18651,12320,15753,21148,22454,26346,,728,35,,"Group 3",3
196237,"SUNY Old Westbury","Old Westbury","NY","Mid East","Public 4-year","Public","4-year","Suburb","1,000-4,999","Master's","No","No",-73.5719,40.799,5239,4823,59,27.2,24.5,30,12.5,1.3,74,100,17,659,46.6,659,46.6,31.7,608,47,64,10495,5890,8149,13294,14835,18451,,935,134,,"Group 4",4
196246,"SUNY College at Plattsburgh","Plattsburgh","NY","Mid East","Public 4-year","Public","4-year","Town","1,000-4,999","Master's","No","No",-73.4665,44.6929,5245,4596,60,62.9,11.5,13.3,3.2,4.2,71,100,15,1108,58.8,1108,58.8,43.9,838,39,75,15982,10585,13591,16685,17575,23723,,912,181,,"Group 3",3
196264,"Empire State University","Saratoga Springs","NY","Mid East","Public 4-year","Public","4-year","Suburb","5,000-9,999","Master's","No","No",-73.7825,43.0773,15443,12106,66.9,48.2,15.7,15,3.5,0.6,46,45,17,191,29.3,100,22,12,104,35,62,11065,9135,10581,11882,16857,18178,430,1714,399,,"Group 4",4
196291,"SUNY Maritime College","Throggs Neck","NY","Mid East","Public 4-year","Public","4-year","City","1,000-4,999","Master's","No","No",-73.7953,40.8072,1635,1474,13.3,66.4,5.5,15.5,4.7,2,80,,14,342,74.9,331,75.5,52.3,284,21,58,20398,14478,15378,22225,21922,26193,9,252,69,,"Group 2",2
196413,"Syracuse University","Syracuse","NY","Mid East","Private nonprofit 4-year","Private nonprofit","4-year","City","20,000 and above","Doctoral","No","No",-76.134,43.0366,37473,28738,57.1,53.7,7.6,13.1,8.3,7.2,91,64,15,3636,81.4,3636,81.4,71.3,4094,16,80,51520,21505,16002,19633,31776,55337,6,3282,2495,375,"Group 1",1
196592,"Touro University","New York","NY","Mid East","Private nonprofit 4-year","Private nonprofit","4-year","City","10,000-19,999","Doctoral","No","No",-73.9808,40.7573,14026,6392,70.6,46.9,12.5,11.5,3,2.7,86,67,10,685,65,437,72.5,55.1,446,32,71,25934,23960,23822,27641,27534,32594,241,1149,1363,657,"Group 1",1
196866,"Union College","Schenectady","NY","Mid East","Private nonprofit 4-year","Private nonprofit","4-year","City","1,000-4,999","Baccalaureate","No","No",-73.9288,42.8181,2140,2140,44.5,65.9,4.6,8.7,6.4,10,89,,10,570,85.3,570,85.3,75.1,575,13,89,42884,15257,15506,21768,28376,48517,,428,,,"Group 1",1
197018,"United Talmudical Seminary","Brooklyn","NY","Mid East","Private nonprofit 4-year","Private nonprofit","4-year","City","1,000-4,999","Special focus","No","No",-73.9591,40.7057,2103,2103,0,95.5,0,0.1,0,4.4,87,,15,418,56.9,418,56.9,1.4,445,86,100,8237,6126,6535,8566,11856,,,369,,,"Group 4",4
197027,"United States Merchant Marine Academy","Kings Point","NY","US service schools","Public 4-year","Public","4-year","Suburb","Under 1,000","Baccalaureate","No","No",-73.763,40.8136,953,933,19.8,78.2,1.7,6.4,4.7,0,90,,13,263,80.6,263,80.6,73.4,200,7,11,5173,3476,4752,8250,9278,9547,,219,4,,"Group 2",2
197045,"Utica University","Utica","NY","Mid East","Private nonprofit 4-year","Private nonprofit","4-year","City","1,000-4,999","Master's","No","No",-75.2729,43.0962,4782,3194,60.5,64.4,10.5,9,4.5,0.9,73,17,14,548,55.5,548,55.5,42.7,434,30,72,22510,16485,14355,19670,22938,27736,,741,392,94,"Group 3",3
197133,"Vassar College","Poughkeepsie","NY","Mid East","Private nonprofit 4-year","Private nonprofit","4-year","Suburb","1,000-4,999","Baccalaureate","No","No",-73.8951,41.6869,2607,2607,62.4,54.1,4,11.9,11.9,7.3,94,,8,626,89.1,626,89.1,80.7,679,21,61,29733,15964,19653,25779,30066,54072,,624,,,"Group 1",1
197142,"Villa Maria College","Buffalo","NY","Mid East","Private nonprofit 4-year","Private nonprofit","4-year","City","Under 1,000","Baccalaureate","No","No",-78.7968,42.9122,522,522,51.3,43.9,32.8,9.4,3.8,0,63,,9,129,31,101,30.7,24.8,101,61,96,15687,12373,9235,15325,13426,20940,25,60,,,"Group 4",4
197197,"Wagner College","Staten Island","NY","Mid East","Private nonprofit 4-year","Private nonprofit","4-year","City","1,000-4,999","Master's","No","No",-74.0929,40.6156,2160,1777,61.4,55.7,7,16.8,4.8,6.6,82,,16,430,68.1,430,67.9,63.3,407,23,99,28109,22751,24404,28086,32550,28789,,380,136,10,"Group 2",2
197230,"Wells College","Aurora","NY","Mid East","Private nonprofit 4-year","Private nonprofit","4-year","Rural","Under 1,000","Baccalaureate","No","No",-76.696,42.7429,366,366,56.3,54.1,10.7,13.4,2.5,1.6,50,,8,137,40.9,137,40.9,38,147,47,97,23956,17281,18030,21000,26997,30684,,60,,,"Group 3",3
197708,"Yeshiva University","New York","NY","Mid East","Private nonprofit 4-year","Private nonprofit","4-year","City","5,000-9,999","Doctoral","No","No",-73.9299,40.8506,6841,3061,44.7,62.4,0.1,2,0.1,6.9,93,,7,551,83.7,533,84.6,79.4,621,14,88,38118,27089,25446,29934,46896,69117,496,564,691,408,"Group 1",1
197735,"Yeshivath Viznitz","Monsey","NY","Mid East","Private nonprofit 4-year","Private nonprofit","4-year","Suburb","1,000-4,999","Special focus","No","No",-74.0702,41.1147,1138,871,0,97.6,0,0,0,2.4,97,,7,118,69.5,118,69.5,,196,81,90,7172,5215,6208,8183,11923,,,83,,,"Group 3",3
197869,"Appalachian State University","Boone","NC","Southeast","Public 4-year","Public","4-year","Town","20,000 and above","Master's","No","No",-81.6806,36.2155,22082,19854,56.1,80.5,3.3,8.3,1.7,0.8,85,56,16,3302,73.1,3302,73.1,58.1,3899,26,44,14712,8370,11507,15766,20796,21991,,3979,802,20,"Group 2",2
197911,"Barton College","Wilson","NC","Southeast","Private nonprofit 4-year","Private nonprofit","4-year","Town","1,000-4,999","Baccalaureate","No","No",-77.9139,35.7344,1396,1296,56.2,52.2,29.9,10,0.5,3.9,65,0,14,198,51.5,198,51.5,39.9,299,37,88,23804,22391,18835,20931,23323,30183,,228,49,,"Group 3",3
197984,"Belmont Abbey College","Belmont","NC","Southeast","Private nonprofit 4-year","Private nonprofit","4-year","Suburb","1,000-4,999","Baccalaureate","No","No",-81.0413,35.2607,1662,1621,47.3,62.9,9.6,5.6,1.5,3.7,69,0,12,399,46.4,399,46.4,39.8,393,25,93,23463,17985,21339,24173,24325,25375,,266,11,,"Group 3",3
197993,"Bennett College","Greensboro","NC","Southeast","Private nonprofit 4-year","Private nonprofit","4-year","City","Under 1,000","Baccalaureate","Yes","No",-79.78,36.0675,176,176,100,0.6,54.5,1.7,0,4.5,90,,7,160,20.6,160,20.6,10.6,30,75,97,20928,21663,26755,24156,22400,,,36,,,"Group 4",4
198066,"Brevard College","Brevard","NC","Southeast","Private nonprofit 4-year","Private nonprofit","4-year","Town","Under 1,000","Baccalaureate","No","No",-82.7295,35.2368,782,757,37.9,65.3,11.6,7.5,1.1,6.2,66,,11,246,39,246,39,26.4,175,38,99,26938,17493,18803,21716,24695,23961,,164,4,,"Group 3",3
198136,"Campbell University","Buies Creek","NC","Southeast","Private nonprofit 4-year","Private nonprofit","4-year","Town","5,000-9,999","Doctoral","No","No",-78.7382,35.4091,5969,3497,50.4,56.6,16.9,12.1,2.2,2.4,75,24,13,777,55.9,774,54.8,41.2,493,33,89,24517,18276,20251,19451,26703,31975,30,720,268,416,"Group 3",3
198215,"Catawba College","Salisbury","NC","Southeast","Private nonprofit 4-year","Private nonprofit","4-year","Suburb","1,000-4,999","Baccalaureate","No","No",-80.4828,35.6914,1338,1255,53.1,50.2,20.2,10.1,0.6,6.1,73,,12,332,52.1,332,52.1,44.9,298,39,97,18319,15892,13838,14971,19531,25348,,249,45,,"Group 3",3
198303,"Chowan University","Murfreesboro","NC","Southeast","Private nonprofit 4-year","Private nonprofit","4-year","Rural","Under 1,000","Baccalaureate","No","No",-77.0991,36.4363,969,851,39.6,19.2,57,4,0.1,6.9,57,,15,526,28.5,526,28.5,18.4,215,61,96,15845,14377,13289,18449,17407,22454,1,154,41,,"Group 4",4
198385,"Davidson College","Davidson","NC","Southeast","Private nonprofit 4-year","Private nonprofit","4-year","Suburb","1,000-4,999","Baccalaureate","No","No",-80.844,35.4998,2091,2091,53.8,63,6.1,9.4,5.4,9.6,95,,9,518,91.9,518,91.9,89.2,542,17,68,26510,6613,3339,7610,25077,40503,,504,,,"Group 1",1
198419,"Duke University","Durham","NC","Southeast","Private nonprofit 4-year","Private nonprofit","4-year","City","10,000-19,999","Doctoral","No","No",-78.9376,36.0011,20664,7343,52.5,37.3,8.5,11.3,20.2,9.5,96,,6,1751,95.8,1751,95.8,88,1745,13,52,23422,3295,242,6901,16487,54375,,2275,3734,1009,"Group 1",1
198464,"East Carolina University","Greenville","NC","Southeast","Public 4-year","Public","4-year","City","20,000 and above","Doctoral","No","No",-77.3683,35.6072,29957,23597,58.4,62.4,17.2,9.1,2.5,0.7,82,76,17,4305,62.1,4305,62.1,43.3,3725,31,56,14470,11128,12290,16785,20979,22787,,4695,1434,323,"Group 2",2
198507,"Elizabeth City State University","Elizabeth City","NC","Southeast","Public 4-year","Public","4-year","Town","1,000-4,999","Baccalaureate","Yes","No",-76.214,36.278,2439,2302,56.8,18.3,67.4,4.6,0.5,0.8,74,100,17,341,48.1,341,48.1,29.9,349,53,75,7363,4342,5202,8929,14182,15821,,365,43,,"Group 4",4
198516,"Elon University","Elon","NC","Southeast","Private nonprofit 4-year","Private nonprofit","4-year","Suburb","5,000-9,999","Doctoral","No","No",-79.5034,36.1041,7475,6566,59,78.2,6.1,6.4,2.3,2.2,90,,11,1573,83,1573,83,78.1,1690,9,66,41849,27108,23103,32133,37712,48382,,1471,129,172,"Group 1",1
198543,"Fayetteville State University","Fayetteville","NC","Southeast","Public 4-year","Public","4-year","City","5,000-9,999","Master's","Yes","No",-78.8917,35.0736,8367,7049,69.7,17.2,60.4,10,1.6,0.8,78,46,19,662,35.2,662,35.2,20.7,762,53,68,7298,5742,6901,8806,11448,13998,,1078,320,15,"Group 4",4
198561,"Gardner-Webb University","Boiling Springs","NC","Southeast","Private nonprofit 4-year","Private nonprofit","4-year","Rural","1,000-4,999","Doctoral","No","No",-81.6681,35.2473,4009,2170,64.6,53.2,19.2,4.1,0.9,0.1,69,,11,381,61.7,375,59.5,5.6,403,27,70,24035,21744,19750,19334,25534,27952,13,427,452,119,"Group 3",3
198598,"Greensboro College","Greensboro","NC","Southeast","Private nonprofit 4-year","Private nonprofit","4-year","City","Under 1,000","Master's","No","No",-79.8002,36.0711,957,827,44.1,41.1,33.5,8.1,0.5,0.1,63,,10,223,40.8,223,40.8,31.4,183,45,90,19783,17131,16279,17363,20492,26481,,116,43,,"Group 3",3
198613,"Guilford College","Greensboro","NC","Southeast","Private nonprofit 4-year","Private nonprofit","4-year","City","1,000-4,999","Baccalaureate","No","No",-79.8877,36.0942,1315,1276,50.9,42.5,27.6,14.3,6.1,1.3,66,,12,342,47.7,342,47.7,36.8,369,44,87,22620,20785,24870,25205,30620,25245,,218,2,,"Group 3",3
198695,"High Point University","High Point","NC","Southeast","Private nonprofit 4-year","Private nonprofit","4-year","City","5,000-9,999","Baccalaureate","No","No",-79.9947,35.972,6478,5301,54.9,75.6,7.3,7.5,2.1,1.4,84,,17,1110,70,1089,69.4,65.6,1501,11,86,43578,31504,33524,37597,38651,44082,,1062,311,133,"Group 1",1
198756,"Johnson C Smith University","Charlotte","NC","Southeast","Private nonprofit 4-year","Private nonprofit","4-year","City","1,000-4,999","Baccalaureate","Yes","No",-80.8573,35.243,1193,1147,54,0.7,77.9,0.8,0.3,0.6,63,0,11,331,34.1,331,34.1,24.8,259,68,93,19326,19693,29425,17959,19673,21063,,180,20,,"Group 4",4
198808,"Lees-McRae College","Banner Elk","NC","Southeast","Private nonprofit 4-year","Private nonprofit","4-year","Rural","Under 1,000","Baccalaureate","No","No",-81.8734,36.1625,899,897,65.4,74.6,6.7,6.8,1.3,3.8,62,,10,208,44.2,208,44.2,39.9,212,37,97,26009,18829,21139,20899,26761,29115,,211,,,"Group 3",3
198835,"Lenoir-Rhyne University","Hickory","NC","Southeast","Private nonprofit 4-year","Private nonprofit","4-year","City","1,000-4,999","Master's","No","No",-81.3276,35.74,2531,1622,56.2,61.2,13.6,5.3,2,5.4,71,23,15,382,51,382,51,41.1,373,40,88,24042,22289,22427,20065,25754,29067,,304,284,16,"Group 3",3
198862,"Livingstone College","Salisbury","NC","Southeast","Private nonprofit 4-year","Private nonprofit","4-year","Suburb","Under 1,000","Baccalaureate","Yes","No",-80.484,35.6709,930,930,40.4,1.5,86.9,0.5,1.3,2.6,78,50,13,365,27.1,349,23.8,14,201,84,99,15162,16621,11018,16327,15544,20006,3,113,,,"Group 4",4
198899,"Mars Hill University","Mars Hill","NC","Southeast","Private nonprofit 4-year","Private nonprofit","4-year","Rural","1,000-4,999","Baccalaureate","No","No",-82.5518,35.8275,1100,1051,48.6,63.8,17.3,9,0.8,5.1,61,38,10,353,41.9,353,41.9,34.6,247,42,96,19842,17372,17337,20703,22308,24291,,192,28,,"Group 3",3
198950,"Meredith College","Raleigh","NC","Southeast","Private nonprofit 4-year","Private nonprofit","4-year","City","1,000-4,999","Baccalaureate","No","No",-78.69,35.7994,1752,1423,99.4,63.5,9.7,12.9,4.9,1.5,81,100,10,394,65,394,65,57.9,334,33,96,23405,14882,14337,17521,22976,28045,,314,77,,"Group 1",1
198969,"Methodist University","Fayetteville","NC","Southeast","Private nonprofit 4-year","Private nonprofit","4-year","City","1,000-4,999","Master's","No","No",-78.8744,35.1351,1966,1591,46.3,46.9,23.4,8.9,1.1,6,65,50,9,401,40.1,400,39.5,26.2,323,39,90,25786,21803,20432,23113,27208,30198,8,243,48,69,"Group 3",3
199032,"Montreat College","Montreat","NC","Southeast","Private nonprofit 4-year","Private nonprofit","4-year","Suburb","Under 1,000","Baccalaureate","No","No",-82.2976,35.6466,1133,905,46.5,54.3,11,3.3,1.1,2.2,62,0,12,175,40.6,172,41.3,27.9,208,40,93,26294,21717,23372,26184,28027,29514,5,149,52,,"Group 3",3
199069,"University of Mount Olive","Mount Olive","NC","Southeast","Private nonprofit 4-year","Private nonprofit","4-year","Rural","1,000-4,999","Master's","No","No",-78.0694,35.2082,2680,2413,68.3,51.7,27.4,9.6,0.5,3,77,50,19,276,47.5,273,45.8,35.2,254,47,83,17893,14775,12115,18062,15969,21442,56,447,100,,"Group 4",4
199102,"North Carolina A & T State University","Greensboro","NC","Southeast","Public 4-year","Public","4-year","City","10,000-19,999","Doctoral","Yes","No",-79.7734,36.0728,14933,13017,61.6,3.9,83.2,4.6,0.7,0.4,80,44,20,2278,55.3,2278,55.3,33.7,3036,51,83,10258,7314,8701,13024,17075,18685,,2044,414,68,"Group 2",2
199111,"University of North Carolina Asheville","Asheville","NC","Southeast","Public 4-year","Public","4-year","City","1,000-4,999","Baccalaureate","No","No",-82.5654,35.6171,3271,3271,58.4,74.7,4.4,8,1.8,1.7,73,50,11,646,55,646,55,40.7,503,31,78,14175,6513,8674,13105,16977,17721,,653,,,"Group 3",3
199120,"University of North Carolina at Chapel Hill","Chapel Hill","NC","Southeast","Public 4-year","Public","4-year","City","20,000 and above","Doctoral","No","No",-79.051,35.9118,34089,21214,59.8,54.7,8.8,9.6,13.7,5.3,97,80,15,4351,92.1,4351,92.1,85.6,4425,20,52,11140,3165,5143,11220,19106,24077,,4951,2791,1253,"Group 2",2
199139,"University of North Carolina at Charlotte","Charlotte","NC","Southeast","Public 4-year","Public","4-year","City","20,000 and above","Doctoral","No","No",-80.7309,35.306,33356,25879,48.4,50,17.2,13.8,9.7,2.2,85,61,21,3351,67.7,3351,67.7,49.9,4061,34,49,13768,9010,10492,14014,19139,20740,,5340,2020,199,"Group 2",2
199148,"University of North Carolina at Greensboro","Greensboro","NC","Southeast","Public 4-year","Public","4-year","City","10,000-19,999","Doctoral","No","No",-79.8094,36.0682,19998,15698,66.3,40.1,28.9,15.1,5.7,1.8,76,56,17,2767,57.9,2767,57.9,40.3,2318,47,65,10592,6479,8141,12295,16056,18076,,3296,1014,225,"Group 2",2
199157,"North Carolina Central University","Durham","NC","Southeast","Public 4-year","Public","4-year","City","5,000-9,999","Master's","Yes","No",-78.8986,35.9742,8456,6309,69.7,5.2,78.6,7.2,1.6,0.2,75,71,16,1264,46,1264,46,27.3,1072,57,81,13884,12136,14482,17688,21713,23621,,967,521,132,"Group 4",4
199184,"University of North Carolina School of the Arts","Winston Salem","NC","Southeast","Public 4-year","Public","4-year","City","1,000-4,999","Special focus","No","No",-80.2357,36.0762,1111,927,60.5,62.4,9.7,13.6,2.7,2.7,88,,6,173,79.2,172,79.7,77.3,210,25,67,11163,4932,6698,10547,21768,24061,,229,77,,"Group 1",1
199193,"North Carolina State University at Raleigh","Raleigh","NC","Southeast","Public 4-year","Public","4-year","City","20,000 and above","Doctoral","No","No",-78.6745,35.7851,40544,28867,49.7,66.1,6.1,8,9.3,3.1,93,69,15,4786,84.6,4647,85.3,67.5,5610,19,51,14860,6200,8670,13992,20386,24211,69,5968,2990,646,"Group 2",2
199209,"North Carolina Wesleyan University","Rocky Mount","NC","Southeast","Private nonprofit 4-year","Private nonprofit","4-year","City","1,000-4,999","Baccalaureate","No","No",-77.774,36.0197,1726,1543,52.2,24.1,38.4,3,0.6,12.4,65,67,13,329,40.4,329,39.2,28,246,47,88,19111,15574,17630,17786,17785,25749,,342,67,,"Group 3",3
199218,"University of North Carolina Wilmington","Wilmington","NC","Southeast","Public 4-year","Public","4-year","City","10,000-19,999","Doctoral","No","No",-77.8755,34.2252,20742,16257,65.2,77.3,4.7,8.3,1.9,2.2,85,83,17,2135,70.7,2135,70.7,55.8,2358,24,49,18606,11837,13891,18377,23374,25018,,3717,1287,102,"Group 2",2
199272,"William Peace University","Raleigh","NC","Southeast","Private nonprofit 4-year","Private nonprofit","4-year","City","Under 1,000","Baccalaureate","No","No",-78.6377,35.7891,1071,1071,54.1,54,24.8,11.4,2.7,0.8,61,,12,203,44.3,203,44.3,35.5,136,35,81,24503,15206,18446,22005,26895,32987,,179,,,"Group 3",3
199281,"University of North Carolina at Pembroke","Pembroke","NC","Southeast","Public 4-year","Public","4-year","Town","5,000-9,999","Master's","No","No",-79.2003,34.6883,9494,6692,62.7,36.6,28.2,10.2,0.9,2.3,71,11,14,1022,44.5,1022,44.5,27.6,677,48,64,9687,7922,9526,10905,13204,15323,,1346,781,,"Group 4",4
199306,"Pfeiffer University","Misenheimer","NC","Southeast","Private nonprofit 4-year","Private nonprofit","4-year","Rural","Under 1,000","Master's","No","No",-80.2832,35.4847,1169,733,53.8,57.8,21.3,11.5,0.1,2.2,68,100,14,277,42.6,277,42.6,33.9,164,56,100,21402,18581,21569,21842,23089,26673,,186,135,,"Group 4",4
199412,"Queens University of Charlotte","Charlotte","NC","Southeast","Private nonprofit 4-year","Private nonprofit","4-year","City","1,000-4,999","Master's","No","No",-80.8335,35.1891,2194,1422,64.9,52.5,14,13.2,3.4,13.2,76,0,9,381,65.9,381,65.9,59.8,299,22,95,27178,17332,23207,24168,28378,31276,,375,277,,"Group 1",1
199582,"Saint Augustine's University","Raleigh","NC","Southeast","Private nonprofit 4-year","Private nonprofit","4-year","City","Under 1,000","Baccalaureate","Yes","No",-78.6213,35.7855,1251,1221,50,2.9,86.2,4.3,0.9,3.4,53,20,11,337,33.2,337,19.9,13.4,261,52,74,18373,17346,17116,17866,20317,20861,,100,8,,"Group 4",4
199607,"Salem College","Winston-Salem","NC","Southeast","Private nonprofit 4-year","Private nonprofit","4-year","City","Under 1,000","Baccalaureate","No","No",-80.2413,36.0863,544,432,98.6,46.1,14.4,17.6,1.9,0.9,67,100,7,160,56.2,160,56.2,51.2,89,49,88,19000,16009,19467,18561,20207,22832,,82,37,,"Group 3",3
199643,"Shaw University","Raleigh","NC","Southeast","Private nonprofit 4-year","Private nonprofit","4-year","City","Under 1,000","Baccalaureate","Yes","No",-78.6377,35.7712,1176,1015,54.3,2.8,64.9,2.1,1.3,8.5,56,14,11,489,20.2,489,20.2,12.3,193,65,89,14111,12125,14508,16310,15059,24706,,184,41,,"Group 4",4
199698,"St. Andrews University","Laurinburg","NC","Southeast","Private nonprofit 4-year","Private nonprofit","4-year","Town","Under 1,000","Baccalaureate","No","No",-79.4786,34.7456,893,857,56.5,26.3,17.4,9.5,1.5,5.1,51,,14,188,27.1,188,25.5,17.6,176,48,85,31503,35861,28615,31578,34947,34745,,120,14,,"Group 3",3
199847,"Wake Forest University","Winston-Salem","NC","Southeast","Private nonprofit 4-year","Private nonprofit","4-year","City","5,000-9,999","Doctoral","No","No",-80.2774,36.1336,9739,5622,54.6,65,6.7,8.9,4.2,8.8,95,,9,1347,90.9,1347,90.9,86.7,1370,9,42,27790,11554,6043,12769,19759,54447,,1284,1211,303,"Group 1",1
199865,"Warren Wilson College","Swannanoa","NC","Southeast","Private nonprofit 4-year","Private nonprofit","4-year","Rural","Under 1,000","Baccalaureate","No","No",-82.4426,35.6103,874,785,66.1,73.8,5.5,7.8,0.9,4.7,70,,11,146,43.2,146,43.2,27.4,192,37,96,27913,19447,19640,15474,25134,31599,,116,42,,"Group 3",3
199962,"Wingate University","Wingate","NC","Southeast","Private nonprofit 4-year","Private nonprofit","4-year","Suburb","1,000-4,999","Doctoral","No","No",-80.443,34.9861,3681,2665,59.5,44.5,23.5,8.4,1.8,8,67,0,15,1071,46.8,1071,46.8,36.3,802,41,97,21464,17966,18094,20089,24083,27692,,500,148,157,"Group 3",3
199999,"Winston-Salem State University","Winston-Salem","NC","Southeast","Public 4-year","Public","4-year","City","1,000-4,999","Doctoral","Yes","No",-80.225,36.0896,5512,4944,75.4,7.6,79.2,4.7,0.9,0.8,75,0,16,933,48.6,933,48.6,33.1,849,61,77,12948,11012,12586,15668,20214,20815,,913,126,41,"Group 4",4
200004,"Western Carolina University","Cullowhee","NC","Southeast","Public 4-year","Public","4-year","Town","10,000-19,999","Doctoral","No","No",-83.1863,35.309,13205,11181,57.2,76,6.5,7.9,1.3,2.4,76,61,16,1977,59.1,1977,59.1,41.4,1914,33,96,12252,8571,10277,13085,15140,17958,,2502,553,79,"Group 2",2
200059,"Dickinson State University","Dickinson","ND","Plains","Public 4-year","Public","4-year","Town","1,000-4,999","Baccalaureate","No","No",-102.7997,46.8829,1792,1717,56.6,73.8,2.7,6.7,1,2.5,60,8,13,189,43.4,153,39.9,19,230,22,71,15490,11547,11472,13949,17160,17040,41,206,21,,"Group 3",3
200156,"University of Jamestown","Jamestown","ND","Plains","Private nonprofit 4-year","Private nonprofit","4-year","Town","1,000-4,999","Master's","No","No",-98.6984,46.9143,1371,1073,42.8,69,3.4,10,0.7,7.7,64,0,9,234,44,234,44,31.2,256,26,97,20897,15596,18178,20174,22157,21810,,167,61,25,"Group 3",3
200217,"University of Mary","Bismarck","ND","Plains","Private nonprofit 4-year","Private nonprofit","4-year","Rural","1,000-4,999","Doctoral","No","No",-100.7527,46.7238,4514,2826,57.8,76.6,2.3,7.1,1.5,0,83,0,10,437,68.2,437,68.2,57.2,457,18,80,19225,14673,14987,14553,18714,20840,,504,315,130,"Group 1",1
200226,"Mayville State University","Mayville","ND","Plains","Public 4-year","Public","4-year","Rural","1,000-4,999","Baccalaureate","No","No",-97.3226,47.5054,1458,1407,64.8,79.9,3.5,4.9,0.9,2.9,67,,14,124,40.3,114,42.1,28.1,107,24,54,14050,10575,9238,14676,16436,16448,14,208,11,,"Group 3",3
200253,"Minot State University","Minot","ND","Plains","Public 4-year","Public","4-year","City","1,000-4,999","Master's","No","No",-101.2986,48.247,3232,2929,63.5,67.7,4.6,8.6,1.6,8.4,72,37,11,335,47.8,335,47.8,28.1,359,24,72,12349,8840,8874,11464,13885,15562,1,486,94,,"Group 3",3
200280,"University of North Dakota","Grand Forks","ND","Plains","Public 4-year","Public","4-year","City","10,000-19,999","Doctoral","No","No",-97.0717,47.9217,17671,12821,44.5,69.2,2.7,5.3,3,4.4,83,38,17,1920,63.3,1920,63.3,42.1,1720,16,56,18227,13914,13615,18625,19282,20640,,1731,873,359,"Group 2",2
200332,"North Dakota State University-Main Campus","Fargo","ND","Plains","Public 4-year","Public","4-year","City","10,000-19,999","Doctoral","No","No",-96.8008,46.8931,13385,10876,50.8,85.1,3.5,3.3,1.5,1,77,43,18,2613,63.7,2613,63.7,44.8,2485,19,69,16461,10647,12429,14166,17427,19218,,2127,434,184,"Group 2",2
200572,"Valley City State University","Valley City","ND","Plains","Public 4-year","Public","4-year","Town","1,000-4,999","Baccalaureate","No","No",-98.0039,46.9185,2037,1857,59.7,82,2.2,4.7,0.5,1.8,66,40,12,160,48.1,160,48.1,36.2,185,17,50,13841,9030,12130,11758,15340,15411,7,233,36,,"Group 3",3
200800,"University of Akron Main Campus","Akron","OH","Great Lakes","Public 4-year","Public","4-year","City","10,000-19,999","Doctoral","No","No",-81.5112,41.0759,15253,12650,48.9,72.1,11.7,3.7,4,1.6,73,39,16,3344,48.2,2869,52.6,29.5,2064,29,69,15292,12469,12319,14771,17982,19698,402,2073,504,214,"Group 2",2
201104,"Ashland University","Ashland","OH","Great Lakes","Private nonprofit 4-year","Private nonprofit","4-year","Town","1,000-4,999","Master's","No","No",-82.3211,40.8618,5286,3769,57.7,77.2,9.1,3.6,1.2,2.3,72,24,15,614,60.6,614,60.6,48.5,486,28,68,21971,20158,20838,22000,23402,22527,137,542,381,23,"Group 3",3
201195,"Baldwin Wallace University","Berea","OH","Great Lakes","Private nonprofit 4-year","Private nonprofit","4-year","Suburb","1,000-4,999","Master's","No","No",-81.8511,41.373,3715,2918,55.2,76.7,6.9,6.9,2.1,1.5,85,100,9,685,68.6,685,68.6,58.5,642,28,97,28190,22095,21648,23535,27515,30725,,622,212,,"Group 1",1
201371,"Bluffton University","Bluffton","OH","Great Lakes","Private nonprofit 4-year","Private nonprofit","4-year","Rural","Under 1,000","Baccalaureate","No","No",-83.8994,40.8956,800,686,46.6,73,13.8,2.9,0.4,2.8,67,,10,210,49.5,210,49.5,46.7,162,37,96,21299,16521,16667,18013,23361,13482,,159,28,,"Group 3",3
201441,"Bowling Green State University-Main Campus","Bowling Green","OH","Great Lakes","Public 4-year","Public","4-year","Town","10,000-19,999","Doctoral","No","No",-83.6409,41.3755,19989,15753,56.4,77.3,6.2,4.8,1.4,3.2,80,44,17,3285,62.8,3285,62.3,49,2921,23,69,20987,15611,16496,20316,23010,23945,,2886,1220,81,"Group 2",2
201548,"Capital University","Columbus","OH","Great Lakes","Private nonprofit 4-year","Private nonprofit","4-year","Suburb","1,000-4,999","Master's","No","No",-82.9379,39.9549,3890,2865,60.1,69.5,11.8,6.1,2.6,1.8,74,,10,592,65.5,592,65.5,58.8,518,31,94,22480,20774,19860,22265,24482,27218,,514,97,128,"Group 3",3
201645,"Case Western Reserve University","Cleveland","OH","Great Lakes","Private nonprofit 4-year","Private nonprofit","4-year","City","10,000-19,999","Doctoral","No","No",-81.6096,41.5074,12656,6192,47.8,36.4,6.4,11.3,25.2,14.3,92,,9,1303,87,1303,87,72,1558,17,83,41351,19510,18657,19106,33489,49117,,1315,1516,700,"Group 1",1
201654,"Cedarville University","Cedarville","OH","Great Lakes","Private nonprofit 4-year","Private nonprofit","4-year","Rural","5,000-9,999","Master's","No","No",-83.8147,39.7492,5519,4985,55.2,86.8,1.4,2.9,3.2,2,85,100,15,868,74.3,867,74.3,64.6,1138,15,84,27047,20956,18952,20141,25138,28319,,846,113,41,"Group 1",1
201690,"Central State University","Wilberforce","OH","Great Lakes","Public 4-year","Public","4-year","Rural","1,000-4,999","Baccalaureate","Yes","No",-83.8802,39.7158,6320,6282,69.2,25.8,33.4,12.2,2.3,2.9,51,6,17,661,25.6,661,25.6,13.6,545,42,89,14821,15607,16661,18187,21211,,,1048,9,,"Group 4",4
201885,"University of Cincinnati-Main Campus","Cincinnati","OH","Great Lakes","Public 4-year","Public","4-year","City","20,000 and above","Doctoral","No","No",-84.5143,39.1312,49138,34656,51.3,70.2,8.1,4.3,5.4,5.2,86,51,19,5349,71.5,5349,71.2,39.4,6278,18,60,21511,15108,16373,20607,25288,26573,52,6339,3549,834,"Group 2",2
201964,"Ohio Christian University","Circleville","OH","Great Lakes","Private nonprofit 4-year","Private nonprofit","4-year","Rural","1,000-4,999","Master's","No","No",-82.9049,39.6132,1893,1693,58.9,70.3,17.5,3.5,1.9,0,50,23,11,336,35.7,141,47.5,44.7,103,34,53,21092,23321,15917,20820,21604,22399,66,205,78,,"Group 3",3
202046,"Cleveland Institute of Art","Cleveland","OH","Great Lakes","Private nonprofit 4-year","Private nonprofit","4-year","City","Under 1,000","Special focus","No","No",-81.6024,41.5104,588,588,72.1,67.7,9.5,9.9,3.1,1.7,86,,9,154,67.5,154,67.5,61,154,38,97,33527,23681,24660,24259,25440,61310,,111,,,"Group 1",1
202134,"Cleveland State University","Cleveland","OH","Great Lakes","Public 4-year","Public","4-year","City","10,000-19,999","Doctoral","No","No",-81.6744,41.5023,16999,11390,54.7,59.4,17,8.2,4.2,5.4,69,44,16,1926,48.9,1926,48.9,33.5,1701,39,72,16307,13058,14122,16697,19512,22320,,2232,1390,225,"Group 3",3
202170,"Columbus College of Art & Design","Columbus","OH","Great Lakes","Private nonprofit 4-year","Private nonprofit","4-year","City","Under 1,000","Special focus","No","No",-82.9895,39.9661,996,980,70,65.9,11.1,7.9,4,1.9,73,,9,256,61.3,256,61.3,55.5,225,40,97,30900,22182,30353,31007,33394,34713,,217,11,,"Group 3",3
202480,"University of Dayton","Dayton","OH","Great Lakes","Private nonprofit 4-year","Private nonprofit","4-year","City","10,000-19,999","Doctoral","No","No",-84.1761,39.7395,12470,8599,48,78,5.2,7.1,1.7,3.5,89,60,15,2224,81.5,2224,81.5,66.1,1991,16,93,31551,25086,25118,26840,31080,34678,,1959,1176,256,"Group 1",1
202514,"Defiance College","Defiance","OH","Great Lakes","Private nonprofit 4-year","Private nonprofit","4-year","Town","Under 1,000","Baccalaureate","No","No",-84.3571,41.2968,592,525,38.9,64.2,25,7.2,0.2,0,61,67,10,150,36.7,150,36.7,28.7,146,48,96,24098,19929,21601,24386,24726,28092,2,85,17,,"Group 3",3
202523,"Denison University","Granville","OH","Great Lakes","Private nonprofit 4-year","Private nonprofit","4-year","Suburb","1,000-4,999","Baccalaureate","No","No",-82.5233,40.0715,2491,2491,51.9,60.4,5.5,7,3.3,17.7,89,,9,617,80.1,617,80.1,72.6,706,13,96,42177,15093,12775,15451,29492,46510,,509,,,"Group 1",1
202763,"The University of Findlay","Findlay","OH","Great Lakes","Private nonprofit 4-year","Private nonprofit","4-year","Town","5,000-9,999","Doctoral","No","No",-83.6523,41.0533,5880,4410,65.6,65.7,3.5,2.8,1.7,3.1,72,0,13,594,62.6,588,61.6,42.7,667,14,56,26215,19184,21556,23566,27573,23761,11,388,237,143,"Group 1",1
202806,"Franklin University","Columbus","OH","Great Lakes","Private nonprofit 4-year","Private nonprofit","4-year","City","5,000-9,999","Master's","No","No",-82.9904,39.9583,12197,8705,63.1,61.7,16.5,7.9,2.3,0.2,47,29,16,119,30.3,116,31,31,22,33,59,22252,23466,21170,22204,,,88,1429,615,38,"Group 3",3
203085,"Heidelberg University","Tiffin","OH","Great Lakes","Private nonprofit 4-year","Private nonprofit","4-year","Town","1,000-4,999","Master's","No","No",-83.1684,41.1148,1206,980,47.2,80.5,10.3,3.1,0.5,0.5,78,,15,319,49.8,319,49.8,43.9,240,29,90,19620,17559,17150,18704,24983,25316,,222,62,,"Group 3",3
203128,"Hiram College","Hiram","OH","Great Lakes","Private nonprofit 4-year","Private nonprofit","4-year","Rural","1,000-4,999","Baccalaureate","No","No",-81.144,41.3107,1076,1051,54,43.5,7.5,7.1,0.5,1,65,100,10,257,59.1,257,59.1,49.8,191,32,70,21362,17197,15280,19558,23700,25313,,167,3,,"Group 3",3
203368,"John Carroll University","University Heights","OH","Great Lakes","Private nonprofit 4-year","Private nonprofit","4-year","Suburb","1,000-4,999","Master's","No","No",-81.5312,41.4903,3187,2535,45.8,81.8,4.7,4.6,2.9,2.7,85,,13,753,76.5,753,76.5,69.3,566,20,97,30790,22972,21419,22871,28427,32838,,616,217,,"Group 1",1
203465,"Kent State University at Stark","North Canton","OH","Great Lakes","Public 4-year","Public","4-year","Suburb","1,000-4,999","Associate's","No","No",-81.4373,40.8686,5405,5392,64.4,79.6,7.8,3.4,1.6,0.8,53,34,21,526,37.3,520,1.7,0.6,294,29,42,10977,8024,9366,12043,14275,14719,405,14,,,"Group 4",4
203474,"Kent State University at Trumbull","Warren","OH","Great Lakes","Public 4-year","Public","4-year","Rural","1,000-4,999","Baccalaureate","No","No",-80.8362,41.2787,3165,3165,62.3,80,7.7,3.2,1.7,0.5,51,39,32,198,26.8,157,0.6,0.6,162,37,55,10075,8535,9173,11268,14413,14884,151,36,,,"Group 4",4
203483,"Kent State University at Tuscarawas","New Philadelphia","OH","Great Lakes","Public 4-year","Public","4-year","Town","1,000-4,999","Baccalaureate","No","No",-81.4077,40.4677,2898,2898,60,83.1,6.1,3.1,1.2,1,60,33,20,248,37.1,165,5.5,0.6,191,31,51,11448,8621,9148,11515,14869,15380,185,66,,,"Group 4",4
203492,"Kent State University at Salem","Salem","OH","Great Lakes","Public 4-year","Public","4-year","Rural","1,000-4,999","Baccalaureate","No","No",-80.8355,40.8641,2214,2214,71.9,83.1,5.7,3.3,1,0.8,61,33,24,149,28.2,110,1.8,0.9,82,31,47,10796,8483,9147,12275,14382,14921,101,33,,,"Group 4",4
203517,"Kent State University at Kent","Kent","OH","Great Lakes","Public 4-year","Public","4-year","Suburb","20,000 and above","Doctoral","No","No",-81.3425,41.1467,29863,23408,62.3,74.7,9,4.2,2.3,3.4,79,55,21,4232,65.5,4232,65.5,49.3,4251,27,78,20333,14912,15386,16772,21202,25263,,4527,1545,287,"Group 2",2
203526,"Kent State University at Geauga","Burton","OH","Great Lakes","Public 4-year","Public","4-year","Rural","1,000-4,999","Associate's","No","No",-81.1431,41.4837,3513,3513,62.9,76.8,10.6,3.6,2.3,0.7,34,20,28,216,25.9,211,0.5,,198,27,35,10524,8825,8856,11310,14655,14941,157,8,,,"Group 4",4
203535,"Kenyon College","Gambier","OH","Great Lakes","Private nonprofit 4-year","Private nonprofit","4-year","Rural","1,000-4,999","Baccalaureate","No","No",-82.398,40.3744,2834,2834,58.4,61.1,7.7,5.6,5.4,8,91,,9,453,86.8,453,86.8,67.1,531,10,79,44470,8865,11666,13777,22995,45073,,495,,,"Group 1",1
203580,"Lake Erie College","Painesville","OH","Great Lakes","Private nonprofit 4-year","Private nonprofit","4-year","Suburb","Under 1,000","Master's","No","No",-81.2518,41.7178,1103,845,44,59.3,11.6,7.2,0.6,3.7,66,,12,217,41.9,217,41.9,31.8,225,29,83,22322,17958,19969,18863,24170,24353,,117,79,,"Group 3",3
203757,"Lourdes University","Sylvania","OH","Great Lakes","Private nonprofit 4-year","Private nonprofit","4-year","Suburb","1,000-4,999","Master's","No","No",-83.7061,41.71,1382,1148,57.8,68.2,13.2,8.4,0.9,5.6,64,50,13,210,38.1,210,38.1,38.1,172,27,74,22614,19638,19602,20610,24654,21690,4,171,63,3,"Group 3",3
203775,"Malone University","Canton","OH","Great Lakes","Private nonprofit 4-year","Private nonprofit","4-year","City","1,000-4,999","Master's","No","No",-81.3769,40.8257,1477,1058,52.7,75.6,6.8,3.1,1.8,1.7,72,100,12,335,51.3,335,51.3,40.9,209,31,85,23362,15887,17875,21996,23510,28192,3,197,114,,"Group 3",3
203845,"Marietta College","Marietta","OH","Great Lakes","Private nonprofit 4-year","Private nonprofit","4-year","Town","1,000-4,999","Baccalaureate","No","No",-81.45,39.4167,1299,1135,49.3,81.1,4.1,3.1,0.8,2.1,73,0,9,272,58.1,272,58.1,47.8,320,27,86,21333,14987,14731,16626,20834,25625,1,267,42,,"Group 3",3
204006,"Miami University-Hamilton","Hamilton","OH","Great Lakes","Public 4-year","Public","4-year","Suburb","1,000-4,999","Baccalaureate","No","No",-84.5634,39.3774,2697,2677,52.6,69.4,9.1,4.9,3.4,5.8,53,38,13,491,21.6,462,19.7,10.4,467,30,43,12407,10211,10612,13467,15436,15997,123,381,,,"Group 3",3
204015,"Miami University-Middletown","Middletown","OH","Great Lakes","Public 4-year","Public","4-year","Suburb","1,000-4,999","Baccalaureate","No","No",-84.3572,39.5238,1536,1536,54.9,71.3,5.8,3.8,2,9.7,62,20,16,273,24.5,258,22.1,11.2,164,23,35,13457,9949,11514,13874,15364,15465,37,152,,,"Group 3",3
204024,"Miami University-Oxford","Oxford","OH","Great Lakes","Public 4-year","Public","4-year","Town","10,000-19,999","Doctoral","No","No",-84.733,39.5078,20436,17604,51.5,79.1,3.1,4.8,2.7,5.1,90,100,15,3817,81.8,3817,81.8,73,4028,11,83,27928,14775,17494,24142,29332,30943,,3983,884,65,"Group 1",1
204185,"University of Mount Union","Alliance","OH","Great Lakes","Private nonprofit 4-year","Private nonprofit","4-year","Town","1,000-4,999","Master's","No","No",-81.111,40.9053,2550,2185,48.1,77.2,8.1,2.7,1.3,3,71,0,12,538,64.9,538,64.9,55,550,29,97,22835,18754,18475,20206,22934,25238,,424,76,30,"Group 3",3
204194,"Mount Vernon Nazarene University","Mount Vernon","OH","Great Lakes","Private nonprofit 4-year","Private nonprofit","4-year","Town","1,000-4,999","Master's","No","No",-82.4711,40.3729,2452,1975,61.9,85.8,2.9,3,1,0.8,80,100,12,330,63.6,330,63.6,54.8,291,29,77,23293,17598,17666,19173,22602,26244,14,344,131,,"Group 3",3
204200,"Mount St. Joseph University","Cincinnati","OH","Great Lakes","Private nonprofit 4-year","Private nonprofit","4-year","Suburb","1,000-4,999","Doctoral","No","No",-84.6395,39.0959,2322,1502,55.5,80,9.6,3.7,1.3,0,76,,9,276,54.7,276,54.7,44.6,296,27,74,15887,11206,11412,15526,16001,22642,,220,177,49,"Group 3",3
204264,"Muskingum University","New Concord","OH","Great Lakes","Private nonprofit 4-year","Private nonprofit","4-year","Rural","1,000-4,999","Master's","No","No",-81.7371,39.9966,2918,1632,55.5,78.6,7.4,2.3,0.8,0.9,69,,13,385,52.7,385,52.7,40.5,412,41,89,20269,15861,16959,18945,21619,23476,,288,91,,"Group 3",3
204468,"Notre Dame College","Cleveland","OH","Great Lakes","Private nonprofit 4-year","Private nonprofit","4-year","Suburb","1,000-4,999","Baccalaureate","No","No",-81.5166,41.5069,1787,1620,55.1,52.8,24.6,4.2,0.7,8,69,100,14,303,36.6,301,35.5,32.6,228,39,96,20606,18707,14948,18567,21028,25243,3,204,50,,"Group 3",3
204486,"University of Northwestern Ohio","Lima","OH","Great Lakes","Private nonprofit 4-year","Private nonprofit","4-year","Suburb","1,000-4,999","Baccalaureate","No","No",-84.157,40.7629,3200,3136,16.1,79.2,4.6,5.5,0.8,4.5,62,0,25,1156,54.2,119,38.7,27.7,891,32,57,18794,14846,15663,20739,23219,23493,523,124,30,,"Group 4",4
204501,"Oberlin College","Oberlin","OH","Great Lakes","Private nonprofit 4-year","Private nonprofit","4-year","Town","1,000-4,999","Baccalaureate","No","No",-82.2168,41.292,4026,4019,56.9,47.4,3.6,6.4,4.2,7.5,89,,9,726,79.5,726,79.5,62.9,882,9,94,50484,19257,13640,23475,36946,48245,,683,,,"Group 1",1
204617,"Ohio Dominican University","Columbus","OH","Great Lakes","Private nonprofit 4-year","Private nonprofit","4-year","City","1,000-4,999","Master's","No","No",-82.9407,39.9928,1567,953,51.6,49.1,27.7,6.8,1.5,4.5,60,,12,238,47.9,222,48.6,40.1,209,39,90,21006,14348,20009,18897,21582,22204,11,206,155,,"Group 3",3
204635,"Ohio Northern University","Ada","OH","Great Lakes","Private nonprofit 4-year","Private nonprofit","4-year","Town","1,000-4,999","Baccalaureate","No","No",-83.8274,40.7662,3062,2613,45.8,79.4,3,0.2,1.6,1.9,88,,13,639,74.2,491,70.3,59.3,666,19,91,26396,20389,21125,22253,26769,29022,,500,7,171,"Group 1",1
204671,"Ohio State University-Lima Campus","Lima","OH","Great Lakes","Public 4-year","Public","4-year","Rural","Under 1,000","Baccalaureate","No","No",-84.0238,40.7385,983,981,55.7,78.6,6.1,3.9,2.3,0.4,43,9,16,315,18.1,315,12.4,7.9,263,31,63,12727,8405,9869,11281,15239,17138,50,90,,,"Group 4",4
204680,"Ohio State University-Mansfield Campus","Mansfield","OH","Great Lakes","Public 4-year","Public","4-year","Rural","Under 1,000","Baccalaureate","No","No",-82.5802,40.7965,1099,1094,55.4,73,10.9,5.2,3.7,0.3,31,50,17,434,14.1,434,7.1,5.1,294,31,57,15920,13255,14038,14887,18969,21298,212,73,,,"Group 4",4
204699,"Ohio State University-Marion Campus","Marion","OH","Great Lakes","Public 4-year","Public","4-year","Town","Under 1,000","Baccalaureate","No","No",-83.0906,40.5778,1070,1068,49,74.7,3.9,5.1,7.2,0.8,49,50,15,417,25.7,417,8.2,3.4,304,26,71,14514,7472,8332,11189,14130,15908,151,58,,,"Group 4",4
204705,"Ohio State University-Newark Campus","Newark","OH","Great Lakes","Public 4-year","Public","4-year","Suburb","1,000-4,999","Baccalaureate","No","No",-82.4474,40.0693,2744,2744,50.7,61.9,17.7,4.9,6.8,0,26,33,28,1334,30.9,1334,5.2,3.3,1105,34,61,13843,11232,12046,13932,17946,20038,351,100,,,"Group 4",4
204796,"Ohio State University-Main Campus","Columbus","OH","Great Lakes","Public 4-year","Public","4-year","City","20,000 and above","Doctoral","No","No",-83.0075,39.9998,65551,49382,50.2,62.6,8.2,5.4,9.1,7,94,39,18,7197,87.7,7197,87.7,70.8,8027,19,62,19575,6259,7104,12683,22870,27144,7,10950,2924,1784,"Group 2",2
204802,"Ohio University-Eastern Campus","Saint Clairsville","OH","Great Lakes","Public 4-year","Public","4-year","Rural","1,000-4,999","Associate's","No","No",-80.9761,40.0734,2129,2129,63.8,84.5,3.7,2.1,0.9,0.4,65,100,14,110,20,109,19.3,11.9,84,9,17,3897,1679,2525,3973,7184,8422,8,30,,,"Group 3",3
204820,"Ohio University-Chillicothe Campus","Chillicothe","OH","Great Lakes","Public 4-year","Public","4-year","Town","1,000-4,999","Associate's","No","No",-83.0022,39.3294,3419,3419,65,83.6,3.7,2.6,1.1,0.7,64,71,17,305,12.1,223,10.3,8.1,126,16,23,5304,5248,3025,4870,8260,9595,106,47,,,"Group 4",4
204839,"Ohio University-Southern Campus","Ironton","OH","Great Lakes","Public 4-year","Public","4-year","Suburb","1,000-4,999","Associate's","No","No",-82.6669,38.5248,3365,3365,65.5,83.7,3.4,2.5,0.6,0.4,63,33,13,197,19.3,112,11.6,9.8,125,12,18,4682,2860,4266,5819,6961,8697,55,21,,,"Group 3",3
204848,"Ohio University-Lancaster Campus","Lancaster","OH","Great Lakes","Public 4-year","Public","4-year","Rural","1,000-4,999","Associate's","No","No",-82.5861,39.7388,3670,3670,62.8,83.8,3.6,2.6,0.7,0.6,64,32,16,350,13.7,286,11.2,7.7,154,9,17,4935,3301,3792,4674,9009,9277,46,69,,,"Group 3",3
204857,"Ohio University-Main Campus","Athens","OH","Great Lakes","Public 4-year","Public","4-year","Town","20,000 and above","Doctoral","No","No",-82.101,39.3268,27778,20542,62.2,80.2,6,4.6,1.9,1.2,82,57,18,3993,66.4,3991,66.2,52.9,4465,20,66,20550,13075,14933,18808,22093,23216,128,4604,2114,434,"Group 2",2
204866,"Ohio University-Zanesville Campus","Zanesville","OH","Great Lakes","Public 4-year","Public","4-year","Town","1,000-4,999","Associate's","No","No",-82.0311,39.961,3420,3420,69.9,83.4,4.3,2.5,1,0.7,69,33,12,209,17.7,172,18,12.2,105,10,17,5715,3965,3341,5939,8095,9879,53,51,,,"Group 3",3
204909,"Ohio Wesleyan University","Delaware","OH","Great Lakes","Private nonprofit 4-year","Private nonprofit","4-year","Suburb","1,000-4,999","Baccalaureate","No","No",-83.0698,40.296,1499,1499,56.9,71.2,6.8,5.3,3.1,7.5,84,,11,447,61.7,447,61.7,55.5,453,25,99,23826,14920,13089,15819,17444,30353,,283,,,"Group 1",1
204936,"Otterbein University","Westerville","OH","Great Lakes","Private nonprofit 4-year","Private nonprofit","4-year","Suburb","1,000-4,999","Master's","No","No",-82.9364,40.1253,2900,2319,59.6,70.9,10.2,6.1,3.9,0,82,50,12,599,68.9,599,68.9,59.8,546,29,95,22242,16326,15057,20323,23815,25227,,485,79,34,"Group 1",1
205203,"University of Rio Grande","Rio Grande","OH","Great Lakes","Private nonprofit 4-year","Private nonprofit","4-year","Rural","1,000-4,999","Baccalaureate","No","No",-82.3789,38.8818,2374,2314,63.6,77,2.3,1,0.5,3.8,64,67,15,227,32.2,155,18.1,11,149,36,56,26581,26495,26881,30154,32843,31973,242,116,4,,"Group 3",3
205443,"Shawnee State University","Portsmouth","OH","Great Lakes","Public 4-year","Public","4-year","Town","1,000-4,999","Master's","No","No",-82.9938,38.7309,3896,3605,58.5,61.2,3.4,0.1,0.7,2.3,71,0,16,684,43,327,46.8,35.2,618,35,86,14815,13734,13488,15623,18557,19014,182,388,63,4,"Group 3",3
205957,"Franciscan University of Steubenville","Steubenville","OH","Great Lakes","Private nonprofit 4-year","Private nonprofit","4-year","City","1,000-4,999","Master's","No","No",-80.6205,40.3769,4424,3229,57.3,67.9,0.9,21.6,3,1.3,88,63,19,467,77.1,428,75.2,67.8,639,21,90,24490,19180,18481,19272,22360,26319,54,481,260,,"Group 2",2
206048,"Tiffin University","Tiffin","OH","Great Lakes","Private nonprofit 4-year","Private nonprofit","4-year","Town","1,000-4,999","Master's","No","No",-83.1842,41.1183,4496,3380,52.8,38.3,14.1,1.2,1.1,3.3,60,18,20,447,43,447,43,36,496,36,69,24516,20982,20666,23742,27814,27426,,349,291,5,"Group 4",4
206084,"University of Toledo","Toledo","OH","Great Lakes","Public 4-year","Public","4-year","City","10,000-19,999","Doctoral","No","No",-83.6147,41.6606,17327,13499,52.5,66.9,9.9,6.1,3.1,6.8,76,52,18,3144,55.6,2973,57.7,35.1,2069,26,71,17927,12763,13774,17553,20182,21594,99,2663,768,518,"Group 2",2
206437,"Walsh University","North Canton","OH","Great Lakes","Private nonprofit 4-year","Private nonprofit","4-year","Suburb","1,000-4,999","Doctoral","No","No",-81.3699,40.8739,2619,1633,53.3,54.9,6,2.4,1,9.2,73,0,13,462,61.7,462,61.7,56.5,377,23,80,21009,14430,15707,19692,21715,23274,,331,247,37,"Group 3",3
206491,"Wilberforce University","Wilberforce","OH","Great Lakes","Private nonprofit 4-year","Private nonprofit","4-year","Rural","Under 1,000","Baccalaureate","Yes","No",-83.8806,39.7073,606,593,54.5,0.7,75.4,0,0,0,70,30,12,119,16,119,16,8.4,171,74,94,8222,5606,9908,10244,10794,13684,,59,5,,"Group 4",4
206507,"Wilmington College","Wilmington","OH","Great Lakes","Private nonprofit 4-year","Private nonprofit","4-year","Town","Under 1,000","Baccalaureate","No","No",-83.8183,39.4447,1128,1086,54.7,75,11,3.4,0.6,1.6,68,,12,305,55.1,305,55.1,48.9,317,37,96,24915,13772,18406,25292,26801,26658,,267,6,,"Group 3",3
206525,"Wittenberg University","Springfield","OH","Great Lakes","Private nonprofit 4-year","Private nonprofit","4-year","City","1,000-4,999","Baccalaureate","No","No",-83.8154,39.934,1384,1313,52.1,73.2,10,5.6,1.3,0.5,74,,12,537,53.8,537,53.8,47.3,405,29,96,21457,13347,14344,17504,22410,24825,,248,18,,"Group 3",3
206589,"The College of Wooster","Wooster","OH","Great Lakes","Private nonprofit 4-year","Private nonprofit","4-year","Town","1,000-4,999","Baccalaureate","No","No",-81.9347,40.8105,2061,2061,51.8,59.1,9.7,6,4,15.2,81,,10,571,73.6,571,73.6,70.6,578,20,97,29529,15018,14787,23052,26899,32701,,395,,,"Group 1",1
206604,"Wright State University-Main Campus","Dayton","OH","Great Lakes","Public 4-year","Public","4-year","Suburb","5,000-9,999","Doctoral","No","No",-84.0649,39.7806,11558,8256,55.4,72.3,11,4.7,3.5,2.3,63,40,15,2100,45.9,2099,45.9,29.4,1235,33,74,15400,10987,11722,15828,19191,20250,,1461,849,155,"Group 3",3
206613,"Wright State University-Lake Campus","Celina","OH","Great Lakes","Public 4-year","Public","4-year","Rural","1,000-4,999","Baccalaureate","No","No",-84.5092,40.5461,1629,1628,58.9,88.3,4,2.1,1.4,0.4,65,41,13,299,42.5,263,38.8,29.3,244,16,64,12039,9751,9700,12021,15049,15676,53,164,,,"Group 3",3
206622,"Xavier University","Cincinnati","OH","Great Lakes","Private nonprofit 4-year","Private nonprofit","4-year","City","5,000-9,999","Doctoral","No","No",-84.4746,39.1495,7011,5292,56,73.3,11.1,6.1,2.7,1.2,83,50,11,1234,70.5,1230,70.5,63.1,1189,14,92,31542,28499,28563,31527,32456,34548,18,1223,500,30,"Group 1",1
206695,"Youngstown State University","Youngstown","OH","Great Lakes","Public 4-year","Public","4-year","City","10,000-19,999","Master's","No","No",-80.6466,41.1049,12849,9807,55.4,73.1,8.4,4.7,1.6,4.6,77,42,18,2164,52.9,2124,52.7,32.9,1573,33,72,11740,8053,9286,13171,15906,16329,98,1730,837,60,"Group 2",2
206817,"Bacone College","Muskogee","OK","Southwest","Private nonprofit 4-year","Private nonprofit","4-year","Town","Under 1,000","Baccalaureate","No","No",-95.334,35.7771,289,289,44.6,22.5,22.5,4.5,0,4.5,31,100,13,335,2.4,300,1.7,1,106,53,83,16970,11948,9612,13154,15837,18353,7,23,,,"Group 4",4
206835,"Oklahoma Wesleyan University","Bartlesville","OK","Southwest","Private nonprofit 4-year","Private nonprofit","4-year","Town","Under 1,000","Master's","No","No",-95.9567,36.7175,1164,1015,47,54.8,7.5,8.4,2,5.4,49,,15,197,28.4,197,28.4,23.4,199,39,88,26811,24466,22817,25989,29978,30103,14,136,39,,"Group 3",3
206862,"Southern Nazarene University","Bethany","OK","Southwest","Private nonprofit 4-year","Private nonprofit","4-year","Suburb","1,000-4,999","Master's","No","No",-97.6295,35.5133,2744,1686,56.3,52.9,15.5,16,1.7,1.4,92,,11,289,48.8,284,36.6,31,257,45,82,19825,15195,15470,19579,23086,24765,18,343,223,47,"Group 3",3
206914,"Cameron University","Lawton","OK","Southwest","Public 4-year","Public","4-year","City","1,000-4,999","Master's","No","No",-98.4342,34.6065,4157,3757,64.3,48.9,9.8,16.9,1.9,2.2,66,43,18,622,21.5,325,28.3,16.9,438,41,78,11094,8933,10017,11461,16411,16236,210,402,81,,"Group 4",4
206941,"University of Central Oklahoma","Edmond","OK","Southwest","Public 4-year","Public","4-year","Suburb","10,000-19,999","Master's","No","No",-97.4715,35.6552,14355,12498,62.3,52,8.5,14.2,4.6,3.5,66,40,17,2072,37.5,1998,37.2,15.2,1483,35,70,18893,16012,16695,20039,23781,24282,31,2045,447,,"Group 3",3
207041,"East Central University","Ada","OK","Southwest","Public 4-year","Public","4-year","Town","1,000-4,999","Master's","No","No",-96.6638,34.7719,4002,3124,60,48.5,7.6,7.5,7.1,2.7,57,40,16,452,32.7,452,32.7,18.8,486,40,83,9355,6438,7127,10162,14790,14395,,535,257,,"Group 4",4
207209,"Langston University","Langston","OK","Southwest","Public 4-year","Public","4-year","Rural","1,000-4,999","Master's","Yes","No",-97.2603,35.944,2102,1925,59.8,5.2,76.4,3.3,0.5,1.7,59,83,16,623,17.5,503,19.5,14.1,544,68,88,10589,10626,11196,12238,12443,16660,82,201,17,13,"Group 4",4
207263,"Northeastern State University","Tahlequah","OK","Southwest","Public 4-year","Public","4-year","Town","5,000-9,999","Master's","No","No",-94.9672,35.9199,8097,6213,62.4,45.7,4.6,7.5,2.5,1.4,63,29,17,836,37.2,836,37.2,20.8,686,42,69,11153,9624,9468,12083,16943,17134,,1224,444,27,"Group 4",4
207306,"Northwestern Oklahoma State University","Alva","OK","Southwest","Public 4-year","Public","4-year","Town","1,000-4,999","Master's","No","No",-98.6677,36.7967,2179,1855,60.2,62.4,5.8,14.8,0.6,1.2,65,50,16,319,35.4,319,35.4,24.5,333,41,90,12067,9050,8936,11315,16731,18614,,312,53,7,"Group 4",4
207324,"Oklahoma Christian University","Edmond","OK","Southwest","Private nonprofit 4-year","Private nonprofit","4-year","City","1,000-4,999","Master's","No","No",-97.4695,35.6114,3295,2405,58.5,61.4,7.3,8.4,1.5,9.5,77,33,15,513,55.2,513,55.2,43.7,350,30,86,21810,19109,21651,19389,23256,26413,45,340,267,,"Group 3",3
207351,"Oklahoma Panhandle State University","Goodwell","OK","Southwest","Public 4-year","Public","4-year","Rural","1,000-4,999","Baccalaureate","No","No",-101.6385,36.5945,1568,1568,61.9,51.3,10.3,23.7,0.9,3.8,47,33,19,222,26.1,116,31,19.8,211,44,72,5274,7372,10224,14356,13933,,70,288,,,"Group 4",4
207388,"Oklahoma State University-Main Campus","Stillwater","OK","Southwest","Public 4-year","Public","4-year","Town","20,000 and above","Doctoral","No","No",-97.0697,36.1231,27951,22490,52.1,66.3,4.3,9.3,2.2,2.3,84,65,18,3791,65.9,3791,65.9,48.8,4342,26,83,18291,10690,11606,15274,20860,22650,,4423,1038,332,"Group 2",2
207403,"Oklahoma Baptist University","Shawnee","OK","Southwest","Private nonprofit 4-year","Private nonprofit","4-year","Town","1,000-4,999","Master's","No","No",-96.9325,35.3605,1500,1405,55.2,64.2,7.2,1.8,0.9,0.9,69,0,15,555,49.7,555,49.7,41.1,366,31,98,25099,20668,18530,24595,24828,27449,,302,32,,"Group 3",3
207458,"Oklahoma City University","Oklahoma City","OK","Southwest","Private nonprofit 4-year","Private nonprofit","4-year","City","1,000-4,999","Doctoral","No","No",-97.5412,35.4953,2898,1469,65.7,61.3,5.8,12.8,2.9,4.3,83,,11,296,64.2,295,64.4,62.4,300,23,93,23143,13408,20156,24574,27115,27694,,344,270,209,"Group 1",1
207500,"University of Oklahoma-Norman Campus","Norman","OK","Southwest","Public 4-year","Public","4-year","Suburb","20,000 and above","Doctoral","No","No",-97.4442,35.2094,31908,23172,51.4,56.4,4.9,13.4,7.1,3.6,89,79,17,3955,75.3,3955,75.3,55.6,4118,24,83,19900,12555,13730,17551,21593,23842,,4344,2317,376,"Group 2",2
207582,"Oral Roberts University","Tulsa","OK","Southwest","Private nonprofit 4-year","Private nonprofit","4-year","City","5,000-9,999","Master's","No","No",-95.9525,36.0491,5835,4914,58.9,36.1,12.8,13.2,3.9,15.4,81,32,17,705,53.9,704,54,48.3,617,34,74,24347,20412,18625,22588,26615,29477,,533,157,9,"Group 2",2
207661,"Rogers State University","Claremore","OK","Southwest","Public 4-year","Public","4-year","Town","1,000-4,999","Baccalaureate","No","No",-95.6357,36.3214,3917,3775,58.8,51.3,3.7,7.7,2.1,2.8,64,27,18,555,25.4,354,30.8,18.9,410,38,64,13953,11564,12635,13848,17915,19633,114,411,41,,"Group 4",4
207722,"University of Science and Arts of Oklahoma","Chickasha","OK","Southwest","Public 4-year","Public","4-year","Town","Under 1,000","Baccalaureate","No","No",-97.9564,35.0314,876,876,63.8,61.5,4.9,5.5,0.9,6.7,71,,13,182,36.3,182,36.3,26.9,214,47,89,8685,6445,4105,9684,13794,14515,,161,,,"Group 4",4
207847,"Southeastern Oklahoma State University","Durant","OK","Southwest","Public 4-year","Public","4-year","Town","5,000-9,999","Master's","No","No",-96.3769,34.0068,7152,3523,57.5,51.5,4.7,8.4,0.7,1.8,71,30,22,513,33.3,513,33.3,21.4,346,40,80,8064,6043,5189,7686,9962,,,547,1196,,"Group 4",4
207856,"Southwestern Christian University","Bethany","OK","Southwest","Private nonprofit 4-year","Private nonprofit","4-year","Suburb","Under 1,000","Baccalaureate","No","No",-97.6393,35.5133,449,425,42.8,44.2,13.2,8,0.7,16,50,17,12,118,12.7,118,12.7,5.9,110,41,96,20714,18702,17136,19330,25104,24819,2,60,9,,"Group 4",4
207865,"Southwestern Oklahoma State University","Weatherford","OK","Southwest","Public 4-year","Public","4-year","Town","1,000-4,999","Master's","No","No",-98.7078,35.5353,5825,4746,63.8,61.1,5.3,13.4,1.4,1.6,70,68,19,994,34.7,863,36.2,22.9,720,38,83,14761,10740,11695,13263,17412,18669,110,878,287,62,"Group 4",4
207971,"University of Tulsa","Tulsa","OK","Southwest","Private nonprofit 4-year","Private nonprofit","4-year","City","1,000-4,999","Doctoral","No","No",-95.9459,36.1523,3956,2735,50.9,49.1,8.1,12.5,6.9,6.5,85,64,9,738,73.3,738,73.3,61.5,585,26,96,23681,17809,16984,23340,28462,30755,,684,267,156,"Group 1",1
208646,"Eastern Oregon University","La Grande","OR","Far West","Public 4-year","Public","4-year","Town","1,000-4,999","Master's","No","No",-118.0925,45.3198,4626,4042,61.1,64.8,1.8,16.2,2.4,1,67,43,14,314,36.6,314,36.6,24.8,245,36,66,17219,12069,12341,15217,20701,21428,,567,127,,"Group 3",3
208822,"George Fox University","Newberg","OR","Far West","Private nonprofit 4-year","Private nonprofit","4-year","Town","1,000-4,999","Doctoral","No","No",-122.9675,45.3036,4903,3031,59.1,60.3,1.9,15,5.2,0.2,77,,15,629,68.7,629,68.7,58.2,627,27,91,30649,19909,23048,25491,29546,34826,,594,394,175,"Group 1",1
209056,"Lewis & Clark College","Portland","OR","Far West","Private nonprofit 4-year","Private nonprofit","4-year","City","1,000-4,999","Baccalaureate","No","No",-122.6691,45.4509,3879,2278,63.8,67,2.5,10.8,4.5,5,82,33,12,525,71.2,525,71.2,62.5,623,19,98,38247,17251,20137,25542,31183,43993,,426,243,181,"Group 1",1
209065,"Linfield University","McMinnville","OR","Far West","Private nonprofit 4-year","Private nonprofit","4-year","Town","1,000-4,999","Baccalaureate","No","No",-123.1996,45.2012,2018,1949,67,60.7,1.5,19,6.8,2,79,,10,396,65.2,396,65.2,55.6,379,28,94,31462,24625,23985,21378,28268,32957,,530,26,,"Group 1",1
209409,"Bushnell University","Eugene","OR","Far West","Private nonprofit 4-year","Private nonprofit","4-year","City","Under 1,000","Master's","No","No",-123.0798,44.0475,836,604,57.1,64.1,3.3,12.4,5.3,3.3,71,,15,102,61.8,101,61.4,55.4,91,34,88,22534,18377,21119,19732,24304,27182,,129,73,,"Group 3",3
209506,"Oregon Institute of Technology","Klamath Falls","OR","Far West","Public 4-year","Public","4-year","Town","5,000-9,999","Baccalaureate","No","No",-121.7852,42.2572,8046,7904,54.3,62.4,2.5,15.9,10.5,1.4,73,26,14,303,59.1,302,58.6,26.2,420,19,42,17274,10338,13417,14959,18975,22085,21,624,37,,"Group 3",3
209542,"Oregon State University","Corvallis","OR","Far West","Public 4-year","Public","4-year","City","20,000 and above","Doctoral","No","No",-123.2747,44.564,41142,34543,48.9,62.5,2.1,12.2,8.4,4.2,87,76,20,3418,70.6,3418,70.6,47,4065,22,60,21868,13219,14376,16992,22243,26447,,5603,1140,420,"Group 2",2
209551,"University of Oregon","Eugene","OR","Far West","Public 4-year","Public","4-year","City","20,000 and above","Doctoral","No","No",-123.0758,44.0451,25054,21029,55.1,61.2,2.7,15.3,6.6,2.7,85,57,20,3860,71.5,3860,71.5,59.3,5230,22,70,23917,15975,16844,19030,25789,29475,,4015,953,384,"Group 2",2
209612,"Pacific University","Forest Grove","OR","Far West","Private nonprofit 4-year","Private nonprofit","4-year","Suburb","1,000-4,999","Doctoral","No","No",-123.1088,45.5214,3937,1720,60.4,43.7,2,18.9,13,2.6,76,100,9,423,64.8,423,64.8,53.4,392,27,89,34809,22238,25979,28427,36060,40153,,397,358,400,"Group 1",1
209807,"Portland State University","Portland","OR","Far West","Public 4-year","Public","4-year","City","20,000 and above","Doctoral","No","No",-122.6863,45.5116,26034,20083,56.7,47.4,4.8,19.3,10,3.5,75,47,16,1803,53.1,1803,53.1,35.1,1519,40,53,12509,11558,12186,13162,15351,19412,,3829,1706,65,"Group 2",2
209825,"University of Portland","Portland","OR","Far West","Private nonprofit 4-year","Private nonprofit","4-year","City","1,000-4,999","Master's","No","No",-122.7267,45.5727,4024,3517,63.3,44.6,2.3,17.1,19.6,3.4,83,0,9,1001,80.4,1001,80.4,69.3,812,19,99,34951,24994,28283,32078,40001,43754,,851,150,23,"Group 1",1
209922,"Reed College","Portland","OR","Far West","Private nonprofit 4-year","Private nonprofit","4-year","City","1,000-4,999","Baccalaureate","No","No",-122.6303,45.481,1594,1575,58.5,59.9,1.1,11.7,7.6,8.5,86,,9,407,75.9,407,75.9,61.7,394,12,53,36993,19418,25846,14080,28552,53463,,309,,,"Group 1",1
210146,"Southern Oregon University","Ashland","OR","Far West","Public 4-year","Public","4-year","Suburb","5,000-9,999","Master's","No","No",-122.6951,42.1851,10699,8776,61.2,54.4,1.9,14.7,2.3,1,68,72,23,722,44.2,722,44.2,30.9,525,24,47,17433,13402,13511,15838,20735,22467,,621,209,,"Group 2",2
210331,"Corban University","Salem","OR","Far West","Private nonprofit 4-year","Private nonprofit","4-year","City","Under 1,000","Master's","No","No",-122.9611,44.8824,1171,929,53.9,55.3,2,13.2,2.4,0.5,82,17,16,195,61,195,61,56.9,150,28,79,26028,18196,19113,21052,24879,32241,2,185,87,,"Group 2",2
210401,"Willamette University","Salem","OR","Far West","Private nonprofit 4-year","Private nonprofit","4-year","City","1,000-4,999","Baccalaureate","No","No",-123.0305,44.9355,2069,1469,60.2,61.9,1.7,13.9,4.5,4.3,86,100,12,440,72.7,440,72.7,60,523,22,97,27716,14603,14977,16425,24618,31101,,334,109,97,"Group 1",1
210429,"Western Oregon University","Monmouth","OR","Far West","Public 4-year","Public","4-year","Town","1,000-4,999","Master's","No","No",-123.2383,44.8522,6547,5835,62.9,54,2.2,23.7,3.8,1.6,76,24,13,754,44.8,754,44.8,30.5,538,40,74,15249,16131,16040,17265,18989,20906,,844,176,,"Group 3",3
210571,"Albright College","Reading","PA","Mid East","Private nonprofit 4-year","Private nonprofit","4-year","City","1,000-4,999","Baccalaureate","No","No",-75.9097,40.3614,1777,1458,55.1,44.6,25.2,18.2,1.9,1.1,63,,10,465,42.2,465,42.2,41.9,392,50,95,22116,16982,17524,22071,24273,28680,,228,20,,"Group 3",3
210669,"Allegheny College","Meadville","PA","Mid East","Private nonprofit 4-year","Private nonprofit","4-year","Town","1,000-4,999","Baccalaureate","No","No",-80.1472,41.6487,1436,1436,53,65.7,7.9,8,3.2,5.3,84,,8,481,66.5,481,66.5,59.5,289,25,99,27929,12227,14616,15476,21833,28466,,369,,,"Group 1",1
210739,"DeSales University","Center Valley","PA","Mid East","Private nonprofit 4-year","Private nonprofit","4-year","Suburb","1,000-4,999","Doctoral","No","No",-75.3756,40.5391,3842,2795,61.8,63.7,5.2,12.2,3.9,0.3,81,50,11,421,71,421,71,61.5,505,23,90,30524,22193,23265,25683,30277,33532,,546,287,27,"Group 1",1
210775,"Alvernia University","Reading","PA","Mid East","Private nonprofit 4-year","Private nonprofit","4-year","City","1,000-4,999","Doctoral","No","No",-75.9368,40.31,3117,2584,64.6,65,9.5,12.8,2.1,3.9,73,,12,371,58.5,371,58.5,40.7,497,34,87,26166,27979,27001,26381,27019,30036,79,372,179,37,"Group 3",3
211088,"Arcadia University","Glenside","PA","Mid East","Private nonprofit 4-year","Private nonprofit","4-year","Suburb","1,000-4,999","Master's","No","No",-75.1639,40.0926,3851,2092,64.9,55.5,15,9.3,5.4,4.5,81,100,11,564,64,564,64,59,483,28,87,26994,18744,20872,21027,27220,31115,,400,255,222,"Group 1",1
211273,"Bryn Mawr College","Bryn Mawr","PA","Mid East","Private nonprofit 4-year","Private nonprofit","4-year","Suburb","1,000-4,999","Baccalaureate","No","No",-75.3132,40.0274,1814,1480,100,51,5,10.1,10.8,14.1,90,,8,354,85.6,354,85.6,74.9,396,14,73,39383,3323,4557,12873,25044,49566,,315,83,12,"Group 1",1
211291,"Bucknell University","Lewisburg","PA","Mid East","Private nonprofit 4-year","Private nonprofit","4-year","Town","1,000-4,999","Baccalaureate","No","No",-76.8826,40.9543,3877,3833,52,75.2,4.2,7.2,4.6,5,96,,9,973,86.2,973,86.2,81.7,1034,11,59,38486,21406,19554,20932,36128,55354,,867,10,,"Group 1",1
211352,"Cabrini University","Radnor","PA","Mid East","Private nonprofit 4-year","Private nonprofit","4-year","Suburb","1,000-4,999","Master's","No","No",-75.3753,40.0564,1980,1283,61,53.3,21.7,12.4,2.7,1.4,46,,9,483,50.5,483,50.5,45.1,282,37,99,24733,18589,20909,22666,29865,28078,,228,145,12,"Group 3",3
211431,"Carlow University","Pittsburgh","PA","Mid East","Private nonprofit 4-year","Private nonprofit","4-year","City","1,000-4,999","Master's","No","No",-79.9634,40.4393,3229,2206,72.8,44,12.8,2.4,2,0.5,78,67,12,241,55.2,241,55.2,42.7,193,41,82,20561,16896,16776,19527,22767,23797,,250,241,23,"Group 3",3
211440,"Carnegie Mellon University","Pittsburgh","PA","Mid East","Private nonprofit 4-year","Private nonprofit","4-year","City","10,000-19,999","Doctoral","No","No",-79.942,40.4436,17136,7497,49.4,21.6,4.1,10.2,32.9,19.8,97,,5,1671,92.5,1671,92.5,79.1,1716,15,48,32964,8460,12600,17534,27827,52593,,1494,4302,332,"Group 1",1
211468,"Cedar Crest College","Allentown","PA","Mid East","Private nonprofit 4-year","Private nonprofit","4-year","City","1,000-4,999","Master's","No","No",-75.5192,40.5863,1644,1174,91.7,46.8,8.3,14.5,3.4,5.4,77,,9,213,58.2,213,58.2,46.9,133,39,85,23036,19765,21696,21105,24635,26406,,255,101,10,"Group 3",3
211556,"Chatham University","Pittsburgh","PA","Mid East","Private nonprofit 4-year","Private nonprofit","4-year","City","1,000-4,999","Doctoral","No","No",-79.9261,40.4484,2658,1701,73.1,57.8,4.9,4.4,3.1,3.6,79,0,10,284,66.2,284,66.2,59.5,305,21,79,29051,20839,20621,22983,26245,27814,,266,230,168,"Group 1",1
211583,"Chestnut Hill College","Philadelphia","PA","Mid East","Private nonprofit 4-year","Private nonprofit","4-year","City","1,000-4,999","Master's","No","No",-75.2287,40.0868,1666,1142,60.2,30.4,29.3,11.9,1.2,2.3,67,33,10,205,56.1,205,56.1,41.5,141,47,90,28583,29262,27217,27238,32638,33080,,227,130,15,"Group 3",3
211608,"Cheyney University of Pennsylvania","Cheyney","PA","Mid East","Public 4-year","Public","4-year","Rural","Under 1,000","Baccalaureate","Yes","No",-75.5293,39.9323,750,750,66.4,2,84.4,4.4,0.8,0.7,68,0,15,198,16.2,198,16.2,10.6,192,41,88,8460,10536,8962,7885,18471,,,80,,,"Group 4",4
211981,"Delaware Valley University","Doylestown","PA","Mid East","Private nonprofit 4-year","Private nonprofit","4-year","Suburb","1,000-4,999","Master's","No","No",-75.1585,40.2987,2752,2049,62,60.1,8.2,7.7,1.1,0,66,,14,410,52.2,410,52,41,438,29,88,28401,20575,22062,24035,28349,31988,4,343,106,29,"Group 3",3
212009,"Dickinson College","Carlisle","PA","Mid East","Private nonprofit 4-year","Private nonprofit","4-year","City","1,000-4,999","Baccalaureate","No","No",-77.1979,40.2028,2206,2190,58.4,64.1,4.4,7.3,5.1,13.4,89,,9,603,83.4,603,83.4,73,577,14,89,40242,17167,15148,16348,21727,43766,,371,3,,"Group 1",1
212054,"Drexel University","Philadelphia","PA","Mid East","Private nonprofit 4-year","Private nonprofit","4-year","City","20,000 and above","Doctoral","No","No",-75.1901,39.9552,25614,15486,49.9,44.7,8.5,7.8,22.3,9.2,90,58,9,3265,77.1,3265,77.1,30.5,2914,25,91,42342,27737,29749,35842,39204,47490,,3474,2277,733,"Group 1",1
212106,"Duquesne University","Pittsburgh","PA","Mid East","Private nonprofit 4-year","Private nonprofit","4-year","City","5,000-9,999","Doctoral","No","No",-79.9931,40.4359,9111,5617,62.5,76.9,4.8,4.4,3.5,2.3,86,50,12,1558,75.5,1416,74.9,66.7,1439,18,98,35125,25943,27610,31920,35852,38975,,1334,636,433,"Group 1",1
212115,"East Stroudsburg University of Pennsylvania","East Stroudsburg","PA","Mid East","Public 4-year","Public","4-year","Town","5,000-9,999","Master's","No","No",-75.1739,40.996,5931,4861,55.6,52.1,20,18,1.9,0.9,71,33,20,1280,43.8,1280,43.8,27.4,1144,40,75,15318,12003,12766,15326,18725,19841,,893,248,18,"Group 4",4
212133,"Eastern University","Saint Davids","PA","Mid East","Private nonprofit 4-year","Private nonprofit","4-year","Suburb","5,000-9,999","Master's","No","No",-75.3703,40.0504,8087,2247,66.2,36,28.3,16.4,2,2.7,71,,19,361,56,305,57.4,50.8,432,36,90,21900,23050,23039,23123,23638,32882,22,314,1050,19,"Group 2",2
212197,"Elizabethtown College","Elizabethtown","PA","Mid East","Private nonprofit 4-year","Private nonprofit","4-year","Suburb","1,000-4,999","Master's","No","No",-76.5932,40.1492,2382,1890,58.6,81.4,3.3,7.1,2.4,2.2,84,100,12,410,77.1,410,77.1,73.2,462,19,95,27019,17946,19414,21711,25608,29855,9,386,126,5,"Group 1",1
212577,"Franklin and Marshall College","Lancaster","PA","Mid East","Private nonprofit 4-year","Private nonprofit","4-year","City","1,000-4,999","Baccalaureate","No","No",-76.319,40.048,2070,2070,53.5,56.4,5.6,10.5,4.4,18.9,85,,9,644,86,644,86,80.3,487,17,63,37475,13331,18539,26954,28353,48713,,524,,,"Group 1",1
212601,"Gannon University","Erie","PA","Mid East","Private nonprofit 4-year","Private nonprofit","4-year","City","1,000-4,999","Doctoral","No","No",-80.0872,42.1284,5358,3371,58,66.2,5.6,4.5,2.8,13.3,76,0,13,637,69.5,611,70.7,56.1,639,22,77,23942,16808,17863,21199,25316,25859,9,588,581,136,"Group 1",1
212656,"Geneva College","Beaver Falls","PA","Mid East","Private nonprofit 4-year","Private nonprofit","4-year","Suburb","1,000-4,999","Master's","No","No",-80.3218,40.7725,1344,1202,46.7,79.5,6,3.5,1.7,2.4,81,,12,301,61.5,300,61,52,274,32,75,22145,18950,15576,17479,21045,24652,1,274,52,,"Group 3",3
212674,"Gettysburg College","Gettysburg","PA","Mid East","Private nonprofit 4-year","Private nonprofit","4-year","Town","1,000-4,999","Baccalaureate","No","No",-77.2368,39.8366,3174,2394,51.9,67.3,4.6,11.2,3,8,90,,10,718,82.7,718,82.7,74.4,644,21,94,35729,14666,15191,22407,27423,42579,,573,75,,"Group 1",1
212805,"Grove City College","Grove City","PA","Mid East","Private nonprofit 4-year","Private nonprofit","4-year","Town","1,000-4,999","Baccalaureate","No","No",-80.0815,41.1558,2458,2426,48.8,90.9,0.5,0.7,2.1,1,88,,13,636,79.7,636,79.7,75.2,609,0,65,24184,,,,,,,427,8,,"Group 1",1
212832,"Gwynedd Mercy University","Gwynedd Valley","PA","Mid East","Private nonprofit 4-year","Private nonprofit","4-year","Suburb","1,000-4,999","Doctoral","No","No",-75.2372,40.1977,2433,1590,70.9,54.2,15.6,6.2,5.8,0,78,,9,265,58.5,173,66.5,51.4,143,30,76,26733,20013,20879,25170,32454,30701,6,415,175,60,"Group 1",1
212911,"Haverford College","Haverford","PA","Mid East","Private nonprofit 4-year","Private nonprofit","4-year","Suburb","1,000-4,999","Baccalaureate","No","No",-75.3052,40.0075,1482,1482,55,49.9,5.1,12.6,12.1,10.9,94,,8,349,89.4,349,89.4,81.9,362,14,43,22828,3600,3619,15500,19041,44137,,348,,,"Group 1",1
212984,"Holy Family University","Philadelphia","PA","Mid East","Private nonprofit 4-year","Private nonprofit","4-year","City","1,000-4,999","Master's","No","No",-74.9865,40.0606,3437,2342,75.4,56.2,15.8,12.1,7.3,0.9,83,0,11,356,60.4,353,58.4,39.4,338,40,90,13016,8401,8473,11559,15149,17231,17,518,265,16,"Group 3",3
213011,"Immaculata University","Immaculata","PA","Mid East","Private nonprofit 4-year","Private nonprofit","4-year","Suburb","1,000-4,999","Doctoral","No","No",-75.5707,40.028,3154,1950,68.6,73.6,9.3,8,4.5,0.6,80,71,10,197,64.5,197,64.5,57.4,200,21,68,29499,21180,22746,27527,30461,32793,9,282,132,60,"Group 1",1
213020,"Indiana University of Pennsylvania-Main Campus","Indiana","PA","Mid East","Public 4-year","Public","4-year","Town","5,000-9,999","Doctoral","No","No",-79.1593,40.6175,10128,7936,59.1,72.5,9.8,4.7,1.3,1.9,71,33,22,2403,52.4,2305,52.8,37.1,1725,36,83,17665,12696,13245,16425,20800,21502,16,1348,525,106,"Group 2",2
213251,"Juniata College","Huntingdon","PA","Mid East","Private nonprofit 4-year","Private nonprofit","4-year","Town","1,000-4,999","Baccalaureate","No","No",-78.0173,40.5005,1358,1293,54.1,66.8,4.4,7.7,2.3,10.9,77,,10,341,68.9,341,68.9,63.9,296,26,95,28925,18472,22163,24309,25355,34036,,294,20,,"Group 1",1
213303,"Keystone College","La Plume","PA","Mid East","Private nonprofit 4-year","Private nonprofit","4-year","Suburb","1,000-4,999","Baccalaureate","No","No",-75.7775,41.559,1974,1848,59.6,45,8.7,7.5,0.4,0.4,61,50,12,311,41.2,289,41.2,28.4,186,45,100,21461,21257,21196,22731,22623,30181,17,194,30,,"Group 3",3
213321,"King's College","Wilkes-Barre","PA","Mid East","Private nonprofit 4-year","Private nonprofit","4-year","City","1,000-4,999","Master's","No","No",-75.8798,41.2501,2238,1786,50.2,73,5,12.2,2.7,1.6,77,33,11,624,60.1,624,60.1,49.5,363,27,92,25608,17178,21273,20676,22753,28775,,401,146,,"Group 3",3
213349,"Kutztown University of Pennsylvania","Kutztown","PA","Mid East","Public 4-year","Public","4-year","Town","5,000-9,999","Master's","No","No",-75.7839,40.5136,8299,6962,56.4,71.6,7.4,11.3,2.3,1,75,0,20,1604,54.1,1604,54.1,41.5,1595,31,79,21856,15925,16284,19303,23642,26196,,1368,303,13,"Group 2",2
213358,"La Roche University","Pittsburgh","PA","Mid East","Private nonprofit 4-year","Private nonprofit","4-year","Suburb","1,000-4,999","Master's","No","No",-80.0149,40.5686,2412,1895,60.2,28.1,3.9,1.7,0.8,10.1,73,,11,222,57.7,217,57.1,48.4,125,14,39,24638,15477,15334,19339,22819,28932,5,208,170,,"Group 3",3
213367,"La Salle University","Philadelphia","PA","Mid East","Private nonprofit 4-year","Private nonprofit","4-year","City","1,000-4,999","Doctoral","No","No",-75.1531,40.038,5133,3147,66.2,42,27.1,16.6,5.8,3.8,69,100,12,1050,57.9,930,58.2,51.8,556,33,74,20119,18702,17978,21016,26009,26278,23,662,464,53,"Group 3",3
213385,"Lafayette College","Easton","PA","Mid East","Private nonprofit 4-year","Private nonprofit","4-year","Suburb","1,000-4,999","Baccalaureate","No","No",-75.2098,40.6996,2764,2764,49.9,67.4,5.4,8.2,4.2,7.7,92,,10,678,88.1,678,88.1,80.2,757,10,58,34728,11903,5125,11291,23829,49830,,611,,,"Group 1",1
213400,"Lancaster Bible College","Lancaster","PA","Mid East","Private nonprofit 4-year","Private nonprofit","4-year","Suburb","1,000-4,999","Master's","No","No",-76.2878,40.0753,2668,1867,56.3,60.3,24.9,2.6,1.4,0,75,42,18,154,71.4,146,70.5,65.1,167,30,78,22872,18652,16948,19100,24474,27820,36,265,106,10,"Group 2",2
213507,"Lebanon Valley College","Annville","PA","Mid East","Private nonprofit 4-year","Private nonprofit","4-year","Suburb","1,000-4,999","Master's","No","No",-76.5144,40.3306,2276,1757,54.3,82.3,3.5,6.1,2.3,0.9,83,50,12,462,72.5,462,72.5,64.5,425,22,93,28640,20164,20997,24785,27538,31143,,377,126,55,"Group 1",1
213543,"Lehigh University","Bethlehem","PA","Mid East","Private nonprofit 4-year","Private nonprofit","4-year","City","5,000-9,999","Doctoral","No","No",-75.3802,40.6068,7839,5851,46,58.4,5.3,10.2,10,8.1,93,,10,1233,89.2,1233,89.2,80.9,1511,18,54,33289,15440,19398,19495,30179,50046,,1208,505,94,"Group 1",1
213598,"Lincoln University","Lincoln University","PA","Mid East","Public 4-year","Public","4-year","Suburb","1,000-4,999","Master's","Yes","No",-75.9265,39.8077,1946,1790,65.9,0.9,82.1,6.8,0.1,2.7,71,75,13,660,52.1,660,52.1,38.9,397,66,90,12910,11585,11666,12623,18201,16615,,300,52,,"Group 4",4
213668,"Lycoming College","Williamsport","PA","Mid East","Private nonprofit 4-year","Private nonprofit","4-year","City","1,000-4,999","Baccalaureate","No","No",-77,41.2467,1094,1094,53,60.4,12.1,13.9,1.5,3.3,82,,11,282,59.6,282,59.6,47.9,296,40,99,20733,10756,15044,16467,20561,26790,,203,,,"Group 3",3
213826,"Marywood University","Scranton","PA","Mid East","Private nonprofit 4-year","Private nonprofit","4-year","City","1,000-4,999","Master's","No","No",-75.6341,41.4346,3201,2011,68.1,73.9,3.4,9.1,2,0.7,85,0,11,444,72.5,444,72.5,53.8,443,29,93,24712,19389,20321,18927,23640,26569,,354,453,10,"Group 1",1
213987,"Mercyhurst University","Erie","PA","Mid East","Private nonprofit 4-year","Private nonprofit","4-year","City","1,000-4,999","Master's","No","No",-80.0534,42.1058,3434,2966,59.5,71.6,5.9,5.2,0.9,4,78,100,15,756,58.7,587,64.7,56.6,548,30,94,26962,23981,20609,25101,28250,31992,97,489,204,,"Group 2",2
213996,"Messiah University","Mechanicsburg","PA","Mid East","Private nonprofit 4-year","Private nonprofit","4-year","Suburb","1,000-4,999","Master's","No","No",-76.9883,40.1566,3569,2614,61.1,77.7,3.3,7.5,3.5,2.7,85,,12,665,78.5,665,78.5,73.8,587,20,94,29882,23234,23515,22689,27326,31609,,550,213,42,"Group 1",1
214041,"Millersville University of Pennsylvania","Millersville","PA","Mid East","Public 4-year","Public","4-year","Suburb","5,000-9,999","Master's","No","No",-76.3574,40.0003,7858,6469,58.8,73.7,9.1,10,3.4,1.3,78,15,19,1342,54.4,1342,54.4,33.7,1150,27,63,20860,13632,15117,18988,23020,24724,7,1233,314,15,"Group 2",2
214069,"Misericordia University","Dallas","PA","Mid East","Private nonprofit 4-year","Private nonprofit","4-year","Suburb","1,000-4,999","Doctoral","No","No",-75.9715,41.3453,2423,1890,67.3,79.5,4.1,5.2,1.3,0.1,80,50,10,435,69.2,435,69.2,59.3,367,19,78,25090,19361,14948,21763,27286,29029,,446,140,51,"Group 1",1
214157,"Moravian University","Bethlehem","PA","Mid East","Private nonprofit 4-year","Private nonprofit","4-year","City","1,000-4,999","Master's","No","No",-75.3836,40.6309,2967,2109,61,65.5,4.4,14.4,2.4,0.9,81,0,10,477,71.1,477,71.1,64.8,425,27,89,30720,26159,25546,27277,29836,33453,,507,201,14,"Group 1",1
214166,"Mount Aloysius College","Cresson","PA","Mid East","Private nonprofit 4-year","Private nonprofit","4-year","Town","1,000-4,999","Baccalaureate","No","No",-78.6009,40.4597,3021,2988,66,70.2,1.5,0.4,1.7,3,71,,12,261,55.6,128,51.6,44.5,295,16,38,20570,17100,16577,18440,23150,25501,131,137,17,,"Group 3",3
214175,"Muhlenberg College","Allentown","PA","Mid East","Private nonprofit 4-year","Private nonprofit","4-year","City","1,000-4,999","Baccalaureate","No","No",-75.5085,40.5964,2087,2059,60.7,71,4.3,11.3,3.4,1.3,89,,8,562,80.2,562,80.2,69.8,420,21,94,31814,13742,16144,19712,26057,39900,,529,13,,"Group 1",1
214272,"Neumann University","Aston","PA","Mid East","Private nonprofit 4-year","Private nonprofit","4-year","Suburb","1,000-4,999","Master's","No","No",-75.44,39.8749,2569,1814,61.5,52.9,28.4,8,2.7,1.2,69,,13,360,46.1,360,46.1,30,367,42,86,29298,25012,25557,27393,31756,34049,1,339,103,53,"Group 3",3
214591,"Pennsylvania State University-Penn State Erie-Behrend College","Erie","PA","Mid East","Public 4-year","Public","4-year","Suburb","1,000-4,999",,"No","No",-79.9838,42.1194,3536,3397,36,78,3.6,4.3,4.6,4.5,82,,12,1046,45.7,1041,45.5,31.6,829,27,71,20964,14702,14905,19588,25800,29572,24,603,53,,"Group 3",3
214625,"Pennsylvania State University-Penn State New Kensington","New Kensington","PA","Mid East","Public 4-year","Public","4-year","Rural","Under 1,000",,"No","No",-79.6975,40.5511,534,534,43.1,76.2,5.6,5.4,1.3,0.9,77,,9,131,24.4,118,20.3,13.6,134,32,81,19294,12821,15580,18165,22096,24058,15,65,,,"Group 3",3
214643,"Pennsylvania State University-Penn State Wilkes-Barre","Dallas","PA","Mid East","Public 4-year","Public","4-year","Rural","Under 1,000",,"No","No",-76.0162,41.3056,413,400,35.2,75.8,10,8.2,1.2,0.5,79,,10,102,16.7,100,16,10,127,38,83,16275,9544,10092,14764,20763,21827,9,38,,,"Group 3",3
214652,"Pennsylvania State University-Penn State Scranton","Dunmore","PA","Mid East","Public 4-year","Public","4-year","Suburb","Under 1,000",,"No","No",-75.6214,41.4398,992,991,45.2,67.2,5.1,12.7,10.1,0.8,75,0,11,254,31.9,253,31.2,20.9,226,43,77,18239,14151,13015,19270,21235,24596,10,154,,,"Group 3",3
214670,"Pennsylvania State University-Penn State Lehigh Valley","Center Valley","PA","Mid East","Public 4-year","Public","4-year","Suburb","Under 1,000",,"No","No",-75.4027,40.5592,994,993,42.5,52.9,7,20.9,11.2,2,82,50,15,242,17.4,237,16.9,12.7,263,33,71,19070,12011,13259,19247,22088,25825,3,116,,,"Group 3",3
214689,"Pennsylvania State University-Penn State Altoona","Altoona","PA","Mid East","Public 4-year","Public","4-year","City","1,000-4,999",,"No","No",-78.4096,40.5418,2736,2736,47,73.2,6.1,7.5,4.1,4.1,77,25,12,1261,17.8,1255,17.5,13.7,897,26,68,22506,17269,17288,21857,26446,28543,6,285,,,"Group 3",3
214698,"Pennsylvania State University-Penn State Beaver","Monaca","PA","Mid East","Public 4-year","Public","4-year","Suburb","Under 1,000",,"No","No",-80.2963,40.6783,567,567,44.8,69.5,9,8.5,2.8,1.8,76,,11,184,21.2,184,21.2,16.8,168,34,81,19329,10180,12787,14073,22906,24301,,83,,,"Group 3",3
214704,"Pennsylvania State University-Penn State Berks","Reading","PA","Mid East","Public 4-year","Public","4-year","Suburb","1,000-4,999",,"No","No",-75.9733,40.3588,2306,2287,40.8,60.4,8,14.4,6.4,3.1,77,27,13,680,24.4,667,22.9,16.5,621,29,66,22450,16721,18801,20924,25326,30196,26,351,,,"Group 3",3
214713,"Pennsylvania State University-Penn State Harrisburg","Middletown","PA","Mid East","Public 4-year","Public","4-year","Suburb","1,000-4,999",,"No","No",-76.7412,40.2043,5026,4400,38.1,47.6,9.5,8.7,13.2,15.2,82,50,15,950,29.3,947,29.3,19.3,1189,26,64,22406,16081,17021,22006,26911,29925,6,706,187,6,"Group 3",3
214731,"Pennsylvania State University-Penn State Brandywine","Media","PA","Mid East","Public 4-year","Public","4-year","Suburb","1,000-4,999",,"No","No",-75.4497,39.9271,1304,1304,38.9,50.3,17.6,8.6,12.5,3.3,72,46,14,422,21.3,412,21.1,11.9,385,35,67,21739,16792,16105,21651,26445,28700,,152,,,"Group 3",3
214759,"Pennsylvania State University-Penn State Fayette- Eberly","Lemont Furnace","PA","Mid East","Public 4-year","Public","4-year","Rural","Under 1,000",,"No","No",-79.6593,39.9465,468,468,55.1,86.8,4.9,3,1.1,0,74,,9,179,33.5,153,31.4,24.2,102,35,85,18780,13828,16295,18109,21838,24244,11,78,,,"Group 3",3
214768,"Pennsylvania State University-Penn State Hazleton","Hazleton","PA","Mid East","Public 4-year","Public","4-year","Suburb","Under 1,000",,"No","No",-76.031,40.984,562,562,46.6,52.8,8,22.6,3.9,1.1,72,,11,201,17.9,176,14.2,10.8,149,48,87,19920,15278,16247,18473,23273,26468,26,45,,,"Group 3",3
214777,"Pennsylvania State University-Main Campus","University Park","PA","Mid East","Public 4-year","Public","4-year","City","20,000 and above","Doctoral","No","No",-77.8628,40.7965,52693,43729,46.5,62.2,4.5,8.3,6.9,11.5,92,72,15,7828,85.7,7828,85.6,70.4,9181,13,49,27450,19458,19743,26257,33579,37209,5,10189,1604,1039,"Group 1",1
214786,"Pennsylvania State University-Penn State Greater Allegheny","McKeesport","PA","Mid East","Public 4-year","Public","4-year","Suburb","Under 1,000",,"No","No",-79.8274,40.3456,408,408,38.2,57.1,20.8,5.4,6.1,2,69,0,8,113,27.4,113,27.4,20.4,113,44,83,14933,7681,8901,15905,18848,22642,,39,,,"Group 3",3
214795,"Pennsylvania State University-Penn State Mont Alto","Mont Alto","PA","Mid East","Public 4-year","Public","4-year","Rural","Under 1,000",,"No","No",-77.5418,39.8422,737,737,57.5,77.9,4.3,6.9,3.4,0.8,75,0,9,203,25.1,160,17.5,13.8,189,26,80,20294,11518,13653,17051,23185,26342,54,76,,,"Group 3",3
214801,"Pennsylvania State University-Penn State Abington","Abington","PA","Mid East","Public 4-year","Public","4-year","Suburb","1,000-4,999",,"No","No",-75.1107,40.1171,3437,3436,41.9,43.6,13.6,12.4,17.8,7.1,77,67,14,1044,22.2,1032,21.9,14.5,869,38,69,17561,12668,12725,17120,23575,26043,14,482,,,"Group 3",3
214810,"Pennsylvania State University-Penn State Schuylkill","Schuylkill Haven","PA","Mid East","Public 4-year","Public","4-year","Town","Under 1,000",,"No","No",-76.1664,40.6405,716,716,63.7,65.8,10.8,7.8,2.5,0.6,82,50,12,174,20.7,148,16.2,11.5,175,38,84,20317,13752,15885,18182,25192,26569,34,67,,,"Group 3",3
214829,"Pennsylvania State University-Penn State York","York","PA","Mid East","Public 4-year","Public","4-year","Suburb","Under 1,000",,"No","No",-76.7035,39.9528,818,806,37.2,65.9,7.6,9.9,7.2,3.6,77,33,12,280,11.4,277,11.6,7.6,189,28,75,19159,11304,12138,15735,20962,24237,12,82,7,,"Group 3",3
215062,"University of Pennsylvania","Philadelphia","PA","Mid East","Private nonprofit 4-year","Private nonprofit","4-year","City","20,000 and above","Doctoral","No","No",-75.1939,39.9509,32205,12929,54.8,31.2,8,9.7,25.6,13.7,98,,8,2412,96.8,2412,96.8,88.1,2415,16,51,26017,1026,4759,17585,29302,57603,,2599,5469,1334,"Group 1",1
215105,"University of the Arts","Philadelphia","PA","Mid East","Private nonprofit 4-year","Private nonprofit","4-year","City","1,000-4,999","Special focus","No","No",-75.1659,39.946,1478,1229,65,49.2,21.2,14.2,4,1.9,81,,7,409,69.2,409,69.2,58.4,182,33,99,44510,42104,41675,43345,43590,46757,,326,72,1,"Group 1",1
215114,"Cairn University-Langhorne","Langhorne","PA","Mid East","Private nonprofit 4-year","Private nonprofit","4-year","Suburb","1,000-4,999","Master's","No","No",-74.9095,40.1658,1724,1431,51.8,49.3,5.2,2.3,2.6,3.6,84,0,11,155,65.2,154,64.3,30.5,200,30,80,27603,24409,26083,29663,29409,32037,11,158,102,,"Group 1",1
215266,"University of Pittsburgh-Bradford","Bradford","PA","Mid East","Public 4-year","Public","4-year","Town","1,000-4,999","Baccalaureate","No","No",-78.6737,41.9434,2184,2184,57.7,39.4,6.8,3.3,2.4,1.6,61,0,12,343,43.4,284,47.2,39.1,296,46,96,17015,11352,11294,14898,21611,23283,21,189,,,"Group 3",3
215275,"University of Pittsburgh-Greensburg","Greensburg","PA","Mid East","Public 4-year","Public","4-year","Suburb","1,000-4,999","Baccalaureate","No","No",-79.5327,40.2764,1394,1394,57.7,76.1,7,5.1,4.2,1.4,68,,15,429,39.6,429,39.6,29.6,409,38,96,17196,8336,12027,16358,22085,22761,,244,,,"Group 3",3
215284,"University of Pittsburgh-Johnstown","Johnstown","PA","Mid East","Public 4-year","Public","4-year","Suburb","1,000-4,999","Baccalaureate","No","No",-78.8342,40.266,2133,2133,44.1,75.1,4.9,5.2,2.9,1.6,76,,14,769,53.4,762,53.5,38.5,517,29,98,17909,10031,12642,17645,22346,23540,9,399,,,"Group 3",3
215293,"University of Pittsburgh-Pittsburgh Campus","Pittsburgh","PA","Mid East","Public 4-year","Public","4-year","City","20,000 and above","Doctoral","No","No",-79.9533,40.4444,35659,25319,57.4,64.9,5.4,6.4,12.6,4.1,92,75,13,4004,84.3,4004,84.3,70.8,4386,14,69,24338,17007,18397,26179,31931,34824,25,4506,1942,1166,"Group 1",1
215442,"Point Park University","Pittsburgh","PA","Mid East","Private nonprofit 4-year","Private nonprofit","4-year","City","1,000-4,999","Doctoral","No","No",-80.0021,40.4388,4042,2728,62.8,64.3,12.6,9.4,1.9,3,71,75,12,633,59.6,633,59.4,51.5,553,37,95,25477,18999,22027,23522,24599,29375,,524,258,59,"Group 3",3
215655,"Robert Morris University","Moon Township","PA","Mid East","Private nonprofit 4-year","Private nonprofit","4-year","Suburb","1,000-4,999","Doctoral","No","No",-80.2105,40.5204,4979,3928,45.8,63,5.8,2.1,1.2,4.8,84,67,14,868,65.6,868,65.6,53.1,591,22,74,26215,22158,19989,21568,26392,30770,,621,287,54,"Group 1",1
215691,"Rosemont College","Rosemont","PA","Mid East","Private nonprofit 4-year","Private nonprofit","4-year","Suburb","Under 1,000","Master's","No","No",-75.3292,40.0334,935,529,52.9,27.4,26.1,11.9,2.8,0.6,67,50,13,138,43.5,138,34.1,8.7,78,39,72,19297,6915,10438,21085,24812,29681,2,99,74,,"Group 3",3
215743,"Saint Francis University","Loretto","PA","Mid East","Private nonprofit 4-year","Private nonprofit","4-year","Rural","1,000-4,999","Master's","No","No",-78.639,40.5067,3269,2729,61.7,81.1,4.7,1,2,0.1,88,,14,367,72.8,366,72.4,65.8,327,18,65,27421,13256,10865,12775,18657,24390,14,392,223,21,"Group 1",1
215770,"Saint Joseph's University","Philadelphia","PA","Mid East","Private nonprofit 4-year","Private nonprofit","4-year","City","5,000-9,999","Master's","No","No",-75.2383,39.9944,8647,5344,54.7,65.4,7.3,9.1,10.6,2.3,88,100,10,1428,79.8,1428,79.8,74.6,1095,18,94,36392,30742,33882,33514,37264,36689,,1392,1069,231,"Group 1",1
215798,"Saint Vincent College","Latrobe","PA","Mid East","Private nonprofit 4-year","Private nonprofit","4-year","Suburb","1,000-4,999","Baccalaureate","No","No",-79.4038,40.2926,1654,1418,42.2,80.7,5.4,4.8,1.5,2,85,,10,456,72.1,456,72.1,64.3,342,27,99,23857,14467,18208,19912,25298,27734,,286,32,30,"Group 1",1
215929,"University of Scranton","Scranton","PA","Mid East","Private nonprofit 4-year","Private nonprofit","4-year","City","1,000-4,999","Master's","No","No",-75.6569,41.4066,5139,3751,56.3,74,3.4,11.8,3.5,1,87,79,13,901,80.8,901,80.8,76.1,1043,22,94,32100,17968,17920,24999,29978,38306,1,872,421,78,"Group 1",1
215947,"Seton Hill University","Greensburg","PA","Mid East","Private nonprofit 4-year","Private nonprofit","4-year","Suburb","1,000-4,999","Master's","No","No",-79.5574,40.3094,3820,3279,61.5,68.3,6,3.4,1.6,1.3,80,,13,424,71,424,71,60.8,384,30,96,23732,14651,15307,18474,22424,28577,,348,177,,"Group 1",1
216010,"Shippensburg University of Pennsylvania","Shippensburg","PA","Mid East","Public 4-year","Public","4-year","Town","5,000-9,999","Master's","No","No",-77.5223,40.0579,5812,4829,52.1,72.6,12.5,7.1,1.6,0.8,76,50,18,1209,51.6,1209,51.6,35.7,1077,30,76,23344,18253,18505,21912,26492,27250,,930,253,13,"Group 2",2
216038,"Slippery Rock University of Pennsylvania","Slippery Rock","PA","Mid East","Public 4-year","Public","4-year","Town","5,000-9,999","Master's","No","No",-80.046,41.0627,9547,7437,55.7,83.4,4.6,2.9,1,2.3,81,0,20,1581,65.9,1581,65.9,53,1459,28,70,18407,12762,13805,18007,22001,23422,,1778,471,91,"Group 2",2
216278,"Susquehanna University","Selinsgrove","PA","Mid East","Private nonprofit 4-year","Private nonprofit","4-year","Town","1,000-4,999","Baccalaureate","No","No",-76.8753,40.7975,2935,2926,56.8,74.9,5.9,6.3,1.6,1.1,73,,13,633,74.1,633,74.1,66.5,578,24,95,27258,20251,17536,24048,25432,30833,,534,5,,"Group 1",1
216287,"Swarthmore College","Swarthmore","PA","Mid East","Private nonprofit 4-year","Private nonprofit","4-year","Suburb","1,000-4,999","Baccalaureate","No","No",-75.3543,39.9052,1713,1713,52.1,31.6,8.8,14.2,17.9,14,97,,8,392,94.1,392,94.1,76.3,433,20,57,17930,8580,5592,8292,20977,47429,,391,,,"Group 1",1
216339,"Temple University","Philadelphia","PA","Mid East","Public 4-year","Public","4-year","City","20,000 and above","Doctoral","No","No",-75.1569,39.9805,35985,25896,55.7,48.9,16.1,9.3,13.6,3.8,83,66,12,5139,74.7,5139,74.7,57.4,4614,30,76,29641,23080,24278,28493,31578,34632,3,5567,1809,1075,"Group 1",1
216357,"Thiel College","Greenville","PA","Mid East","Private nonprofit 4-year","Private nonprofit","4-year","Town","Under 1,000","Baccalaureate","No","No",-80.3844,41.4135,993,860,50.2,75.3,10.7,2.6,2.8,0,71,,12,186,43.5,185,42.7,23.8,228,39,100,22490,19731,19783,22513,24095,26196,3,136,15,,"Group 3",3
216366,"Thomas Jefferson University","Philadelphia","PA","Mid East","Private nonprofit 4-year","Private nonprofit","4-year","City","5,000-9,999","Doctoral","No","No",-75.1583,39.9483,9492,4174,74.4,48.8,15,11.7,14.4,2.3,82,100,13,481,68.2,481,68.2,54.3,756,34,87,29097,20809,20445,24652,29949,34317,27,1065,884,504,"Group 1",1
216524,"Ursinus College","Collegeville","PA","Mid East","Private nonprofit 4-year","Private nonprofit","4-year","Suburb","1,000-4,999","Baccalaureate","No","No",-75.4565,40.193,1562,1562,48,74.3,7.2,7.4,3.5,0.6,84,,9,402,76.6,402,76.6,68.9,381,20,98,31625,21992,22573,27644,28852,34705,,355,,,"Group 1",1
216597,"Villanova University","Villanova","PA","Mid East","Private nonprofit 4-year","Private nonprofit","4-year","Suburb","10,000-19,999","Doctoral","No","No",-75.3405,40.0365,11571,7447,54.4,68.4,5.9,10.6,7.3,2.1,95,93,10,1713,92.4,1713,92.4,90.4,1762,12,49,37946,16914,31248,25786,34285,60637,5,1771,1231,238,"Group 1",1
216667,"Washington & Jefferson College","Washington","PA","Mid East","Private nonprofit 4-year","Private nonprofit","4-year","Suburb","1,000-4,999","Baccalaureate","No","No",-80.2405,40.1706,1179,1177,47.5,76.1,7.3,5.4,1.7,2.3,82,,10,339,71.4,339,71.4,62.5,348,29,100,26051,21102,21978,22139,27151,28860,,219,1,,"Group 1",1
216694,"Waynesburg University","Waynesburg","PA","Mid East","Private nonprofit 4-year","Private nonprofit","4-year","Town","1,000-4,999","Master's","No","No",-80.1862,39.8999,1503,1176,57.4,81,4.7,3.8,0.4,0.4,72,,10,400,60.5,400,60.5,54,299,31,96,22837,19790,23018,25354,25404,28697,1,259,100,10,"Group 3",3
216764,"West Chester University of Pennsylvania","West Chester","PA","Mid East","Public 4-year","Public","4-year","Suburb","10,000-19,999","Doctoral","No","No",-75.5981,39.9534,19021,15623,58.7,72.8,11.5,7.2,3.4,0.2,84,50,20,2619,69.8,2619,69.8,52.6,2984,24,58,21684,16800,17340,20275,24846,26575,,3247,1041,61,"Group 2",2
216807,"Westminster College","New Wilmington","PA","Mid East","Private nonprofit 4-year","Private nonprofit","4-year","Rural","1,000-4,999","Baccalaureate","No","No",-80.331,41.1193,1232,1179,55.6,76.6,5.5,3.6,0.9,0.2,83,,12,331,65.9,331,65.9,61.3,285,25,89,21089,19065,14941,19699,20739,23986,,183,23,,"Group 1",1
216852,"Widener University","Chester","PA","Mid East","Private nonprofit 4-year","Private nonprofit","4-year","Suburb","5,000-9,999","Doctoral","No","No",-75.3554,39.8617,6184,2742,59,63.7,18.7,6.2,4,1.8,78,67,11,770,63.5,770,63.5,55.7,533,25,89,30720,25328,25620,28722,31013,34560,15,664,576,416,"Group 1",1
216931,"Wilkes University","Wilkes-Barre","PA","Mid East","Private nonprofit 4-year","Private nonprofit","4-year","City","5,000-9,999","Doctoral","No","No",-75.8903,41.2442,6993,2286,53.1,70.8,4.9,9.9,2.8,5.3,73,36,13,580,60.3,580,60.3,49.1,464,30,85,28508,23760,24199,26339,29365,31745,,476,737,114,"Group 3",3
217013,"Wilson College","Chambersburg","PA","Mid East","Private nonprofit 4-year","Private nonprofit","4-year","City","1,000-4,999","Master's","No","No",-77.6507,39.9497,2169,1237,74.6,76.8,7.8,5.3,1.1,2.3,77,,12,164,51.8,164,51.8,43.3,136,27,52,21567,14381,10250,17122,22602,28575,2,169,123,,"Group 3",3
217059,"York College of Pennsylvania","York","PA","Mid East","Private nonprofit 4-year","Private nonprofit","4-year","Suburb","1,000-4,999","Master's","No","No",-76.728,39.9461,4207,3715,56,71.8,6.4,8.6,2,1,77,100,13,991,59.7,991,59.5,43.1,745,25,89,21036,14792,15129,18388,21010,24092,6,766,81,16,"Group 3",3
217156,"Brown University","Providence","RI","New England","Private nonprofit 4-year","Private nonprofit","4-year","City","10,000-19,999","Doctoral","No","No",-71.4039,41.8262,11766,8026,52.2,35.6,7.8,11.1,17.9,14.9,99,,6,1629,95.9,1629,95.9,80.4,1717,13,48,26608,-2158,2273,7757,19526,45823,,1682,981,381,"Group 1",1
217165,"Bryant University","Smithfield","RI","New England","Private nonprofit 4-year","Private nonprofit","4-year","Suburb","1,000-4,999","Master's","No","No",-71.5395,41.9201,3861,3306,36.2,74.4,4.3,7.4,3.6,5.7,87,,13,892,80.6,892,80.6,78.1,964,11,94,40612,33555,36310,38987,41023,42552,,776,219,,"Group 1",1
217235,"Johnson & Wales University-Providence","Providence","RI","New England","Private nonprofit 4-year","Private nonprofit","4-year","City","1,000-4,999","Master's","No","No",-71.4128,41.82,4935,4469,61.2,57.6,11,15.5,3.8,4.3,76,11,13,1609,54.9,1466,49.2,42.4,970,30,98,33480,28488,29394,31538,33740,35008,242,826,150,30,"Group 3",3
217402,"Providence College","Providence","RI","New England","Private nonprofit 4-year","Private nonprofit","4-year","City","1,000-4,999","Master's","No","No",-71.4374,41.8427,5035,4447,54.1,77.2,3.6,9.1,1.7,1.6,91,50,11,1062,87.9,1062,87.9,86.3,1154,13,78,46645,26070,23408,24086,33480,53195,6,957,254,,"Group 1",1
217420,"Rhode Island College","Providence","RI","New England","Public 4-year","Public","4-year","Suburb","5,000-9,999","Master's","No","No",-71.4656,41.8424,10012,8659,64.6,48.5,7.9,20.7,3,0.1,74,40,14,1022,46.2,1022,46.2,23.2,655,41,67,11549,7674,8507,11290,15107,16800,,1048,326,11,"Group 3",3
217484,"University of Rhode Island","Kingston","RI","New England","Public 4-year","Public","4-year","Suburb","10,000-19,999","Doctoral","No","No",-71.5274,41.4847,20653,17493,55.6,70.5,5.4,11.4,3.5,1.6,84,44,17,3297,71,3164,70.1,56.5,3404,21,82,20964,12930,12326,16578,22524,27213,,3110,630,256,"Group 2",2
217493,"Rhode Island School of Design","Providence","RI","New England","Private nonprofit 4-year","Private nonprofit","4-year","City","1,000-4,999","Master's","No","No",-71.4093,41.8271,2706,2165,67.2,22.5,4.4,8.4,22.5,34.3,93,,8,451,88.5,451,88.5,58.3,481,14,35,42106,33653,31023,36834,46882,60428,,533,274,,"Group 1",1
217518,"Roger Williams University","Bristol","RI","New England","Private nonprofit 4-year","Private nonprofit","4-year","Suburb","1,000-4,999","Master's","No","No",-71.2604,41.6502,5007,4655,49.5,71.1,3.8,10.3,2.5,1,79,40,12,1135,66.6,1135,66.6,61.9,1057,16,94,37936,29475,29765,34861,38086,41052,55,902,140,,"Group 1",1
217536,"Salve Regina University","Newport","RI","New England","Private nonprofit 4-year","Private nonprofit","4-year","Suburb","1,000-4,999","Master's","No","No",-71.3012,41.4715,3132,2276,69.1,78.6,1.6,8.9,1.3,3,85,,12,590,74.9,590,74.9,68.5,592,15,97,37794,27575,29451,29769,34113,38585,,548,186,8,"Group 1",1
217624,"Allen University","Columbia","SC","Southeast","Private nonprofit 4-year","Private nonprofit","4-year","City","Under 1,000","Baccalaureate","Yes","No",-81.02,34.0103,796,707,42.6,0.3,93.6,1.1,0.3,1.3,90,20,16,189,13.2,189,13.2,6.9,169,80,95,11058,10536,11286,10701,14024,12718,,83,15,,"Group 4",4
217633,"Anderson University","Anderson","SC","Southeast","Private nonprofit 4-year","Private nonprofit","4-year","City","1,000-4,999","Master's","No","No",-82.6404,34.5152,4602,3511,66.8,82.5,5.3,4.9,1.8,1.9,82,0,15,679,71,679,68.2,61.6,796,22,88,22222,17528,17693,28002,25171,35665,,634,280,41,"Group 2",2
217688,"Charleston Southern University","Charleston","SC","Southeast","Private nonprofit 4-year","Private nonprofit","4-year","City","1,000-4,999","Master's","No","No",-80.0726,32.983,4155,3403,64.6,49.2,17,6.4,1.3,2,62,0,13,634,48.6,634,48.6,41.2,723,35,89,21347,19840,19236,22405,23957,23804,,483,187,41,"Group 3",3
217721,"Benedict College","Columbia","SC","Southeast","Private nonprofit 4-year","Private nonprofit","4-year","City","1,000-4,999","Baccalaureate","Yes","No",-81.0204,34.0129,2176,2090,53.9,1,78.4,2.6,0.1,14.3,65,,14,558,21.1,558,21.1,14.7,377,63,91,18146,16807,17415,19763,19885,24076,,331,23,,"Group 4",4
217749,"Bob Jones University","Greenville","SC","Southeast","Private nonprofit 4-year","Private nonprofit","4-year","City","1,000-4,999","Master's","No","No",-82.3658,34.874,3618,3033,55.5,70.2,1.7,7.4,3.1,6,81,33,13,589,69.6,548,69.7,59.7,576,29,83,19773,14037,15494,16625,20194,23916,45,544,94,3,"Group 2",2
217776,"Southern Wesleyan University","Central","SC","Southeast","Private nonprofit 4-year","Private nonprofit","4-year","Suburb","1,000-4,999","Master's","No","No",-82.7616,34.7281,1335,1006,63.8,65.1,16,6.3,0.7,0.4,66,100,12,198,52,190,53.2,43.2,144,29,87,20336,15936,17234,20474,19436,24758,11,199,54,21,"Group 3",3
217819,"College of Charleston","Charleston","SC","Southeast","Public 4-year","Public","4-year","City","10,000-19,999","Master's","No","No",-79.9398,32.7842,12560,10794,66.3,78,6.1,7,2,1.1,82,50,16,1836,65,1836,65,56,2204,19,64,20806,13017,13418,18049,23178,24730,,1901,234,,"Group 2",2
217864,"Citadel Military College of South Carolina","Charleston","SC","Southeast","Public 4-year","Public","4-year","City","1,000-4,999","Master's","No","No",-79.9588,32.7972,4446,2932,15.9,75,7.3,7.8,1.9,1,88,0,11,677,72.8,677,72.8,63.5,676,19,71,21041,12055,15292,18467,23921,24725,,683,354,,"Group 1",1
217873,"Claflin University","Orangeburg","SC","Southeast","Private nonprofit 4-year","Private nonprofit","4-year","Town","1,000-4,999","Baccalaureate","Yes","No",-80.8543,33.4984,2097,1965,68.8,3.6,92,1.1,0.5,1.8,79,,13,519,49.1,519,49.1,35.8,384,73,97,21232,19663,21021,25768,25952,26086,,334,30,,"Group 4",4
217882,"Clemson University","Clemson","SC","Southeast","Public 4-year","Public","4-year","Suburb","20,000 and above","Doctoral","No","No",-82.8351,34.6794,31228,24215,51.4,76.1,5.6,7.7,3,1.8,93,69,16,3644,87.9,3644,87.9,68.1,4589,15,75,24408,14212,14857,19988,24020,27348,,5189,1794,285,"Group 1",1
217907,"Coker University","Hartsville","SC","Southeast","Private nonprofit 4-year","Private nonprofit","4-year","Town","1,000-4,999","Master's","No","No",-80.0704,34.377,1506,1374,58.6,48.7,23.2,0.9,3.5,4.5,63,,12,208,34.6,208,34.6,30.8,187,29,72,18910,16478,16411,16242,19634,19982,,191,47,,"Group 3",3
217934,"Columbia College","Columbia","SC","Southeast","Private nonprofit 4-year","Private nonprofit","4-year","City","1,000-4,999","Master's","No","No",-81.03,34.0456,2138,1498,84,38.1,34.4,10.1,1.7,0.7,53,45,11,159,53.5,159,53.5,48.4,184,53,88,23920,23126,20687,22849,26163,27106,,221,234,,"Group 3",3
217961,"Converse University","Spartanburg","SC","Southeast","Private nonprofit 4-year","Private nonprofit","4-year","City","1,000-4,999","Master's","No","No",-81.9179,34.9555,2391,848,78.4,53.9,13,11.1,3.3,6.5,68,,12,259,47.1,259,47.1,42.5,219,41,96,19438,16427,17984,18624,20988,23303,,125,87,16,"Group 3",3
217998,"Erskine College","Due West","SC","Southeast","Private nonprofit 4-year","Private nonprofit","4-year","Rural","Under 1,000","Doctoral","No","No",-82.391,34.3321,1204,963,35.8,45.3,22.5,6.6,1.5,0,63,54,15,177,48.6,177,48.6,44.1,269,40,99,21982,21857,16145,20343,24856,24471,,123,21,12,"Group 3",3
218061,"Francis Marion University","Florence","SC","Southeast","Public 4-year","Public","4-year","Rural","1,000-4,999","Master's","No","No",-79.6529,34.1898,4628,4077,64.8,51,34.5,4.3,2,2,69,100,12,688,42.7,688,42.7,26.6,611,39,70,11231,10670,12892,15205,17514,17623,,487,140,6,"Group 3",3
218070,"Furman University","Greenville","SC","Southeast","Private nonprofit 4-year","Private nonprofit","4-year","Suburb","1,000-4,999","Baccalaureate","No","No",-82.4405,34.9247,2523,2296,58.5,76.3,5.9,6.1,3.7,3.5,91,,9,697,81.5,697,81.5,74.3,647,11,97,32901,16190,16294,24978,29927,37271,,509,60,,"Group 1",1
218229,"Lander University","Greenwood","SC","Southeast","Public 4-year","Public","4-year","Town","1,000-4,999","Baccalaureate","No","No",-82.1647,34.1999,4659,3847,67.6,65.2,23.5,2,0.3,2.4,69,25,17,765,48.8,765,48.8,34.6,841,40,82,14657,11868,11130,14297,16757,17836,,665,143,,"Group 4",4
218238,"Limestone University","Gaffney","SC","Southeast","Private nonprofit 4-year","Private nonprofit","4-year","Town","1,000-4,999","Baccalaureate","No","No",-81.6492,35.0571,2053,1789,52.4,43.7,30.6,6.4,0.9,4.8,64,60,11,341,27.6,335,26,20,316,43,90,21177,17648,18035,21930,20986,24483,29,358,97,,"Group 3",3
218399,"Morris College","Sumter","SC","Southeast","Private nonprofit 4-year","Private nonprofit","4-year","City","Under 1,000","Baccalaureate","Yes","No",-80.3462,33.9386,508,508,52.8,1.2,93.3,2,0,0.2,47,,10,235,20.4,235,20.4,6.8,118,82,97,20397,19687,20984,22795,20558,,,76,,,"Group 4",4
218414,"Newberry College","Newberry","SC","Southeast","Private nonprofit 4-year","Private nonprofit","4-year","Town","1,000-4,999","Baccalaureate","No","No",-81.6198,34.2859,1414,1387,44.3,43.7,32.8,4.5,0.6,6.9,70,,14,356,44.4,356,44.4,33.7,408,49,99,20941,18692,18786,22439,18277,23338,,204,7,,"Group 3",3
218441,"North Greenville University","Tigerville","SC","Southeast","Private nonprofit 4-year","Private nonprofit","4-year","Rural","1,000-4,999","Master's","No","No",-82.3703,35.0698,2465,2094,53.2,63.1,9.9,4.8,0.8,1.2,69,29,13,530,54.9,530,54.9,46.4,487,32,87,20264,18890,18746,18576,21681,23740,,328,101,12,"Group 3",3
218539,"Presbyterian College","Clinton","SC","Southeast","Private nonprofit 4-year","Private nonprofit","4-year","Town","1,000-4,999","Baccalaureate","No","No",-81.8745,34.4658,1330,1043,51.2,63.5,18.5,5.9,1.9,4.9,74,,11,273,61.9,273,57.5,48.7,269,28,92,20058,17786,15964,20293,21742,26955,,224,33,41,"Group 3",3
218645,"University of South Carolina Aiken","Aiken","SC","Southeast","Public 4-year","Public","4-year","Suburb","1,000-4,999","Master's","No","No",-81.7676,33.5727,4764,3586,63.6,61,22.2,7.3,1.6,1.5,64,50,15,566,40.1,566,40.1,24.6,548,37,87,11697,7618,10107,12688,16097,16708,,569,244,,"Group 4",4
218654,"University of South Carolina Beaufort","Bluffton","SC","Southeast","Public 4-year","Public","4-year","Town","1,000-4,999","Baccalaureate","No","No",-80.9736,32.3033,2531,2445,67.2,61,19.6,10.7,0.9,2.3,61,14,14,482,38.6,482,38.6,28.8,469,40,71,15781,11858,12806,15774,18369,19971,2,375,11,,"Group 3",3
218663,"University of South Carolina-Columbia","Columbia","SC","Southeast","Public 4-year","Public","4-year","City","20,000 and above","Doctoral","No","No",-81.0269,33.9968,38804,29034,55.7,72.1,9.5,5.8,4.2,2.9,91,86,18,5869,77.7,5869,77.7,68.7,6567,19,79,26068,14421,17602,22744,26936,29493,,6478,1827,920,"Group 2",2
218724,"Coastal Carolina University","Conway","SC","Southeast","Public 4-year","Public","4-year","City","10,000-19,999","Master's","No","No",-79.0118,33.795,11171,10406,54.6,68.7,14.1,6.2,1.2,0.9,76,11,16,2380,50.8,2380,50.8,40.2,2653,27,76,14453,9222,9749,13209,17527,18612,,1826,258,23,"Group 2",2
218733,"South Carolina State University","Orangeburg","SC","Southeast","Public 4-year","Public","4-year","Town","1,000-4,999","Master's","Yes","No",-80.8487,33.498,3019,2677,53.5,2,89.5,0.6,0.2,0,59,11,19,561,29.4,561,29.4,14.1,817,68,83,17928,17089,17509,19611,24555,25130,,232,52,25,"Group 4",4
218742,"University of South Carolina-Upstate","Spartanburg","SC","Southeast","Public 4-year","Public","4-year","Suburb","1,000-4,999","Baccalaureate","No","No",-81.9706,34.9964,5861,5221,66.9,47.9,31.6,8.2,3.4,1.3,69,67,15,877,42.4,877,42.4,28.2,685,45,73,13794,11021,12164,13876,17711,20030,,1055,109,,"Group 4",4
218919,"Voorhees University","Denmark","SC","Southeast","Private nonprofit 4-year","Private nonprofit","4-year","Rural","Under 1,000","Baccalaureate","Yes","No",-81.1279,33.3072,533,496,55,0.2,92.5,0.2,0,7.1,63,47,10,172,37.8,172,31.4,26.7,120,77,93,15747,15081,13624,17558,18316,24543,,70,8,,"Group 4",4
218964,"Winthrop University","Rock Hill","SC","Southeast","Public 4-year","Public","4-year","City","1,000-4,999","Master's","No","No",-81.0314,34.9415,5559,4264,66.2,53.4,29.9,7.7,2.1,1.5,73,50,12,1047,61.2,1047,61.2,51.3,707,39,83,16838,13361,13395,16762,19267,20653,,798,420,,"Group 3",3
218973,"Wofford College","Spartanburg","SC","Southeast","Private nonprofit 4-year","Private nonprofit","4-year","City","1,000-4,999","Baccalaureate","No","No",-81.9336,34.9594,1863,1863,52,79.5,7,5.6,2.1,1.8,90,,12,452,80.8,452,80.8,76.8,507,15,97,31061,14804,22105,22432,28109,34845,,409,,,"Group 1",1
219000,"Augustana University","Sioux Falls","SD","Plains","Private nonprofit 4-year","Private nonprofit","4-year","City","1,000-4,999","Master's","No","No",-96.737,43.5251,2590,2147,62.8,68.9,2.8,3.7,2,10.4,84,,11,480,75.6,480,75.6,59.6,553,16,96,25280,20552,18948,22479,26689,26388,,381,190,,"Group 1",1
219046,"Black Hills State University","Spearfish","SD","Plains","Public 4-year","Public","4-year","Town","1,000-4,999","Master's","No","No",-103.871,44.4949,5614,4950,61,83.4,1.3,3.8,0.9,1.9,72,63,17,508,38.6,455,40.2,25.5,444,18,39,16474,12475,13564,17864,19145,19987,48,368,60,,"Group 2",2
219082,"Dakota State University","Madison","SD","Plains","Public 4-year","Public","4-year","Town","1,000-4,999","Master's","No","No",-97.1134,44.013,4866,3848,40.4,82,2.9,4.3,1.9,2.4,75,50,19,359,49.3,354,47.7,35.3,363,16,44,19115,15948,16778,20432,21975,21121,62,334,149,11,"Group 2",2
219091,"Dakota Wesleyan University","Mitchell","SD","Plains","Private nonprofit 4-year","Private nonprofit","4-year","Town","Under 1,000","Baccalaureate","No","No",-98.0312,43.6974,994,806,55.5,82.5,1.4,5.8,0.7,2.4,69,90,12,168,46.4,167,39.5,34.7,164,26,94,21901,14366,14704,17457,20297,21215,9,142,68,,"Group 3",3
219198,"Mount Marty University","Yankton","SD","Plains","Private nonprofit 4-year","Private nonprofit","4-year","Town","1,000-4,999","Master's","No","No",-97.4099,42.8745,1717,1425,51.6,78,4.7,5,1.1,2.7,70,,12,109,60.6,109,59.6,50.5,152,19,57,23163,18894,20254,25226,25340,25145,6,129,29,31,"Group 3",3
219259,"Northern State University","Aberdeen","SD","Plains","Public 4-year","Public","4-year","Town","1,000-4,999","Master's","No","No",-98.4847,45.4508,5311,4365,61.2,83.2,2.4,3.7,1.9,3,75,50,17,312,52.2,269,54.6,31.6,280,12,36,16873,13560,14226,16444,19236,18673,29,276,113,,"Group 2",2
219347,"South Dakota School of Mines and Technology","Rapid City","SD","Plains","Public 4-year","Public","4-year","City","1,000-4,999","Master's","No","No",-103.2058,44.0754,2942,2526,26.6,81.4,1.5,5.6,1.6,2.6,84,40,12,459,58.2,457,57.5,26.9,523,16,65,20243,15481,17330,20041,21496,22179,2,377,131,16,"Group 1",1
219356,"South Dakota State University","Brookings","SD","Plains","Public 4-year","Public","4-year","Town","10,000-19,999","Doctoral","No","No",-96.7821,44.3175,13616,11843,56.7,85.4,1.7,3,1.3,2.7,83,53,17,2200,59.6,2163,58.9,42.3,2124,16,64,18233,12517,14297,17811,19424,20048,123,1794,334,116,"Group 2",2
219383,"University of Sioux Falls","Sioux Falls","SD","Plains","Private nonprofit 4-year","Private nonprofit","4-year","City","1,000-4,999","Master's","No","No",-96.7382,43.5316,1835,1483,61.4,79.1,5.5,4,1.2,0.7,75,83,17,276,60.5,268,60.1,51.1,302,29,91,21049,17733,16406,18201,21244,23609,9,306,109,,"Group 2",2
219471,"University of South Dakota","Vermillion","SD","Plains","Public 4-year","Public","4-year","Town","5,000-9,999","Doctoral","No","No",-96.9253,42.786,12453,8847,63.8,80.9,3.3,4.6,1.3,2,80,51,14,1203,61.4,1185,61.1,48.2,1262,18,52,18466,13687,16400,18608,21259,21432,24,1149,530,258,"Group 2",2
219602,"Austin Peay State University","Clarksville","TN","Southeast","Public 4-year","Public","4-year","City","5,000-9,999","Master's","No","No",-87.3541,36.5333,11318,9723,58.4,54,19.2,11.2,2.6,0.9,67,21,15,1755,44.5,1047,42.5,26.9,1322,46,89,14679,12559,12983,16365,19443,19140,1120,1402,518,10,"Group 4",4
219709,"Belmont University","Nashville","TN","Southeast","Private nonprofit 4-year","Private nonprofit","4-year","City","5,000-9,999","Doctoral","No","No",-86.7948,36.1356,9526,7796,65.9,76.6,5.3,8.5,2.8,1,84,0,12,1604,71.7,1594,71.5,61.2,1910,19,83,37558,19516,23270,27345,33191,42908,,1522,312,268,"Group 1",1
219790,"Bryan College-Dayton","Dayton","TN","Southeast","Private nonprofit 4-year","Private nonprofit","4-year","Town","1,000-4,999","Master's","No","No",-84.9996,35.4972,2596,2333,53,81.9,3.6,3.7,1.5,1.9,65,,13,177,55.9,163,54,47.2,218,22,52,17105,12480,13126,15443,18709,20893,4,141,45,,"Group 3",3
219806,"Carson-Newman University","Jefferson City","TN","Southeast","Private nonprofit 4-year","Private nonprofit","4-year","Suburb","1,000-4,999","Doctoral","No","No",-83.4917,36.1229,3162,1684,55.7,74.2,8.6,5.8,1,4.8,74,0,12,394,46.4,335,46.6,42.1,299,39,98,19755,15134,15829,17326,24387,25010,36,372,313,58,"Group 3",3
219833,"Christian Brothers University","Memphis","TN","Southeast","Private nonprofit 4-year","Private nonprofit","4-year","City","1,000-4,999","Master's","No","No",-89.9832,35.1274,2493,1420,55.6,27.3,23.2,13,2.6,4.8,73,,9,384,56,384,56,40.6,175,31,96,17068,8886,13157,12547,11622,9103,2,291,377,,"Group 3",3
219949,"Cumberland University","Lebanon","TN","Southeast","Private nonprofit 4-year","Private nonprofit","4-year","Town","1,000-4,999","Master's","No","No",-86.2988,36.2045,2894,2516,57.8,56.7,10.2,7,1.5,4.3,62,29,18,562,47,209,41.6,29.7,623,33,100,17669,16827,18220,17891,19155,23937,266,313,144,,"Group 3",3
219976,"Lipscomb University","Nashville","TN","Southeast","Private nonprofit 4-year","Private nonprofit","4-year","City","5,000-9,999","Doctoral","No","No",-86.7998,36.1063,5690,3508,61.5,70.4,7.4,9.6,3.3,2.9,86,67,13,639,68.7,639,68.7,60.7,696,21,96,27386,21886,18642,23820,26322,30873,,659,653,143,"Group 1",1
220075,"East Tennessee State University","Johnson City","TN","Southeast","Public 4-year","Public","4-year","City","10,000-19,999","Doctoral","No","No",-82.367,36.3016,15271,11917,61.5,73.5,6.6,3.9,2.2,1.6,74,59,18,2033,49.9,2033,49.9,34.4,2007,35,84,16033,13158,13625,16944,19753,20907,,2431,642,289,"Group 2",2
220181,"Fisk University","Nashville","TN","Southeast","Private nonprofit 4-year","Private nonprofit","4-year","City","1,000-4,999","Baccalaureate","Yes","No",-86.8048,36.1671,1096,1045,68,0.3,72.8,1.8,0.2,15.9,73,60,11,154,43.5,154,43.5,39,299,48,96,19836,21410,24865,27075,35437,30281,,129,2,,"Group 3",3
220215,"Freed-Hardeman University","Henderson","TN","Southeast","Private nonprofit 4-year","Private nonprofit","4-year","Town","1,000-4,999","Master's","No","No",-88.638,35.4406,2484,1952,56.8,86.2,3.5,0.2,1.2,1.9,81,,13,313,68.4,313,68.4,59.1,331,22,93,18267,15478,16267,19533,22611,23201,20,282,85,24,"Group 2",2
220473,"Johnson University","Knoxville","TN","Southeast","Private nonprofit 4-year","Private nonprofit","4-year","Rural","Under 1,000","Master's","No","No",-83.7503,35.9372,1142,776,52.8,80.4,4.3,3.7,0.5,3.4,74,50,11,148,62.2,142,62.7,56.3,155,38,86,20713,14271,17570,18930,22121,23774,18,133,97,6,"Group 3",3
220516,"King University","Bristol","TN","Southeast","Private nonprofit 4-year","Private nonprofit","4-year","City","1,000-4,999","Master's","No","No",-82.1594,36.5853,1816,1421,63.4,79,6,3.9,1.3,4.1,60,20,12,196,46.4,190,47.4,41.6,147,42,80,23282,22300,19281,21500,28318,26331,4,364,176,2,"Group 3",3
220598,"Lane College","Jackson","TN","Southeast","Private nonprofit 4-year","Private nonprofit","4-year","City","Under 1,000","Baccalaureate","Yes","No",-88.8065,35.6274,1195,1195,41.8,1.5,71.9,1.9,0,0.3,45,33,17,417,17,417,17,12,313,79,91,13384,14494,,,,,3,143,,,"Group 4",4
220604,"Le Moyne-Owen College","Memphis","TN","Southeast","Private nonprofit 4-year","Private nonprofit","4-year","City","Under 1,000","Baccalaureate","Yes","No",-90.0341,35.1186,748,748,64.2,0.7,94.9,1.7,0,2.5,60,43,9,166,24.7,148,25,8.1,114,71,87,8362,8457,9131,9198,9342,,4,114,,,"Group 4",4
220613,"Lee University","Cleveland","TN","Southeast","Private nonprofit 4-year","Private nonprofit","4-year","City","1,000-4,999","Master's","No","No",-84.8714,35.166,4569,3994,60.5,74.4,4.8,1.5,1.5,2.2,81,0,12,895,60.7,895,60.7,48.6,516,27,76,20222,13887,13815,16890,23697,26299,23,793,179,12,"Group 3",3
220631,"Lincoln Memorial University","Harrogate","TN","Southeast","Private nonprofit 4-year","Private nonprofit","4-year","Town","5,000-9,999","Doctoral","No","No",-83.6602,36.5785,6018,1729,70.1,74.8,6,5.3,2.8,5.8,69,60,9,306,53.9,268,50,38.8,312,36,91,19401,14423,12970,19591,22243,25680,110,281,383,559,"Group 3",3
220701,"The University of Tennessee Southern","Pulaski","TN","Southeast","Public 4-year","Public","4-year","Town","Under 1,000","Baccalaureate","No","No",-87.0357,35.201,1040,996,59.9,74.7,6.3,4.5,1,6.5,64,100,13,244,35.7,244,33.6,26.6,207,33,99,15642,10377,13291,15701,18790,18352,9,117,21,,"Group 3",3
220710,"Maryville College","Maryville","TN","Southeast","Private nonprofit 4-year","Private nonprofit","4-year","Suburb","1,000-4,999","Baccalaureate","No","No",-83.9642,35.7515,1167,1159,54.1,67.2,8.7,5,1.1,5.6,69,0,12,301,47.2,301,47.2,38.5,279,35,99,20990,15787,17122,19434,23500,26602,,175,3,,"Group 3",3
220862,"University of Memphis","Memphis","TN","Southeast","Public 4-year","Public","4-year","City","20,000 and above","Doctoral","No","No",-89.9381,35.1189,25421,19184,60.8,41.3,37.7,9,5,1.3,71,55,17,2606,49.4,2606,49.4,30.9,2322,40,83,13656,10985,12003,15357,18600,19252,,2923,1380,256,"Group 4",4
220978,"Middle Tennessee State University","Murfreesboro","TN","Southeast","Public 4-year","Public","4-year","City","20,000 and above","Doctoral","No","No",-86.3606,35.848,23369,19866,53.4,64.3,14.3,8.4,4.4,3.1,78,66,17,2976,54,2976,54,37.9,2761,31,77,12700,8371,9462,12840,17052,17620,,3825,926,49,"Group 2",2
221351,"Rhodes College","Memphis","TN","Southeast","Private nonprofit 4-year","Private nonprofit","4-year","City","1,000-4,999","Baccalaureate","No","No",-89.9908,35.1544,2131,2111,59.1,61.3,9.2,6.4,7.3,6.4,91,,11,512,81.6,512,81.6,76.6,478,15,97,30590,12814,13319,16317,23056,33764,,469,12,,"Group 1",1
221519,"The University of the South","Sewanee","TN","Southeast","Private nonprofit 4-year","Private nonprofit","4-year","Rural","1,000-4,999","Baccalaureate","No","No",-85.9202,35.2047,1892,1730,53.8,80.6,3.9,6.3,1.2,4.6,88,,9,448,82.4,448,82.4,74.1,416,15,95,33616,10970,14429,18421,26923,37122,,376,41,1,"Group 1",1
221661,"Southern Adventist University","Collegedale","TN","Southeast","Private nonprofit 4-year","Private nonprofit","4-year","Suburb","1,000-4,999","Master's","No","No",-85.0521,35.0483,4126,3702,54.6,39.9,6.6,27,12.3,6.4,82,71,16,560,51.4,436,61.9,38.1,619,31,90,25374,19100,20914,23907,27508,29508,141,348,89,7,"Group 2",2
221731,"Tennessee Wesleyan University","Athens","TN","Southeast","Private nonprofit 4-year","Private nonprofit","4-year","Town","1,000-4,999","Baccalaureate","No","No",-84.5927,35.4463,1200,1021,61.7,73.3,6.6,5.7,1.1,6.9,64,,12,204,43.6,204,43.6,34.8,197,38,94,16414,11734,11881,14610,17049,17797,,272,57,,"Group 3",3
221740,"The University of Tennessee-Chattanooga","Chattanooga","TN","Southeast","Public 4-year","Public","4-year","City","10,000-19,999","Doctoral","No","No",-85.3002,35.0475,12225,10550,57.5,73.2,9.8,6,2.8,0.7,74,35,17,2134,53.1,2134,53.1,35,2229,32,81,13801,8492,9682,12478,17332,16862,,2116,397,81,"Group 2",2
221759,"The University of Tennessee-Knoxville","Knoxville","TN","Southeast","Public 4-year","Public","4-year","City","20,000 and above","Doctoral","No","No",-83.9259,35.9521,36950,28925,54.1,78.6,4.7,6,3.7,0.9,91,94,18,4883,73.5,4883,73.5,55.6,6828,21,75,20885,9397,12714,18820,23297,25438,,5522,1852,633,"Group 2",2
221768,"The University of Tennessee-Martin","Martin","TN","Southeast","Public 4-year","Public","4-year","Town","5,000-9,999","Master's","No","No",-88.8642,36.3403,8124,7069,62.4,77.6,12.6,4.4,1.3,0.5,73,33,15,1045,54.8,1045,54.8,39.4,1101,34,90,11151,6949,8583,12457,14476,15325,,1006,275,,"Group 3",3
221838,"Tennessee State University","Nashville","TN","Southeast","Public 4-year","Public","4-year","City","5,000-9,999","Doctoral","Yes","No",-86.8283,36.1663,9997,8092,65.4,5.7,84.3,2.6,0.8,3.2,60,25,13,1529,33,1399,33.5,21.2,3548,52,88,9231,9239,9436,11079,16738,16378,20,751,374,79,"Group 4",4
221847,"Tennessee Technological University","Cookeville","TN","Southeast","Public 4-year","Public","4-year","Town","10,000-19,999","Doctoral","No","No",-85.504,36.1748,10903,9344,45.9,80.5,4.5,5,2.5,2,77,100,16,1750,54.2,1750,54.2,35.4,2047,31,81,15138,9641,11325,14405,17795,18329,,1771,545,40,"Group 2",2
221892,"Trevecca Nazarene University","Nashville","TN","Southeast","Private nonprofit 4-year","Private nonprofit","4-year","City","1,000-4,999","Doctoral","No","No",-86.7542,36.1413,4216,2080,61.6,56.1,11.8,12.3,2,9.8,75,62,22,405,54.8,380,54.2,46.3,365,30,89,16222,11013,11298,12303,17725,19093,25,380,427,153,"Group 2",2
221953,"Tusculum University","Greeneville","TN","Southeast","Private nonprofit 4-year","Private nonprofit","4-year","Town","1,000-4,999","Master's","No","No",-82.7608,36.1724,1379,1186,51,39.1,5.6,3,0.3,6.8,58,55,18,334,30.5,334,30.5,20.7,118,45,93,22961,18818,18160,21842,27678,26388,38,232,124,,"Group 4",4
221971,"Union University","Jackson","TN","Southeast","Private nonprofit 4-year","Private nonprofit","4-year","City","1,000-4,999","Doctoral","No","No",-88.8585,35.6769,3183,2133,63.7,63.9,15,1.1,2,1.7,87,57,8,337,70.9,336,70.8,65.2,327,25,83,27191,24793,21812,25531,27440,29835,22,404,259,90,"Group 1",1
221999,"Vanderbilt University","Nashville","TN","Southeast","Private nonprofit 4-year","Private nonprofit","4-year","City","10,000-19,999","Doctoral","No","No",-86.8034,36.1466,14693,7284,51.6,40.4,10.6,11,17.5,10.2,96,100,7,1600,92.7,1600,92.7,87.2,1617,19,66,26689,5797,4729,6211,14780,42754,,1820,1792,886,"Group 1",1
222178,"Abilene Christian University","Abilene","TX","Southwest","Private nonprofit 4-year","Private nonprofit","4-year","City","5,000-9,999","Doctoral","No","No",-99.7098,32.4689,5764,3381,61.3,63.3,7.2,17.6,2,3.9,80,,13,940,60.2,940,60.2,46,894,22,97,28311,22928,24199,24921,27540,32121,6,604,393,90,"Group 1",1
222831,"Angelo State University","San Angelo","TX","Southwest","Public 4-year","Public","4-year","City","10,000-19,999","Master's","No","No",-100.4651,31.4409,12151,10030,57.9,49.9,4.6,37.4,1.5,2.6,72,38,18,1559,40.7,1559,40.7,29.2,1215,27,52,12518,9347,10377,13147,18224,20902,,1124,659,27,"Group 2",2
222983,"Austin College","Sherman","TX","Southwest","Private nonprofit 4-year","Private nonprofit","4-year","City","1,000-4,999","Baccalaureate","No","No",-96.5963,33.6463,1208,1192,50.3,48.6,7.2,26.2,12,1.1,80,,11,331,69.5,331,69.5,64.7,330,30,100,24777,19701,18021,22351,28185,27503,,285,15,,"Group 1",1
223232,"Baylor University","Waco","TX","Southwest","Private nonprofit 4-year","Private nonprofit","4-year","City","20,000 and above","Doctoral","No","No",-97.121,31.5469,23152,16109,59.7,60.4,5,16.2,8.7,3.7,91,80,15,3316,80.2,3316,80.2,69.7,3286,13,90,49727,30674,30348,32236,37708,47442,,3409,1313,715,"Group 1",1
224004,"Concordia University Texas","Austin","TX","Southwest","Private nonprofit 4-year","Private nonprofit","4-year","City","1,000-4,999","Master's","No","No",-97.8357,30.4202,2298,1889,70,36.6,14.3,34.3,6.7,0,63,0,16,274,40.5,274,40.5,27.4,183,40,77,23621,16380,18269,20148,26629,31244,,499,164,11,"Group 3",3
224147,"Texas A & M University-Corpus Christi","Corpus Christi","TX","Southwest","Public 4-year","Public","4-year","City","10,000-19,999","Doctoral","No","No",-97.324,27.7137,13671,8998,61,34.3,3.7,52.6,2.7,2,58,53,18,2223,33.7,2223,33.7,19.7,1901,40,61,14991,10936,11543,14374,19660,22683,,1691,1206,51,"Group 4",4
224226,"Dallas Baptist University","Dallas","TX","Southwest","Private nonprofit 4-year","Private nonprofit","4-year","City","1,000-4,999","Doctoral","No","No",-96.947,32.71,5034,3356,57.9,54.7,10.5,15.3,2.5,5.4,64,13,16,538,60.4,507,59.6,45.8,748,24,87,30275,28693,25864,27340,30289,33949,4,543,384,46,"Group 3",3
224323,"University of Dallas","Irving","TX","Southwest","Private nonprofit 4-year","Private nonprofit","4-year","City","1,000-4,999","Master's","No","No",-96.9195,32.8462,2674,1550,56,57.9,2.4,26.3,6.6,2.1,81,100,11,419,68,419,68,62.3,403,26,99,31221,14372,14535,18311,22936,34646,,298,291,14,"Group 1",1
224527,"East Texas Baptist University","Marshall","TX","Southwest","Private nonprofit 4-year","Private nonprofit","4-year","Town","1,000-4,999","Master's","No","No",-94.3745,32.5578,1932,1698,53.8,61.8,17.5,12.7,1.4,1.1,69,0,15,419,48,419,48,42,389,31,80,24388,20306,21898,22088,24843,27661,,263,66,,"Group 3",3
224545,"Texas A&M University-Texarkana","Texarkana","TX","Southwest","Public 4-year","Public","4-year","City","1,000-4,999","Master's","No","No",-94.1036,33.4905,2546,2090,62.2,50.5,18.4,17.6,1.3,5.4,60,50,13,234,31.2,234,28.2,16.7,288,51,85,13320,9919,10334,11213,15899,19831,,367,98,6,"Group 4",4
224554,"Texas A & M University-Commerce","Commerce","TX","Southwest","Public 4-year","Public","4-year","Town","10,000-19,999","Doctoral","No","No",-95.9046,33.2421,14047,9034,59.8,42.3,18.4,24.4,2.4,1.7,63,35,19,860,45.9,860,45.9,32.2,823,40,70,11902,8709,8290,11193,17954,20442,,1809,1472,59,"Group 4",4
225201,"Hallmark University","San Antonio","TX","Southwest","Private nonprofit 4-year","Private nonprofit","4-year","City","Under 1,000","Baccalaureate","No","No",-98.6858,29.4669,1212,1072,36.1,24.9,10.4,49.6,3,0,68,,13,353,68.3,101,58.4,58.4,201,50,58,10153,9387,9799,11096,15398,14922,128,153,64,,"Group 3",3
225247,"Hardin-Simmons University","Abilene","TX","Southwest","Private nonprofit 4-year","Private nonprofit","4-year","City","1,000-4,999","Doctoral","No","No",-99.7356,32.4764,1906,1440,52,53.1,11.2,27,1.2,3,65,100,15,454,49.6,454,49.6,38.8,349,38,97,21321,14534,15981,18485,20982,26442,,280,130,47,"Group 3",3
225399,"Houston Christian University","Houston","TX","Southwest","Private nonprofit 4-year","Private nonprofit","4-year","City","1,000-4,999","Master's","No","No",-95.516,29.6938,5455,3499,63.2,19.5,24.9,35.1,6.2,3.8,69,35,18,510,49.8,510,49.8,37.1,684,54,93,20530,17782,17020,20618,23711,27103,,518,406,19,"Group 4",4
225414,"University of Houston-Clear Lake","Houston","TX","Southwest","Public 4-year","Public","4-year","City","5,000-9,999","Doctoral","No","No",-95.0981,29.5825,10463,7592,63.3,31.2,6.7,47.7,7.3,2.7,75,56,19,234,50.9,234,50.9,26.1,291,44,58,10488,7818,6760,9994,19555,22367,,1549,891,35,"Group 4",4
225432,"University of Houston-Downtown","Houston","TX","Southwest","Public 4-year","Public","4-year","City","10,000-19,999","Master's","No","No",-95.3593,29.7661,17295,15483,62.9,12,18,55.8,8.7,2.2,67,47,18,853,33.8,853,33.8,14.5,1210,52,77,14269,13486,13911,16332,19673,22498,,2820,581,,"Group 4",4
225502,"University of Houston-Victoria","Victoria","TX","Southwest","Public 4-year","Public","4-year","City","1,000-4,999","Master's","No","No",-96.9763,28.8162,5137,3597,64,28.2,13.8,44.2,6.6,3,61,48,14,279,26.5,279,26.5,12.2,173,44,68,9912,6329,6764,6767,15553,20307,,742,503,,"Group 4",4
225511,"University of Houston","Houston","TX","Southwest","Public 4-year","Public","4-year","City","20,000 and above","Doctoral","No","No",-95.3435,29.7204,52007,42050,51.9,18.8,11.3,37.1,23.5,4.6,86,73,21,4741,64.9,4741,64.9,44.5,5102,41,62,13738,10327,10690,12613,19459,22969,,7966,2276,860,"Group 2",2
225548,"Howard Payne University","Brownwood","TX","Southwest","Private nonprofit 4-year","Private nonprofit","4-year","Town","Under 1,000","Baccalaureate","No","No",-98.9852,31.7165,942,860,45.1,51.3,10.3,26.5,0.9,0.1,55,50,10,241,31.1,241,31.1,24.9,208,42,91,25768,20589,22305,26844,29620,29652,1,117,33,,"Group 3",3
225575,"Huston-Tillotson University","Austin","TX","Southwest","Private nonprofit 4-year","Private nonprofit","4-year","City","1,000-4,999","Baccalaureate","Yes","No",-97.7217,30.2647,1614,1578,60.6,10.3,63.1,15.6,0.5,3.2,51,0,16,183,36.1,183,33.3,29.5,188,62,88,19638,19481,19707,21716,22434,22836,39,145,10,,"Group 4",4
225627,"University of the Incarnate Word","San Antonio","TX","Southwest","Private nonprofit 4-year","Private nonprofit","4-year","City","5,000-9,999","Doctoral","No","No",-98.4658,29.4671,8870,5741,63.8,15.4,7.2,57.9,2.3,4.9,72,14,12,789,51.8,712,52.5,36.1,956,43,84,21246,17434,18203,20732,23772,28584,10,1046,591,409,"Group 3",3
225885,"Jarvis Christian University","Hawkins","TX","Southwest","Private nonprofit 4-year","Private nonprofit","4-year","Rural","Under 1,000","Baccalaureate","Yes","No",-95.1815,32.5879,892,892,54.7,1.8,73.7,17.2,0.1,2.1,49,,10,252,15.1,252,15.1,11.9,151,52,69,10674,8342,10067,11035,15463,16092,,132,,,"Group 4",4
226091,"Lamar University","Beaumont","TX","Southwest","Public 4-year","Public","4-year","City","10,000-19,999","Doctoral","No","No",-94.0722,30.0427,21648,9546,59.8,39.3,27.4,23.4,4.9,1.5,61,37,18,1447,37.2,1447,37.2,18.4,1369,44,72,10999,9565,10103,12281,16562,18473,,1553,3316,74,"Group 4",4
226152,"Texas A & M International University","Laredo","TX","Southwest","Public 4-year","Public","4-year","City","5,000-9,999","Master's","No","No",-99.436,27.5712,9968,7844,61.5,2.1,0.4,92,0.3,4.6,74,55,21,1116,48.9,1116,48.9,27.9,1277,63,83,3833,2677,2734,2791,5119,8972,,1288,649,3,"Group 4",4
226231,"LeTourneau University","Longview","TX","Southwest","Private nonprofit 4-year","Private nonprofit","4-year","City","1,000-4,999","Master's","No","No",-94.7264,32.4663,4137,3881,47.1,33.9,3.3,9.3,1.1,3.8,81,50,11,288,61.1,288,60.8,51.7,299,13,43,27007,19589,21319,24073,26469,29482,16,381,74,,"Group 1",1
226383,"Lubbock Christian University","Lubbock","TX","Southwest","Private nonprofit 4-year","Private nonprofit","4-year","City","1,000-4,999","Master's","No","No",-101.9344,33.576,1770,1432,62.4,63.5,5,23.3,1.5,1.3,74,67,12,310,48.7,310,48.7,30.3,276,33,87,25351,23241,22721,26392,26478,26977,,261,77,,"Group 3",3
226471,"University of Mary Hardin-Baylor","Belton","TX","Southwest","Private nonprofit 4-year","Private nonprofit","4-year","Suburb","1,000-4,999","Doctoral","No","No",-97.4635,31.0668,3854,3214,64.1,52.7,13.7,25.6,1.7,0.8,68,,17,751,53.4,751,53.4,38.3,744,37,94,29904,25906,25332,25729,28686,33693,,628,203,41,"Group 3",3
226587,"McMurry University","Abilene","TX","Southwest","Private nonprofit 4-year","Private nonprofit","4-year","City","1,000-4,999","Baccalaureate","No","No",-99.7487,32.4298,1585,1575,48.8,39.1,13.4,37.3,3.8,2,65,50,13,246,38.6,246,38.6,27.2,274,45,84,20817,14614,15608,18512,23689,28964,,202,5,,"Group 3",3
226833,"Midwestern State University","Wichita Falls","TX","Southwest","Public 4-year","Public","4-year","City","5,000-9,999","Master's","No","No",-98.5194,33.8748,6843,5604,62.8,46.1,15.2,23.8,4.6,4,63,57,16,814,41.3,814,41.3,22.6,773,40,82,11798,9575,9990,11235,17458,18593,,1161,235,,"Group 4",4
227216,"University of North Texas","Denton","TX","Southwest","Public 4-year","Public","4-year","City","20,000 and above","Doctoral","No","No",-97.1484,33.2112,52260,37529,53.9,38.1,15.4,28.6,8,3.7,77,55,23,4699,59.6,4699,59.6,43,6224,36,64,14675,10816,11452,13489,18573,21829,,7680,4238,310,"Group 2",2
227331,"Our Lady of the Lake University","San Antonio","TX","Southwest","Private nonprofit 4-year","Private nonprofit","4-year","City","1,000-4,999","Doctoral","No","No",-98.5436,29.4262,2743,1299,66.7,8.7,7.2,74.1,0.6,2.2,58,38,11,337,42.4,337,42.4,32.9,288,57,94,17961,17664,24620,16021,14902,19614,,271,357,47,"Group 4",4
227368,"The University of Texas Rio Grande Valley","Edinburg","TX","Southwest","Public 4-year","Public","4-year","City","20,000 and above","Doctoral","No","No",-98.1736,26.3068,47231,39953,59.4,2.1,0.5,93.5,1,1.7,79,63,19,4189,49.3,4189,49.3,29.4,4596,64,82,6978,5006,5775,7695,13104,16528,,4810,1990,90,"Group 4",4
227429,"Paul Quinn College","Dallas","TX","Southwest","Private nonprofit 4-year","Private nonprofit","4-year","City","Under 1,000","Baccalaureate","Yes","No",-96.7558,32.6788,1238,1237,67.9,22.6,48.7,7.7,1.1,0.3,56,,20,147,38.1,147,38.1,32.7,56,70,84,18118,18812,19446,19547,22322,24500,,62,,,"Group 4",4
227526,"Prairie View A & M University","Prairie View","TX","Southwest","Public 4-year","Public","4-year","Rural","5,000-9,999","Doctoral","Yes","No",-95.9895,30.0924,10095,8831,67.5,1.2,85,8.3,0.9,1.1,74,36,16,2087,43.2,2087,43.2,19.3,1554,62,92,14065,9605,10487,17552,20779,23032,,1421,295,26,"Group 4",4
227757,"Rice University","Houston","TX","Southwest","Private nonprofit 4-year","Private nonprofit","4-year","City","5,000-9,999","Doctoral","No","No",-95.402,29.7179,9185,4712,48.6,28.2,8.3,15.6,28.6,12.8,98,,6,1043,95.7,1043,95.7,89.4,1201,16,63,20587,3221,3666,1348,18783,39303,,1003,1417,257,"Group 1",1
227845,"Saint Edward's University","Austin","TX","Southwest","Private nonprofit 4-year","Private nonprofit","4-year","City","1,000-4,999","Master's","No","No",-97.755,30.2296,3757,2920,61.6,32.2,3.6,51.1,2.7,6.5,78,,13,790,64.2,790,64.2,54.4,640,39,94,28351,18740,20775,22064,26084,35487,,648,249,12,"Group 3",3
227863,"University of St Thomas","Houston","TX","Southwest","Private nonprofit 4-year","Private nonprofit","4-year","City","1,000-4,999","Doctoral","No","No",-95.3931,29.7364,4228,3073,56.4,21.5,8.3,47.6,10.8,4.4,73,44,15,290,68.6,290,68.6,48.3,502,38,73,20469,17830,17460,16635,19337,26466,44,603,388,36,"Group 3",3
227881,"Sam Houston State University","Huntsville","TX","Southwest","Public 4-year","Public","4-year","Town","20,000 and above","Doctoral","No","No",-95.5462,30.7147,23907,20021,63.1,47.2,16.6,26.7,2.2,0.9,75,65,20,2780,55.1,2780,55.1,35.2,3221,40,69,14556,11736,12541,15419,21551,23198,,4150,1010,64,"Group 2",2
228042,"Schreiner University","Kerrville","TX","Southwest","Private nonprofit 4-year","Private nonprofit","4-year","Town","1,000-4,999","Master's","No","No",-99.1306,30.0315,1386,1182,57.6,49.2,5.2,39.2,0.9,1.2,72,100,15,341,43.7,341,43.1,37.8,372,44,94,21786,16646,16584,21461,25656,27675,3,193,56,,"Group 3",3
228149,"St. Mary's University","San Antonio","TX","Southwest","Private nonprofit 4-year","Private nonprofit","4-year","City","1,000-4,999","Master's","No","No",-98.5628,29.4532,3804,2340,58.6,22.8,2.7,52.1,2.7,6.2,67,,10,643,58.8,643,58.8,5.9,529,42,96,20562,19965,19516,19998,23906,23038,,421,186,213,"Group 3",3
228246,"Southern Methodist University","Dallas","TX","Southwest","Private nonprofit 4-year","Private nonprofit","4-year","Suburb","10,000-19,999","Doctoral","No","No",-96.7834,32.8436,13332,7529,50.5,59.9,5.2,14.9,8.4,4.2,90,33,11,1421,83.3,1421,83.3,76.4,1636,12,70,45792,30165,16581,24746,37145,57595,,1680,1870,360,"Group 1",1
228325,"Southwestern Assemblies of God University","Waxahachie","TX","Southwest","Private nonprofit 4-year","Private nonprofit","4-year","Suburb","1,000-4,999","Master's","No","No",-96.8535,32.4044,2108,1709,51,51.8,13.7,24.9,1.1,0.8,81,0,15,318,35.5,188,42,30.3,298,49,88,19834,16990,17898,19915,21796,22351,202,261,73,1,"Group 3",3
228343,"Southwestern University","Georgetown","TX","Southwest","Private nonprofit 4-year","Private nonprofit","4-year","City","1,000-4,999","Baccalaureate","No","No",-97.6657,30.6343,1524,1524,53.9,55.8,5.4,27,4,2,83,,11,362,69.3,362,69.3,61,436,23,97,30687,18791,21567,24800,27434,33832,,394,,,"Group 1",1
228431,"Stephen F Austin State University","Nacogdoches","TX","Southwest","Public 4-year","Public","4-year","Town","10,000-19,999","Master's","No","No",-94.6491,31.6211,12740,10933,62.9,58.1,12.2,21.1,1.2,0.7,71,48,15,2317,51.7,2317,51.7,38.4,1839,37,63,15498,11426,11174,14068,18985,21940,,2107,562,6,"Group 3",3
228459,"Texas State University","San Marcos","TX","Southwest","Public 4-year","Public","4-year","City","20,000 and above","Doctoral","No","No",-97.943,29.8889,41676,36613,59.6,40.2,9.4,41.8,2.7,0.6,78,46,21,5724,56.2,5724,56.2,36.7,7307,36,58,15307,12144,12576,16117,21528,23150,,6991,1458,96,"Group 2",2
228468,"Southwestern Adventist University","Keene","TX","Southwest","Private nonprofit 4-year","Private nonprofit","4-year","Town","Under 1,000","Baccalaureate","No","No",-97.327,32.3976,912,890,59.3,25.1,11.3,46.6,6.5,3.4,70,50,12,129,41.1,129,38.8,26.4,124,39,76,20198,17482,18600,21435,22112,24537,1,142,3,,"Group 3",3
228501,"Sul Ross State University","Alpine","TX","Southwest","Public 4-year","Public","4-year","Town","1,000-4,999","Master's","No","No",-103.6515,30.3631,2441,1826,59,20.6,6.2,69.5,0.3,0.1,58,22,11,328,27.4,328,27.4,17.1,240,52,69,12240,6209,9462,10614,18084,20654,,362,162,,"Group 4",4
228529,"Tarleton State University","Stephenville","TX","Southwest","Public 4-year","Public","4-year","Town","10,000-19,999","Doctoral","No","No",-98.219,32.2178,17448,14650,62.6,62.6,6.8,23.4,1.1,0.7,74,73,18,1743,51.2,1743,51.2,34.6,2247,37,74,15363,15477,16966,20599,22714,22981,25,2767,803,38,"Group 2",2
228705,"Texas A & M University-Kingsville","Kingsville","TX","Southwest","Public 4-year","Public","4-year","Town","5,000-9,999","Doctoral","No","No",-97.8824,27.5252,7003,5385,51.4,14.8,4.3,75.3,0.9,3.1,67,33,16,1077,45.6,1077,45.6,25.7,1066,55,76,10474,8028,8470,11410,15502,17903,,887,523,21,"Group 4",4
228723,"Texas A & M University-College Station","College Station","TX","Southwest","Public 4-year","Public","4-year","City","20,000 and above","Doctoral","No","No",-96.3365,30.6187,78501,60118,46.7,55.4,2.4,25.4,11.1,1.4,94,93,19,10096,83.8,10096,83.8,60.8,11382,19,57,21610,12273,12597,18685,26336,29548,,13240,4242,1481,"Group 2",2
228769,"The University of Texas at Arlington","Arlington","TX","Southwest","Public 4-year","Public","4-year","City","20,000 and above","Doctoral","No","No",-97.113,32.7297,54487,37854,62.3,25.8,15.8,36.8,13.4,3.2,73,21,23,3153,56.5,3153,56.5,35.4,4310,40,64,14956,13535,13225,14602,20025,22617,,6954,5085,275,"Group 2",2
228778,"The University of Texas at Austin","Austin","TX","Southwest","Public 4-year","Public","4-year","City","20,000 and above","Doctoral","No","No",-97.7383,30.2828,55710,43718,57,33.4,4.5,27.9,23.9,5,96,86,18,8238,87.6,8238,87.6,72.8,8979,25,51,18036,12972,15543,18618,25697,28972,,9532,3366,1291,"Group 2",2
228787,"The University of Texas at Dallas","Richardson","TX","Southwest","Public 4-year","Public","4-year","City","20,000 and above","Doctoral","No","No",-96.7497,32.9847,34317,22941,43.5,24.4,5.7,18.2,40.5,4.2,88,76,27,3085,70.8,3085,70.8,55.6,3933,30,65,13464,11089,11910,14813,21886,25491,,5146,3648,260,"Group 2",2
228796,"The University of Texas at El Paso","El Paso","TX","Southwest","Public 4-year","Public","4-year","City","20,000 and above","Doctoral","No","No",-106.5041,31.7702,28323,23509,55.3,4.3,2,87.2,0.7,3.7,77,64,20,3084,45.9,3084,45.9,21,2971,61,72,10333,9413,9876,11289,16289,18978,,3840,1253,236,"Group 4",4
228802,"The University of Texas at Tyler","Tyler","TX","Southwest","Public 4-year","Public","4-year","City","5,000-9,999","Doctoral","No","No",-95.2543,32.3158,11335,8231,62.1,51.2,11,25.7,4.7,1.8,73,25,17,650,46.8,650,46.8,36.3,975,38,65,14043,11040,10398,13583,19056,21450,,1823,866,68,"Group 3",3
228875,"Texas Christian University","Fort Worth","TX","Southwest","Private nonprofit 4-year","Private nonprofit","4-year","City","10,000-19,999","Doctoral","No","No",-97.3648,32.7096,12870,10858,61.4,64.9,4.5,17.1,2.2,4.9,94,86,14,1966,85.6,1948,85.5,73.8,2484,13,81,39005,15531,12341,18714,32933,49598,,2362,492,200,"Group 1",1
228884,"Texas College","Tyler","TX","Southwest","Private nonprofit 4-year","Private nonprofit","4-year","City","Under 1,000","Baccalaureate","Yes","No",-95.3125,32.3746,872,872,37.2,0.7,90.4,7.3,0.2,1.4,60,,23,262,10.7,262,10.3,6.9,134,85,96,10901,10966,11282,8403,,,9,94,,,"Group 4",4
228981,"Texas Lutheran University","Seguin","TX","Southwest","Private nonprofit 4-year","Private nonprofit","4-year","Town","1,000-4,999","Baccalaureate","No","No",-97.9827,29.5733,1574,1474,53.2,40.7,10.7,41.1,1.6,0.3,67,,10,415,55.2,415,55.2,34.2,346,38,96,23600,20458,20270,22551,22601,26533,,357,41,,"Group 3",3
229018,"The University of Texas Permian Basin","Odessa","TX","Southwest","Public 4-year","Public","4-year","City","5,000-9,999","Master's","No","No",-102.3296,31.8895,7456,5695,61.7,29,7.3,51.7,2.2,5.1,61,38,20,449,43,449,43,28.1,634,36,63,10143,7684,7920,9055,11317,16113,,855,441,,"Group 4",4
229027,"The University of Texas at San Antonio","San Antonio","TX","Southwest","Public 4-year","Public","4-year","City","20,000 and above","Doctoral","No","No",-98.6207,29.5837,38728,33259,52.1,20,8.1,60.3,5.5,1.3,79,40,25,4944,51.2,4944,51.2,31.9,4617,42,70,10831,7802,7976,9699,15948,19758,,5866,1483,147,"Group 2",2
229063,"Texas Southern University","Houston","TX","Southwest","Public 4-year","Public","4-year","City","5,000-9,999","Doctoral","Yes","No",-95.3611,29.721,9571,7580,64.4,0.8,84.6,7.9,0.9,1.6,57,16,16,1755,19.9,1755,19.9,5.9,2139,71,88,15021,19738,19676,19237,,,,908,265,237,"Group 4",4
229115,"Texas Tech University","Lubbock","TX","Southwest","Public 4-year","Public","4-year","City","20,000 and above","Doctoral","No","No",-101.8748,33.5834,43357,34406,49.5,53.8,6.3,29.2,3.1,1.8,85,52,21,5782,67.5,5782,64.4,44.5,6691,26,67,16773,13922,15173,18376,23239,24903,,7111,2098,565,"Group 2",2
229160,"Texas Wesleyan University","Fort Worth","TX","Southwest","Private nonprofit 4-year","Private nonprofit","4-year","City","1,000-4,999","Doctoral","No","No",-97.2796,32.733,2979,2187,54.2,26.2,21.8,29.6,1.6,14.2,63,67,13,306,32.4,306,32.4,22.5,461,41,81,21169,17583,18037,19764,23783,26015,,311,143,147,"Group 3",3
229179,"Texas Woman's University","Denton","TX","Southwest","Public 4-year","Public","4-year","City","10,000-19,999","Doctoral","No","No",-97.1278,33.2262,19829,12081,87.4,32.6,17.3,33.7,9.2,1.6,74,50,17,1244,44.2,1244,44.2,27.5,1318,40,66,10763,8378,8345,11121,15974,17856,,2119,1637,342,"Group 4",4
229267,"Trinity University","San Antonio","TX","Southwest","Private nonprofit 4-year","Private nonprofit","4-year","City","1,000-4,999","Baccalaureate","No","No",-98.4819,29.4627,2762,2558,53.3,53.5,4.2,24,7.7,5.2,92,,9,642,81.9,642,81.9,73.4,655,16,97,32264,14184,12334,15774,24156,35186,,576,99,,"Group 1",1
229780,"Wayland Baptist University","Plainview","TX","Southwest","Private nonprofit 4-year","Private nonprofit","4-year","Town","1,000-4,999","Master's","No","No",-101.73,34.1877,3823,2883,52.4,28.6,14.7,32.2,1.8,2.1,48,54,10,271,19.2,271,19.2,9.2,245,40,61,20222,18610,18314,20654,22676,23518,96,504,242,8,"Group 3",3
229814,"West Texas A & M University","Canyon","TX","Southwest","Public 4-year","Public","4-year","Town","5,000-9,999","Master's","No","No",-101.9147,34.9828,10667,7772,58.8,52,4.4,33.7,1.8,1.2,67,46,18,1228,47.3,1228,47.3,13.9,1254,39,75,17182,17085,17997,20915,23058,23378,,1446,578,16,"Group 4",4
229887,"Wiley University","Marshall","TX","Southwest","Private nonprofit 4-year","Private nonprofit","4-year","Town","Under 1,000","Baccalaureate","Yes","No",-94.3768,32.5376,798,798,51,9.3,83.2,3.9,0.1,1.9,32,25,18,175,20,175,20,13.7,240,77,91,10290,8970,9926,12198,13826,17272,,94,,,"Group 4",4
230038,"Brigham Young University","Provo","UT","Rocky Mountains","Private nonprofit 4-year","Private nonprofit","4-year","City","20,000 and above","Doctoral","No","No",-111.6493,40.2509,41238,37940,52.5,72.6,0.4,7.3,1.6,12.3,89,78,21,4075,82.2,4075,82.2,28.1,5360,32,72,14643,9531,10224,12374,16389,20042,,6638,1119,218,"Group 2",2
230047,"Brigham Young University-Hawaii","Laie","HI","Far West","Private nonprofit 4-year","Private nonprofit","4-year","Town","1,000-4,999","Baccalaureate","No","No",-157.9266,21.6421,3338,3338,59.1,23.7,0.3,6.5,6.5,44.8,67,0,16,467,54.4,467,47.8,27.4,340,30,82,17887,13884,,,,,45,563,,,"Group 3",3
230171,"Utah Tech University","Saint George","UT","Rocky Mountains","Public 4-year","Public","4-year","City","10,000-19,999","Baccalaureate","No","No",-113.5659,37.1028,14509,14427,57.3,75.4,1.5,12.7,1.2,1.5,63,29,22,1967,34.2,1307,24.2,13.5,2155,22,52,15488,11977,12352,14697,18288,19640,968,1204,46,,"Group 4",4
230603,"Southern Utah University","Cedar City","UT","Rocky Mountains","Public 4-year","Public","4-year","Town","10,000-19,999","Master's","No","No",-113.0701,37.6746,21159,18712,62.4,68.9,1.6,7.2,1.7,4,74,38,22,1624,59,1482,50.5,33.1,2057,24,60,12375,7156,8339,11243,14197,15580,1705,1567,720,,"Group 2",2
230728,"Utah State University","Logan","UT","Rocky Mountains","Public 4-year","Public","4-year","City","20,000 and above","Doctoral","No","No",-111.8139,41.7407,33389,29775,55,81.4,0.7,6.8,0.9,0.7,74,44,19,3573,57.3,3026,55.4,30.4,4168,26,56,15825,9601,9966,11599,14825,17671,1101,4024,910,118,"Group 2",2
230737,"Utah Valley University","Orem","UT","Rocky Mountains","Public 4-year","Public","4-year","City","20,000 and above","Master's","No","No",-111.7165,40.2811,54501,53432,50.7,77.3,0.9,12.3,1.3,1.6,70,49,28,2585,40.7,1521,37,17.2,3358,23,59,8650,6381,7303,8871,11410,14064,2642,4073,422,,"Group 2",2
230764,"University of Utah","Salt Lake City","UT","Rocky Mountains","Public 4-year","Public","4-year","City","20,000 and above","Doctoral","No","No",-111.846,40.7625,40455,31253,49.8,60.9,1.4,13.9,7.4,5.8,85,62,18,3696,63.9,3696,63.9,34.3,5294,20,60,13341,10447,10667,12398,16886,17278,,5116,2407,863,"Group 2",2
230782,"Weber State University","Ogden","UT","Rocky Mountains","Public 4-year","Public","4-year","City","20,000 and above","Master's","No","No",-111.9448,41.1926,37309,36064,55.8,74,1.5,11.9,1.8,1.1,67,47,20,2201,43,1606,46,22.9,2285,16,36,11572,8396,8834,11076,13379,14750,3063,2501,418,34,"Group 2",2
230807,"Westminster University","Salt Lake City","UT","Rocky Mountains","Private nonprofit 4-year","Private nonprofit","4-year","City","1,000-4,999","Master's","No","No",-111.8558,40.7308,1499,1114,61,65.4,1.5,12.2,2.5,5,76,,8,359,69.4,359,69.4,58.5,191,25,97,28156,17947,19820,21345,26189,30467,,327,130,6,"Group 1",1
230816,"Bennington College","Bennington","VT","New England","Private nonprofit 4-year","Private nonprofit","4-year","Town","Under 1,000","Baccalaureate","No","No",-73.2378,42.9195,948,820,67.2,62.6,2.9,9.9,1.3,14.9,85,,9,219,66.7,219,66.7,51.1,215,21,91,35108,18950,18334,26325,30794,43365,9,151,60,,"Group 1",1
230852,"Champlain College","Burlington","VT","New England","Private nonprofit 4-year","Private nonprofit","4-year","City","1,000-4,999","Master's","No","No",-73.2027,44.4733,4781,3938,39.1,66.6,7.6,10.1,4.2,0.2,77,73,13,584,63,584,63,53.3,560,23,68,36846,26378,26755,33025,35867,40631,48,678,283,,"Group 1",1
230959,"Middlebury College","Middlebury","VT","New England","Private nonprofit 4-year","Private nonprofit","4-year","Town","1,000-4,999","Baccalaureate","No","No",-73.1761,44.0091,4813,4137,54.4,52.3,4.5,10,6.9,11.1,94,,9,634,92.6,634,92.6,71,639,17,47,22912,10270,8548,14741,22228,48804,,611,201,4,"Group 1",1
230995,"Norwich University","Northfield","VT","New England","Private nonprofit 4-year","Private nonprofit","4-year","Rural","1,000-4,999","Master's","No","No",-72.6598,44.1402,4800,3893,26.3,66.6,5.1,9.4,3,6.5,69,24,12,680,61,680,61,53.8,549,24,93,28196,19842,20895,22423,25197,31555,,709,312,,"Group 3",3
231059,"Saint Michael's College","Colchester","VT","New England","Private nonprofit 4-year","Private nonprofit","4-year","Suburb","1,000-4,999","Baccalaureate","No","No",-73.1671,44.4946,1945,1481,54.3,81.9,2.7,5.3,2,3.6,84,,10,408,68.9,408,68.9,62.7,258,18,99,30806,18855,19637,24230,27761,34664,,309,57,,"Group 1",1
231165,"Vermont State University","Randolph","VT","New England","Public 4-year","Public","4-year","Rural","5,000-9,999","Baccalaureate","No","No",-72.6045,43.9396,7540,5522,56.5,78.1,3.7,4,1.6,2.7,67,36,9,993,48.9,865,45,32.1,797,31,79,21253,16958,16623,19809,24115,26240,309,719,129,,"Group 3",3
231174,"University of Vermont","Burlington","VT","New England","Public 4-year","Public","4-year","City","10,000-19,999","Doctoral","No","No",-73.1966,44.4773,16101,13591,63.3,82.5,1.2,4.7,3.1,1.6,88,77,17,2621,78.6,2621,78.6,69.9,2988,13,88,22062,11958,13113,17261,22233,28049,,2560,491,245,"Group 2",2
231420,"Averett University","Danville","VA","Southeast","Private nonprofit 4-year","Private nonprofit","4-year","Town","1,000-4,999","Master's","No","No",-79.4132,36.5773,1656,1331,49.7,48.5,29,4.5,1.3,7.4,59,33,13,280,43.6,280,43.6,31.1,249,39,85,24091,21743,22129,19655,24859,27470,4,262,75,,"Group 3",3
231554,"Bluefield University","Bluefield","VA","Southeast","Private nonprofit 4-year","Private nonprofit","4-year","Town","Under 1,000","Master's","No","No",-81.2462,37.2446,1171,826,50.8,62.5,17.7,4.1,0.4,1.7,49,0,15,210,27.1,210,27.1,19,142,46,84,22191,22017,22146,20952,21214,23958,30,146,164,,"Group 4",4
231581,"Bridgewater College","Bridgewater","VA","Southeast","Private nonprofit 4-year","Private nonprofit","4-year","Suburb","1,000-4,999","Baccalaureate","No","No",-78.969,38.3785,1461,1411,51.7,66.8,11.9,7.4,1.3,2.4,77,,12,534,49.4,534,49.4,42.9,422,29,100,19660,14410,19132,21102,21317,21465,,328,26,,"Group 3",3
231624,"William & Mary","Williamsburg","VA","Southeast","Public 4-year","Public","4-year","Suburb","5,000-9,999","Doctoral","No","No",-76.7082,37.2695,10856,7359,58.4,60.4,5.9,8.6,11.2,4.4,95,,13,1524,91,1524,91,85.7,1642,12,50,20422,6616,6407,12603,20439,35264,,1597,959,283,"Group 1",1
231651,"Regent University","Virginia Beach","VA","Southeast","Private nonprofit 4-year","Private nonprofit","4-year","City","10,000-19,999","Doctoral","No","No",-76.1946,36.8012,13625,6223,61.6,45.3,26.8,11.1,1.7,0.5,66,23,20,281,54.1,275,53.5,42.9,351,48,72,18314,18843,18644,16647,20261,18990,25,632,1087,550,"Group 4",4
231712,"Christopher Newport University","Newport News","VA","Southeast","Public 4-year","Public","4-year","City","1,000-4,999","Master's","No","No",-76.4944,37.0625,4703,4586,53.5,73.4,8,7.8,4,0.4,83,,13,1292,75.1,1292,75.1,66,1161,15,58,22864,9652,11509,15030,24931,30024,,1053,90,,"Group 1",1
232025,"Emory & Henry University","Emory","VA","Southeast","Private nonprofit 4-year","Private nonprofit","4-year","Rural","1,000-4,999","Master's","No","No",-81.8291,36.7729,1459,1146,50.7,71.9,14.3,3.2,1.4,1,69,,12,253,53.8,253,53.8,44.7,347,41,96,21714,17348,20308,19781,21071,23722,,185,44,32,"Group 3",3
232043,"Eastern Mennonite University","Harrisonburg","VA","Southeast","Private nonprofit 4-year","Private nonprofit","4-year","City","1,000-4,999","Master's","No","No",-78.8803,38.4711,1619,975,57.3,60,10.1,9.4,2.3,6.1,76,,10,189,47.1,189,47.1,33.9,203,27,86,24710,16418,14081,21592,26047,31526,2,227,90,,"Group 3",3
232089,"Ferrum College","Ferrum","VA","Southeast","Private nonprofit 4-year","Private nonprofit","4-year","Rural","Under 1,000","Baccalaureate","No","No",-80.0206,36.9264,989,962,41,46,20,6.1,0.5,2,59,,11,350,28.9,350,28.9,22,187,47,94,22521,18607,18625,20145,25397,28515,,186,2,,"Group 3",3
232186,"George Mason University","Fairfax","VA","Southeast","Public 4-year","Public","4-year","Suburb","20,000 and above","Doctoral","No","No",-77.3071,38.832,47916,32848,49.9,34.3,11.9,16.7,22.5,5.3,87,66,16,3439,69.3,3439,69.3,47.7,4007,30,59,18900,12197,13383,16296,20394,25247,,6044,3379,484,"Group 2",2
232256,"Hampden-Sydney College","Hampden-Sydney","VA","Southeast","Private nonprofit 4-year","Private nonprofit","4-year","Rural","Under 1,000","Baccalaureate","No","No",-78.4642,37.2406,878,878,0.9,77.1,7.4,6.2,1.3,0.2,85,,9,311,65.3,311,65.3,59.5,279,22,99,29578,12552,12732,23831,22295,33760,,150,,,"Group 1",1
232265,"Hampton University","Hampton","VA","Southeast","Private nonprofit 4-year","Private nonprofit","4-year","Suburb","1,000-4,999","Doctoral","Yes","No",-76.3392,37.0199,3842,3322,65.4,1,95.6,0.8,0.2,1.3,85,50,15,1015,55.7,1015,55.7,36.3,806,38,82,28576,29338,30636,32980,,44119,6,452,77,33,"Group 2",2
232308,"Hollins University","Roanoke","VA","Southeast","Private nonprofit 4-year","Private nonprofit","4-year","Suburb","Under 1,000","Baccalaureate","No","No",-79.9433,37.3542,992,708,100,57.8,14.5,9.3,1.1,8.9,74,,8,155,69.7,155,67.7,61.3,211,33,100,23444,16579,18974,24291,23733,26329,,150,48,,"Group 3",3
232423,"James Madison University","Harrisonburg","VA","Southeast","Public 4-year","Public","4-year","City","20,000 and above","Doctoral","No","No",-78.8705,38.4363,24300,22178,56.5,73.7,4.8,7.6,5.3,1,90,100,17,4658,80.9,4658,80.9,66.9,4859,17,88,26317,10582,12172,17150,23171,28869,,4433,739,40,"Group 1",1
232557,"Liberty University","Lynchburg","VA","Southeast","Private nonprofit 4-year","Private nonprofit","4-year","City","20,000 and above","Doctoral","No","No",-79.1822,37.3502,138745,70898,55.1,53.5,10.1,7.9,1.6,0.7,79,24,18,3412,63.5,3210,65.5,52.2,4688,39,82,29692,30504,28423,26312,28290,31028,1242,10040,9980,2201,"Group 2",2
232566,"Longwood University","Farmville","VA","Southeast","Public 4-year","Public","4-year","Town","1,000-4,999","Master's","No","No",-78.397,37.298,5948,4281,68.7,64.9,10.8,6.7,6.7,2.2,78,82,14,1013,61.6,1013,61.6,46.7,783,26,90,22900,14546,15727,18489,22915,26405,,713,426,,"Group 2",2
232609,"University of Lynchburg","Lynchburg","VA","Southeast","Private nonprofit 4-year","Private nonprofit","4-year","City","1,000-4,999","Doctoral","No","No",-79.1817,37.3998,3393,1991,63.2,65.3,11.1,7.5,1.6,2,76,,11,542,61.6,542,61.6,53.9,403,27,92,22921,18308,18616,19432,19594,21490,,347,159,367,"Group 3",3
232672,"Mary Baldwin University","Staunton","VA","Southeast","Private nonprofit 4-year","Private nonprofit","4-year","City","1,000-4,999","Doctoral","No","No",-79.0693,38.1539,2200,1394,78.3,50.8,25.6,7.7,1.4,1.9,61,100,14,106,55.7,106,55.7,40.6,263,48,85,18838,15996,14762,16899,21736,23106,,301,228,63,"Group 3",3
232681,"University of Mary Washington","Fredericksburg","VA","Southeast","Public 4-year","Public","4-year","Suburb","1,000-4,999","Baccalaureate","No","No",-77.4761,38.3025,4112,3814,63.3,63.2,8,11.8,4.3,2.6,82,88,13,932,67.4,932,67.4,57.9,732,20,71,21615,11137,12388,19886,26300,29234,,832,133,,"Group 1",1
232706,"Marymount University","Arlington","VA","Southeast","Private nonprofit 4-year","Private nonprofit","4-year","City","1,000-4,999","Doctoral","No","No",-77.1288,38.9056,4430,2710,55.9,28.4,14.1,33.5,5.8,9.9,76,0,13,399,57.9,399,57.9,47.6,350,22,67,28147,21888,23980,24661,29865,28619,,466,310,121,"Group 3",3
232937,"Norfolk State University","Norfolk","VA","Southeast","Public 4-year","Public","4-year","City","5,000-9,999","Master's","Yes","No",-76.2614,36.8484,6370,5816,67,2.2,82.8,4.7,0.3,0.5,72,,18,1010,32.7,1001,32.8,7.6,1195,62,80,12272,11099,12836,13868,14235,18020,1,781,128,10,"Group 4",4
232982,"Old Dominion University","Norfolk","VA","Southeast","Public 4-year","Public","4-year","City","20,000 and above","Doctoral","No","No",-76.3067,36.8864,26975,21027,55.1,42.2,31.7,10.2,5.1,1.2,76,36,15,2850,44.4,2850,44.4,25.8,3023,37,64,16150,9627,9883,13142,18121,22658,,3496,1098,223,"Group 3",3
233277,"Radford University","Radford","VA","Southeast","Public 4-year","Public","4-year","Town","5,000-9,999","Doctoral","No","No",-80.5497,37.1369,8921,6573,62.7,65,14.7,8.8,1.5,1,73,100,12,1842,49.6,1842,49.6,34.4,1222,35,92,18282,11289,11883,14533,20204,22537,13,1534,475,71,"Group 3",3
233295,"Randolph-Macon College","Ashland","VA","Southeast","Private nonprofit 4-year","Private nonprofit","4-year","Suburb","1,000-4,999","Baccalaureate","No","No",-77.4784,37.7604,1536,1512,54.4,74.8,8.5,5.2,2.2,2.2,81,0,10,374,74.6,374,74.6,67.6,414,20,98,29058,20959,24278,28921,28916,29417,,329,,,"Group 1",1
233301,"Randolph College","Lynchburg","VA","Southeast","Private nonprofit 4-year","Private nonprofit","4-year","City","Under 1,000","Baccalaureate","No","No",-79.1719,37.4373,790,695,60,60.6,18,6.8,4.9,3.3,68,,7,202,51.5,202,51.5,39.1,147,41,96,20856,16931,16767,17824,22362,18740,,92,39,,"Group 3",3
233374,"University of Richmond","University of Richmond","VA","Southeast","Private nonprofit 4-year","Private nonprofit","4-year","City","1,000-4,999","Baccalaureate","No","No",-77.5388,37.5774,4492,3603,54.6,59.6,6.2,10,6.1,11.4,93,100,7,798,87.8,798,87.8,82.5,850,18,75,35263,11026,18646,15818,27086,47669,,804,96,151,"Group 1",1
233426,"Roanoke College","Salem","VA","Southeast","Private nonprofit 4-year","Private nonprofit","4-year","Suburb","1,000-4,999","Baccalaureate","No","No",-80.0555,37.2949,1874,1874,53.9,79.5,5.2,6.5,1.9,2.7,78,,11,557,65.9,557,65.9,57.1,502,24,97,27695,20269,19396,24279,26939,32137,,416,,,"Group 1",1
233541,"Shenandoah University","Winchester","VA","Southeast","Private nonprofit 4-year","Private nonprofit","4-year","City","1,000-4,999","Doctoral","No","No",-78.1574,39.1674,5698,2905,61.6,59.1,8.2,9.7,4.2,0.7,82,,11,438,70.5,438,70.3,61,475,19,84,26400,21803,24419,25951,30797,34304,,486,271,266,"Group 1",1
233611,"Southern Virginia University","Buena Vista","VA","Southeast","Private nonprofit 4-year","Private nonprofit","4-year","Town","Under 1,000","Baccalaureate","No","No",-79.3504,37.7404,1127,1127,47.1,73.7,3.8,8.3,1.2,2,82,100,17,269,38.3,269,38.3,20.8,294,43,99,25440,20722,21345,23925,25350,26686,,195,,,"Group 3",3
233897,"University of Virginia's College at Wise","Wise","VA","Southeast","Public 4-year","Public","4-year","Town","1,000-4,999","Baccalaureate","No","No",-82.5597,36.9706,2807,2807,64.4,65.4,12.3,2.5,1.8,0,73,100,13,261,49.8,261,49.8,33.3,250,33,62,10409,15634,6448,7159,9605,11647,,217,,,"Group 3",3
233921,"Virginia Polytechnic Institute and State University","Blacksburg","VA","Southeast","Public 4-year","Public","4-year","City","20,000 and above","Doctoral","No","No",-80.4237,37.229,40514,31675,42.6,59.4,6,9.5,12.3,4.7,92,75,17,6829,86.3,6766,86.4,69.1,7158,15,52,22205,13536,14891,19660,26533,30568,34,7403,1793,674,"Group 2",2
234030,"Virginia Commonwealth University","Richmond","VA","Southeast","Public 4-year","Public","4-year","City","20,000 and above","Doctoral","No","No",-77.4527,37.5496,30796,22683,63.2,41.5,20.4,10.8,14.1,2.3,86,66,17,4110,65.4,4110,65.4,46.8,4120,30,98,22852,12830,13612,16455,20633,28474,,4543,1463,775,"Group 2",2
234076,"University of Virginia-Main Campus","Charlottesville","VA","Southeast","Public 4-year","Public","4-year","Suburb","20,000 and above","Doctoral","No","No",-78.5034,38.0357,30044,19791,55.3,51.8,7.6,7.1,16.9,4.6,97,,15,3787,95.3,3787,95.3,91.8,4021,14,42,17831,10123,8842,14658,24023,34777,,4426,2441,866,"Group 1",1
234085,"Virginia Military Institute","Lexington","VA","Southeast","Public 4-year","Public","4-year","Town","1,000-4,999","Baccalaureate","No","No",-79.4371,37.7896,1521,1521,13.3,74.1,6.7,8.2,4.8,1.8,84,,10,423,81.8,423,81.8,71.6,364,16,71,17229,3152,5980,10551,16055,25359,,347,,,"Group 1",1
234155,"Virginia State University","Petersburg","VA","Southeast","Public 4-year","Public","4-year","Suburb","5,000-9,999","Master's","Yes","No",-77.419,37.2347,5347,4952,54.7,1.9,90.6,1.3,1.7,0.5,71,75,13,1083,40.7,1083,40.7,27.1,1376,71,91,16184,12432,13665,17511,19774,22390,,608,88,27,"Group 4",4
234164,"Virginia Union University","Richmond","VA","Southeast","Private nonprofit 4-year","Private nonprofit","4-year","City","1,000-4,999","Baccalaureate","Yes","No",-77.4509,37.5624,2201,1504,54.3,1.1,77.3,1.9,0.3,2.1,62,21,22,392,41.3,392,41.3,27.6,296,51,67,20207,17272,20536,22097,24665,21677,,128,90,14,"Group 4",4
234173,"Virginia Wesleyan University","Virginia Beach","VA","Southeast","Private nonprofit 4-year","Private nonprofit","4-year","City","1,000-4,999","Baccalaureate","No","No",-76.1861,36.8684,1793,1676,56.2,43.7,20.5,8.3,2.4,2.3,67,0,13,422,49.1,422,49.1,42.9,280,26,76,21862,18365,15471,18364,23470,25187,,253,38,,"Group 3",3
234207,"Washington and Lee University","Lexington","VA","Southeast","Private nonprofit 4-year","Private nonprofit","4-year","Town","1,000-4,999","Baccalaureate","No","No",-79.443,37.7889,2255,1876,50.8,72,4,7.9,4,6.6,95,,8,471,94.9,471,94.9,91.5,476,11,64,24667,76,887,6983,9222,42745,,453,,107,"Group 1",1
234827,"Central Washington University","Ellensburg","WA","Far West","Public 4-year","Public","4-year","Town","5,000-9,999","Master's","No","No",-120.5384,47.0027,19286,18416,53.6,53.5,3.6,21.9,5,1.9,69,52,17,1681,49.9,1681,49.9,32.4,1402,31,65,15558,7978,11430,15182,18886,22366,,2078,255,,"Group 3",3
235024,"Cornish College of the Arts","Seattle","WA","Far West","Private nonprofit 4-year","Private nonprofit","4-year","City","Under 1,000","Special focus","No","No",-122.3362,47.6182,458,458,65.5,63.5,4.8,2.6,4.1,2.8,69,,6,177,52,177,52,51.4,124,30,93,40164,28155,30948,36693,40853,44405,,74,,,"Group 1",1
235097,"Eastern Washington University","Cheney","WA","Far West","Public 4-year","Public","4-year","Town","10,000-19,999","Master's","No","No",-117.5838,47.4907,17265,12307,56.8,56.9,3.7,14.5,2.6,0.5,67,28,20,1612,47.2,1612,47.2,29.5,1338,35,68,13786,8578,8788,12004,18464,20564,,1762,1152,39,"Group 4",4
235167,"The Evergreen State College","Olympia","WA","Far West","Public 4-year","Public","4-year","Suburb","1,000-4,999","Master's","No","No",-122.9775,47.0738,2638,2336,61.4,59.9,5.7,13.4,3.2,0,68,30,20,505,43.6,505,43.6,34.5,263,41,57,18480,19969,20956,24430,25683,25934,,458,104,,"Group 4",4
235316,"Gonzaga University","Spokane","WA","Far West","Private nonprofit 4-year","Private nonprofit","4-year","City","5,000-9,999","Doctoral","No","No",-117.4006,47.6665,8130,5453,53.9,64.1,1.2,12.5,6.6,4,94,100,12,1257,86.9,1257,86.9,77.6,1216,13,98,40295,23364,22330,25096,35623,43615,,1177,674,196,"Group 1",1
235422,"Heritage University","Toppenish","WA","Far West","Private nonprofit 4-year","Private nonprofit","4-year","Rural","Under 1,000","Master's","No","No",-120.395,46.3748,980,881,75.4,8.5,0.7,73.4,0.7,0.1,58,33,7,108,39.8,107,40.2,23.4,128,63,96,11934,10713,12202,12511,13275,18198,4,186,29,,"Group 4",4
236133,"Northwest University","Kirkland","WA","Far West","Private nonprofit 4-year","Private nonprofit","4-year","Suburb","Under 1,000","Master's","No","No",-122.1928,47.6579,1128,786,65.5,57.1,5.9,12.6,4.5,10.9,73,100,9,189,63.5,188,62.8,58,151,23,92,25917,14935,15418,19757,25518,31535,2,190,121,22,"Group 3",3
236230,"Pacific Lutheran University","Tacoma","WA","Far West","Private nonprofit 4-year","Private nonprofit","4-year","Suburb","1,000-4,999","Master's","No","No",-122.4404,47.1452,3055,2506,63.6,50,4.5,17.5,11.5,1.9,79,,12,617,71,617,71,50.6,526,33,96,23841,13847,13035,18653,24898,29289,,579,173,17,"Group 1",1
236328,"University of Puget Sound","Tacoma","WA","Far West","Private nonprofit 4-year","Private nonprofit","4-year","City","1,000-4,999","Baccalaureate","No","No",-122.479,47.2631,2121,1769,57.4,65.3,3.1,11.5,7,0.6,80,,10,589,67.9,589,67.9,59.9,405,17,98,42301,28409,29663,33336,37880,45996,,460,72,56,"Group 1",1
236452,"Saint Martin's University","Lacey","WA","Far West","Private nonprofit 4-year","Private nonprofit","4-year","City","1,000-4,999","Master's","No","No",-122.8164,47.0411,1848,1534,56.6,37.2,8,22,10.8,2.3,73,0,10,275,57.1,275,57.1,41.1,292,40,87,22779,15233,20657,19090,25956,29720,,318,93,9,"Group 3",3
236577,"Seattle Pacific University","Seattle","WA","Far West","Private nonprofit 4-year","Private nonprofit","4-year","City","1,000-4,999","Doctoral","No","No",-122.3617,47.6502,3514,2682,66.6,39.6,7.6,17,15.1,6.4,75,67,10,642,62.1,642,62.1,45.6,532,33,96,26155,19348,18024,23893,29476,32524,,582,222,49,"Group 3",3
236595,"Seattle University","Seattle","WA","Far West","Private nonprofit 4-year","Private nonprofit","4-year","City","5,000-9,999","Doctoral","No","No",-122.3189,47.6089,7954,4439,60.9,33.8,5.4,14.4,25,9.4,85,71,10,948,73.3,948,73.3,65.5,987,22,95,37103,23374,24900,30151,38105,42970,,1127,785,308,"Group 1",1
236896,"Walla Walla University","College Place","WA","Far West","Private nonprofit 4-year","Private nonprofit","4-year","Suburb","1,000-4,999","Master's","No","No",-118.3896,46.0481,1684,1445,48.8,52,3,20.8,5.3,7.8,84,,13,332,64.2,328,62.5,39.9,296,25,89,26001,17833,17578,21728,25322,28840,20,354,77,12,"Group 1",1
236939,"Washington State University","Pullman","WA","Far West","Public 4-year","Public","4-year","Town","20,000 and above","Doctoral","No","No",-117.1582,46.7304,30919,25137,53.7,59,2.9,16.6,6.9,3.6,80,53,15,4523,61.6,4523,61.6,42.5,3897,26,66,18155,7147,8723,12308,19445,24472,,5734,1070,617,"Group 2",2
236948,"University of Washington-Seattle Campus","Seattle","WA","Far West","Public 4-year","Public","4-year","City","20,000 and above","Doctoral","No","No",-122.3051,47.6554,57633,39850,50.9,29.8,3.2,8.3,23.1,12.1,95,83,20,6713,83.7,6713,83.7,70.9,7311,15,39,11023,6398,6601,7817,17234,28383,,8085,4728,1464,"Group 2",2
237011,"Western Washington University","Bellingham","WA","Far West","Public 4-year","Public","4-year","City","10,000-19,999","Master's","No","No",-122.4857,48.7378,16309,15150,57.1,67.6,2,10.6,5.9,1.3,80,49,17,3071,65.5,3071,65.5,42,3143,21,59,22096,11416,12741,16177,21581,25698,,3225,286,5,"Group 2",2
237057,"Whitman College","Walla Walla","WA","Far West","Private nonprofit 4-year","Private nonprofit","4-year","City","1,000-4,999","Baccalaureate","No","No",-118.3315,46.0698,1560,1560,56.2,59.7,2.5,9.3,6.2,11.9,89,,10,389,81,389,81,68.1,336,15,90,41601,19307,19724,28426,27829,47254,,355,,,"Group 1",1
237066,"Whitworth University","Spokane","WA","Far West","Private nonprofit 4-year","Private nonprofit","4-year","Suburb","1,000-4,999","Master's","No","No",-117.4167,47.7534,2659,2194,58.6,62.4,2.7,12.6,4.3,5.7,80,100,10,503,68.4,503,68.4,60.2,453,28,94,27491,16492,17727,20336,29657,33339,,558,173,,"Group 1",1
237181,"Bethany College","Bethany","WV","Southeast","Private nonprofit 4-year","Private nonprofit","4-year","Rural","Under 1,000","Baccalaureate","No","No",-80.5601,40.2058,639,616,44.3,51.8,14.9,6.3,0.2,10.9,63,,12,160,46.2,160,46.2,39.4,176,41,98,16844,9618,10220,14911,20457,23711,,102,9,,"Group 3",3
237215,"Bluefield State University","Bluefield","WV","Southeast","Public 4-year","Public","4-year","Town","1,000-4,999","Baccalaureate","Yes","No",-81.239,37.2657,1479,1455,59.5,76.9,13.7,3.5,0.3,0.8,55,13,17,217,34.6,126,34.9,20.6,285,41,77,14500,10971,11213,11772,16204,15428,101,120,,,"Group 4",4
237312,"University of Charleston","Charleston","WV","Southeast","Private nonprofit 4-year","Private nonprofit","4-year","City","1,000-4,999","Doctoral","No","No",-81.6162,38.3334,4303,3335,37.3,67.7,9.5,6.9,1.8,4.7,69,37,15,341,46.3,321,46.1,39.3,236,29,57,21100,20938,21646,21133,22526,23451,145,570,201,68,"Group 3",3
237330,"Concord University","Athens","WV","Southeast","Public 4-year","Public","4-year","Rural","1,000-4,999","Master's","No","No",-81.0067,37.4237,2167,1637,59.5,79.1,8.5,0.8,0.5,4.9,49,20,15,426,42.3,426,42.3,32.4,365,47,88,10630,8292,9307,10904,13948,13256,,297,141,,"Group 4",4
237358,"Davis & Elkins College","Elkins","WV","Southeast","Private nonprofit 4-year","Private nonprofit","4-year","Town","Under 1,000","Baccalaureate","No","No",-79.846,38.9312,746,746,60.9,48.3,4.8,3.2,1.2,7.2,58,100,11,235,36.6,181,36.5,29.8,179,40,99,19762,17780,15228,18783,22902,21729,20,133,,,"Group 3",3
237367,"Fairmont State University","Fairmont","WV","Southeast","Public 4-year","Public","4-year","Town","1,000-4,999","Master's","No","No",-80.1624,39.4831,3865,3498,58.3,86,4.9,0.8,1,0,64,20,12,745,48.3,745,45.2,31.7,681,33,68,10993,8019,8713,9166,10588,9661,145,515,104,,"Group 3",3
237385,"Glenville State University","Glenville","WV","Southeast","Public 4-year","Public","4-year","Rural","1,000-4,999","Baccalaureate","No","No",-80.8343,38.9355,2386,2354,48.2,78.5,11.5,3.1,0.3,1.6,63,33,15,293,35.5,236,38.6,27.5,281,42,67,16745,12878,13426,16460,20348,20355,107,164,,,"Group 4",4
237525,"Marshall University","Huntington","WV","Southeast","Public 4-year","Public","4-year","City","10,000-19,999","Doctoral","No","No",-82.429,38.4225,12739,9147,57.3,82.5,5.5,2.3,1.4,1.2,79,42,15,1791,48.7,1749,48.5,33.5,1522,38,79,9734,4820,5572,7970,12243,15496,127,1416,686,233,"Group 2",2
237792,"Shepherd University","Shepherdstown","WV","Southeast","Public 4-year","Public","4-year","Rural","1,000-4,999","Master's","No","No",-77.8041,39.4331,4252,2987,61.4,72.6,7.7,7.5,2,1.3,72,78,16,590,49.5,590,49.5,33.2,545,27,64,12651,7488,9838,12068,15412,16778,,506,62,14,"Group 2",2
237899,"West Virginia State University","Institute","WV","Southeast","Public 4-year","Public","4-year","Suburb","1,000-4,999","Master's","Yes","No",-81.765,38.3805,4438,4248,58.5,73.6,7.6,1.6,1.5,1.3,63,20,12,373,33.5,373,33.5,24.9,321,18,29,10878,8962,11652,12283,13633,,,278,69,,"Group 3",3
237932,"West Liberty University","West Liberty","WV","Southeast","Public 4-year","Public","4-year","Rural","1,000-4,999","Master's","No","No",-80.6023,40.1644,2503,2031,62.7,79.2,4.1,0.1,0.7,3.4,69,17,12,485,60.6,450,55.8,42.4,424,32,68,14203,13368,14580,16744,19852,19090,34,365,144,,"Group 3",3
237950,"West Virginia University Institute of Technology","Beckley","WV","Southeast","Public 4-year","Public","4-year","City","1,000-4,999","Baccalaureate","No","No",-81.1841,37.7759,1691,1691,48.3,79.2,4.1,2.7,1.2,6.2,61,100,12,335,36.1,335,36.1,24.8,307,24,58,11015,6947,8865,9532,12351,14408,,163,,,"Group 3",3
237969,"West Virginia Wesleyan College","Buckhannon","WV","Southeast","Private nonprofit 4-year","Private nonprofit","4-year","Town","Under 1,000","Baccalaureate","No","No",-80.219,38.9907,1002,925,51.7,68.3,14.3,4.6,1.1,6.3,68,,13,366,49.5,366,49.5,38.5,275,37,99,20093,12553,13597,16406,19593,24477,,194,46,4,"Group 3",3
238032,"West Virginia University","Morgantown","WV","Southeast","Public 4-year","Public","4-year","City","20,000 and above","Doctoral","No","No",-79.9544,39.6344,27398,20653,51.9,81.1,3.4,4.2,1.7,2.6,81,20,17,5211,61.2,5211,60.3,43.3,4588,20,75,13691,9217,10199,12379,15708,17130,,4230,1440,604,"Group 2",2
238078,"Wheeling University","Wheeling","WV","Southeast","Private nonprofit 4-year","Private nonprofit","4-year","City","Under 1,000","Master's","No","No",-80.6908,40.0709,888,630,40,28.7,13.5,0.5,1.4,5.9,66,,14,181,32,181,32,26.5,230,25,78,19164,14139,13524,19257,21265,22026,,77,22,37,"Group 3",3
238193,"Alverno College","Milwaukee","WI","Great Lakes","Private nonprofit 4-year","Private nonprofit","4-year","City","1,000-4,999","Master's","No","No",-87.9652,42.9828,2002,961,96.4,33.5,18.1,34.5,4.9,1.4,79,,10,196,50.5,187,51.9,35.8,133,49,82,17884,15889,15885,19307,17449,17577,7,213,316,43,"Group 3",3
238333,"Beloit College","Beloit","WI","Great Lakes","Private nonprofit 4-year","Private nonprofit","4-year","City","Under 1,000","Baccalaureate","No","No",-89.0293,42.504,1082,1082,53.1,50.2,8.5,15.4,4,14.9,86,,11,323,67.2,323,67.2,57,232,29,93,24941,16637,17610,18491,25700,28465,,211,,,"Group 1",1
238458,"Carroll University","Waukesha","WI","Great Lakes","Private nonprofit 4-year","Private nonprofit","4-year","City","1,000-4,999","Master's","No","No",-88.2281,43.0045,3527,2886,66.8,71.6,2.4,10.4,3.3,2.5,79,17,13,717,69.6,717,69.6,58.7,668,22,95,25171,18992,18701,22720,25198,27395,,675,144,76,"Group 1",1
238476,"Carthage College","Kenosha","WI","Great Lakes","Private nonprofit 4-year","Private nonprofit","4-year","City","1,000-4,999","Master's","No","No",-87.8209,42.623,2801,2651,55.2,68.4,5.5,15.5,2.2,1.1,82,0,13,704,60.5,704,60.5,52.3,729,26,96,24962,18307,20228,22692,25465,27527,,558,59,,"Group 1",1
238616,"Concordia University-Wisconsin","Mequon","WI","Great Lakes","Private nonprofit 4-year","Private nonprofit","4-year","Suburb","5,000-9,999","Doctoral","No","No",-87.9155,43.2534,6376,3274,63.7,65.3,8.9,5.8,4.6,6.1,78,0,12,566,64.3,557,64.3,55.5,413,22,74,28060,19323,21547,24914,26823,29439,2,520,572,105,"Group 1",1
238661,"Edgewood College","Madison","WI","Great Lakes","Private nonprofit 4-year","Private nonprofit","4-year","City","1,000-4,999","Doctoral","No","No",-89.4229,43.0571,2078,1292,65.3,75.5,4.3,11.1,1.9,1.2,75,50,13,279,67.4,279,67.4,46.6,239,23,89,26692,20926,21345,20806,26982,29049,,305,142,16,"Group 1",1
238980,"Lakeland University","Plymouth","WI","Great Lakes","Private nonprofit 4-year","Private nonprofit","4-year","Rural","1,000-4,999","Master's","No","No",-87.8834,43.8416,2905,2226,56.9,68.6,6.6,8,5.1,1.1,67,50,13,174,55.7,174,55.7,50,224,29,55,22593,17150,21083,14130,24082,27389,2,371,196,,"Group 3",3
239017,"Lawrence University","Appleton","WI","Great Lakes","Private nonprofit 4-year","Private nonprofit","4-year","City","1,000-4,999","Baccalaureate","No","No",-88.3978,44.2613,1530,1530,54.2,60.1,3.9,11.3,5.6,12.2,87,,7,352,76.4,352,76.4,58.8,364,21,98,27393,12025,14498,17215,22712,32492,,326,,,"Group 1",1
239071,"Maranatha Baptist University","Watertown","WI","Great Lakes","Private nonprofit 4-year","Private nonprofit","4-year","Town","Under 1,000","Master's","No","No",-88.737,43.195,1436,1055,57.9,83.2,1.8,5.6,2.6,0.9,76,67,10,137,65.7,125,61.6,47.2,141,34,64,26001,23056,21143,22427,29013,30558,22,94,96,5,"Group 3",3
239080,"Marian University","Fond Du Lac","WI","Great Lakes","Private nonprofit 4-year","Private nonprofit","4-year","City","1,000-4,999","Master's","No","No",-88.4206,43.7774,1804,1445,67.1,66.3,6,7.8,1.5,3.9,62,40,12,352,41.2,352,41.2,30.1,213,32,100,23552,24155,21978,20296,21839,24866,,287,87,,"Group 3",3
239105,"Marquette University","Milwaukee","WI","Great Lakes","Private nonprofit 4-year","Private nonprofit","4-year","City","10,000-19,999","Doctoral","No","No",-87.928,43.039,12017,7927,54.9,66.1,5.5,15.1,6.1,2.2,91,67,13,2021,80.1,2021,80.1,65.8,1977,19,95,32031,18364,18903,24176,30974,34465,,1869,850,464,"Group 1",1
239309,"Milwaukee Institute of Art & Design","Milwaukee","WI","Great Lakes","Private nonprofit 4-year","Private nonprofit","4-year","City","Under 1,000","Special focus","No","No",-87.9079,43.0309,947,947,78.4,64.1,5.1,17.1,5.2,0.2,84,,11,196,63.3,196,63.3,52.6,221,36,100,28024,23183,22634,23112,29328,32135,,191,,,"Group 1",1
239318,"Milwaukee School of Engineering","Milwaukee","WI","Great Lakes","Private nonprofit 4-year","Private nonprofit","4-year","City","1,000-4,999","Master's","No","No",-87.9077,43.0454,2808,2627,28,68.9,2.6,9.2,5.7,4.1,83,,12,513,71.5,513,71.5,49.7,672,23,98,26122,14869,15403,17233,22123,31207,,547,91,,"Group 1",1
239390,"Mount Mary University","Milwaukee","WI","Great Lakes","Private nonprofit 4-year","Private nonprofit","4-year","City","1,000-4,999","Master's","No","No",-88.0307,43.0725,1525,934,99.4,33.1,21.4,29.9,9,0.9,66,,10,124,58.9,124,58.9,50,155,58,89,19409,17470,17079,18312,20665,20654,,100,148,22,"Group 3",3
239512,"Northland College","Ashland","WI","Great Lakes","Private nonprofit 4-year","Private nonprofit","4-year","Town","Under 1,000","Baccalaureate","No","No",-90.8748,46.5791,536,536,53,71.1,3.9,8.8,0.6,6.5,71,,8,187,43.3,187,43.3,36.9,122,32,98,24020,17367,18357,20256,22840,27084,,109,,,"Group 3",3
239628,"Ripon College","Ripon","WI","Great Lakes","Private nonprofit 4-year","Private nonprofit","4-year","Town","Under 1,000","Baccalaureate","No","No",-88.8423,43.8441,775,775,49.2,78.8,4,10.6,1.8,1.4,76,,12,232,59.9,232,59.9,54.3,196,33,98,22557,13478,13038,17763,22858,29200,,166,,,"Group 3",3
239716,"Saint Norbert College","De Pere","WI","Great Lakes","Private nonprofit 4-year","Private nonprofit","4-year","Suburb","1,000-4,999","Baccalaureate","No","No",-88.0678,44.4448,2323,2237,56.5,83.6,1.4,5.2,1.7,1.7,82,,12,526,73.6,517,74.1,67.1,476,14,80,27236,19944,20300,19828,26035,30490,,390,16,,"Group 1",1
240107,"Viterbo University","La Crosse","WI","Great Lakes","Private nonprofit 4-year","Private nonprofit","4-year","City","1,000-4,999","Master's","No","No",-91.2443,43.8031,2917,1650,76.2,79.2,5.9,7.6,1.9,0.7,70,,12,287,65.2,287,65.2,49.8,235,22,82,23901,15779,19129,20165,21629,26575,,364,247,30,"Group 3",3
240189,"University of Wisconsin-Whitewater","Whitewater","WI","Great Lakes","Public 4-year","Public","4-year","Town","10,000-19,999","Master's","No","No",-88.7424,42.8356,13057,10835,50.3,79.8,4.4,8.9,2,0.7,78,30,20,2000,64.3,2000,64.3,39.9,2042,25,48,13670,8426,10003,14049,17177,18142,172,1856,620,8,"Group 2",2
240268,"University of Wisconsin-Eau Claire","Eau Claire","WI","Great Lakes","Public 4-year","Public","4-year","City","5,000-9,999","Master's","No","No",-91.5019,44.7983,11072,10266,60.9,85.6,1,3.8,2.8,2.9,82,44,19,2343,67.6,2343,67.6,43.5,2117,19,47,15323,9565,10534,13803,18951,20469,61,2023,178,21,"Group 2",2
240277,"University of Wisconsin-Green Bay","Green Bay","WI","Great Lakes","Public 4-year","Public","4-year","City","10,000-19,999","Master's","No","No",-87.92,44.5323,11868,11303,66.5,74.8,2.4,7.9,4,4.2,70,46,23,938,53.1,938,53.1,37.7,1090,23,37,10289,8742,8220,11231,15838,17830,252,1280,197,1,"Group 2",2
240329,"University of Wisconsin-La Crosse","La Crosse","WI","Great Lakes","Public 4-year","Public","4-year","City","10,000-19,999","Master's","No","No",-91.2319,43.8157,10988,9920,56.8,88.7,0.5,3.9,2.4,0.8,86,83,19,2114,71.2,2114,71.2,49.1,2320,14,42,13125,6798,8794,13175,16528,17538,15,1983,310,50,"Group 2",2
240338,"Wisconsin Lutheran College","Milwaukee","WI","Great Lakes","Private nonprofit 4-year","Private nonprofit","4-year","City","1,000-4,999","Baccalaureate","No","No",-88.0227,43.0369,1273,1177,54.5,68.4,4.8,8.6,1.4,0.8,80,,11,233,62.7,233,62.7,52.4,309,25,96,22809,14218,14305,17500,22983,26682,,186,26,,"Group 1",1
240365,"University of Wisconsin-Oshkosh","Oshkosh","WI","Great Lakes","Public 4-year","Public","4-year","City","10,000-19,999","Doctoral","No","No",-88.5494,44.0262,16240,14942,59.1,79.7,2.2,6.2,4.1,1.4,72,30,21,1501,57.9,1501,57.9,28,1681,16,30,12942,9232,10209,13961,17218,18553,190,1581,252,58,"Group 2",2
240374,"University of Wisconsin-Parkside","Kenosha","WI","Great Lakes","Public 4-year","Public","4-year","Rural","1,000-4,999","Master's","No","No",-87.8552,42.6477,4866,3920,56.5,60.4,7.7,20.3,3,1.7,71,57,18,673,39.8,673,39.8,18.6,428,34,50,8778,5551,7109,10670,14941,16329,3,650,289,,"Group 4",4
240417,"University of Wisconsin-Stout","Menomonie","WI","Great Lakes","Public 4-year","Public","4-year","Town","5,000-9,999","Master's","No","No",-91.9267,44.8732,8236,6845,43.4,83.4,1.5,3.7,3.5,3.3,74,54,18,1502,52.5,1502,52.5,25.8,1224,23,42,15574,10499,11643,15799,19803,21221,,1376,311,5,"Group 2",2
240426,"University of Wisconsin-Superior","Superior","WI","Great Lakes","Public 4-year","Public","4-year","Suburb","1,000-4,999","Master's","No","No",-92.091,46.7176,3314,2608,64.9,78.8,2.2,3.9,1.3,9,71,38,17,340,44.1,340,44.1,27.1,311,30,54,13126,8194,7797,12195,16774,17218,9,405,187,,"Group 3",3
240444,"University of Wisconsin-Madison","Madison","WI","Great Lakes","Public 4-year","Public","4-year","City","20,000 and above","Doctoral","No","No",-89.4041,43.0754,53219,39256,52.6,60.8,2.5,7.4,9.6,11.9,95,91,18,6597,89.3,6597,89.3,72.9,8605,15,42,14216,4458,5268,9613,21123,26427,,8111,2855,1452,"Group 2",2
240453,"University of Wisconsin-Milwaukee","Milwaukee","WI","Great Lakes","Public 4-year","Public","4-year","City","20,000 and above","Doctoral","No","No",-87.8805,43.0768,26699,21431,55.1,62.1,7.9,14.2,7.2,2.3,72,38,17,3190,51.2,3190,51.2,28.5,3261,30,62,16499,10860,12001,15762,19773,21112,154,3403,1467,229,"Group 2",2
240462,"University of Wisconsin-Platteville","Platteville","WI","Great Lakes","Public 4-year","Public","4-year","Town","5,000-9,999","Master's","No","No",-90.4862,42.7335,7362,6775,39.9,87.6,1.9,5.1,1.4,0.8,80,56,20,1412,61.5,1412,61.5,31.7,1416,21,56,15966,8666,8552,12737,17051,18259,64,1240,191,,"Group 2",2
240471,"University of Wisconsin-River Falls","River Falls","WI","Great Lakes","Public 4-year","Public","4-year","Town","5,000-9,999","Master's","No","No",-92.6226,44.8534,5858,5313,64,86.5,1.6,3.8,2.7,1.2,73,59,17,1199,60.9,1199,60.9,43.5,997,20,51,15242,9520,11067,14246,17463,17858,21,1039,166,,"Group 2",2
240480,"University of Wisconsin-Stevens Point","Stevens Point","WI","Great Lakes","Public 4-year","Public","4-year","Town","5,000-9,999","Master's","No","No",-89.5709,44.5296,8935,8090,57,85.7,1.7,4.4,2.9,0.5,75,30,21,1535,56,1535,56,37.9,1683,28,66,14347,7953,8490,12706,16141,17500,87,1265,225,11,"Group 2",2
240727,"University of Wyoming","Laramie","WY","Rocky Mountains","Public 4-year","Public","4-year","Town","10,000-19,999","Doctoral","No","No",-105.5793,41.3118,12585,9571,53.5,76.8,1.2,8.6,1.2,1.8,77,33,13,1681,59.8,1681,59.8,40.3,1588,22,72,13299,7602,7618,10168,15315,18136,,2061,538,212,"Group 2",2
240754,"University of Guam","Mangilao","GU","Outlying areas","Public 4-year","Public","4-year","Suburb","1,000-4,999","Master's","No","No",144.804,13.433,3386,3012,57.5,2.3,0.4,0.8,47.2,2.4,76,50,14,418,42.1,418,40.9,15.1,438,31,53,9844,8170,8437,10688,13415,,,408,119,,"Group 3",3
241191,"Universidad Adventista de las Antillas","Mayaguez","PR","Outlying areas","Private nonprofit 4-year","Private nonprofit","4-year","Suburb","Under 1,000","Master's","No","No",-67.1112,18.2057,1090,965,58.1,1.3,0.9,94.8,0,2.5,76,20,18,126,46,120,48.3,25.8,91,80,97,8354,8088,8963,9411,11855,,1,136,25,,"Group 4",4
241216,"Atlantic University","Guaynabo","PR","Outlying areas","Private nonprofit 4-year","Private nonprofit","4-year","City","1,000-4,999","Master's","No","No",-66.1117,18.3574,1922,1825,37.1,0,0,100,0,0,73,67,28,319,35.7,310,36.5,16.5,322,84,84,6305,5596,6663,9039,9843,,,243,40,,"Group 4",4
241225,"Universidad Central de Bayamon","Bayamón","PR","Outlying areas","Private nonprofit 4-year","Private nonprofit","4-year","City","Under 1,000","Master's","No","No",-66.1808,18.3989,904,706,66.4,0,0,99.3,0,0.7,80,43,14,256,37.9,236,36,14,70,83,99,4382,3492,4079,7215,9174,10164,7,90,45,,"Group 4",4
241331,"Albizu University-San Juan","San Juan","PR","Outlying areas","Private nonprofit 4-year","Private nonprofit","4-year","City","1,000-4,999","Special focus","No","No",-66.1139,18.4666,2946,957,83.7,0.5,0.2,98.6,0,0,79,0,20,100,69,100,69,65,147,69,70,10732,9913,11660,15489,18647,19676,,109,262,96,"Group 4",4
241410,"Pontifical Catholic University of Puerto Rico-Ponce","Ponce","PR","Outlying areas","Private nonprofit 4-year","Private nonprofit","4-year","City","5,000-9,999","Doctoral","No","No",-66.6171,18.0017,6275,4495,63.8,0,0,99.2,0,0.2,79,0,22,1164,47.9,1139,48.2,18.4,775,81,85,10275,9321,10319,13608,15251,17061,17,718,116,139,"Group 4",4
241739,"Universidad Ana G. Mendez-Cupey Campus","San Juan","PR","Outlying areas","Private nonprofit 4-year","Private nonprofit","4-year","City","5,000-9,999","Master's","No","No",-66.0616,18.3872,7137,5546,68,0,0,100,0,0,70,42,21,1848,31.1,1295,29.7,12.4,609,69,94,7559,7230,10047,7592,,,122,636,341,9,"Group 4",4
242617,"Inter American University of Puerto Rico-San German","San German","PR","Outlying areas","Private nonprofit 4-year","Private nonprofit","4-year","Suburb","1,000-4,999","Master's","No","No",-67.0508,18.0835,3549,2982,53.7,0.1,0.1,99.7,0,0,79,14,25,962,42.7,723,37.8,12.3,629,82,86,9192,8792,9109,10778,13230,,27,346,62,25,"Group 4",4
242626,"Inter American University of Puerto Rico-Aguadilla","Aguadilla","PR","Outlying areas","Private nonprofit 4-year","Private nonprofit","4-year","Suburb","1,000-4,999","Master's","No","No",-67.1217,18.4679,3660,3428,58.8,0.1,0.1,99.7,0,0,75,27,27,806,38.7,569,27.8,8.1,602,84,89,7909,7394,8077,9829,,,117,384,61,,"Group 4",4
242635,"Inter American University of Puerto Rico-Arecibo","Arecibo","PR","Outlying areas","Private nonprofit 4-year","Private nonprofit","4-year","City","1,000-4,999","Master's","No","No",-66.759,18.4751,3170,2898,65.2,0.1,0.1,99.7,0,0,75,29,26,899,35.4,706,30.9,6.1,377,81,86,8310,7802,8651,9765,12697,,39,439,97,,"Group 4",4
242644,"Inter American University of Puerto Rico-Barranquitas","Barranquitas","PR","Outlying areas","Private nonprofit 4-year","Private nonprofit","4-year","Suburb","1,000-4,999","Baccalaureate","No","No",-66.3032,18.1828,1249,1161,66.8,0.1,0.2,99.7,0,0,77,0,23,430,38.4,225,32.9,17.3,249,89,95,7407,7109,8242,10642,7910,,55,121,22,,"Group 4",4
242653,"Inter American University of Puerto Rico-Metro","San Juan","PR","Outlying areas","Private nonprofit 4-year","Private nonprofit","4-year","City","1,000-4,999","Master's","No","No",-66.0777,18.369,5732,3850,57.1,0.7,0.6,98.1,0.2,0,73,45,19,712,31.6,623,29.4,18.3,436,66,76,9729,8424,9388,10800,13173,,32,524,343,33,"Group 4",4
242662,"Inter American University of Puerto Rico-Ponce","Mercedita","PR","Outlying areas","Private nonprofit 4-year","Private nonprofit","4-year","Rural","1,000-4,999","Baccalaureate","No","No",-66.5785,18.0074,3647,3091,63.6,0.2,0.1,99.6,0,0,76,43,22,972,43.1,635,34.3,11.7,487,82,86,8385,8012,8421,10650,12835,,99,386,58,15,"Group 4",4
242680,"Inter American University of Puerto Rico-Fajardo","Fajardo","PR","Outlying areas","Private nonprofit 4-year","Private nonprofit","4-year","Suburb","1,000-4,999","Baccalaureate","No","No",-65.6481,18.3292,1461,1350,63.2,0.3,0.1,99.3,0,0,69,27,23,414,32.9,322,30.7,8.7,248,83,87,8934,8581,9031,11943,12762,13891,18,169,20,,"Group 4",4
242699,"Inter American University of Puerto Rico-Guayama","Guayama","PR","Outlying areas","Private nonprofit 4-year","Private nonprofit","4-year","City","1,000-4,999","Baccalaureate","No","No",-66.1082,17.9663,1910,1777,69.8,0.7,0.2,99,0,0,81,0,25,282,39.4,174,35.6,16.1,270,75,78,9320,8612,9498,11967,,,119,167,18,,"Group 4",4
242705,"Inter American University of Puerto Rico-Bayamon","Bayamon","PR","Outlying areas","Private nonprofit 4-year","Private nonprofit","4-year","City","1,000-4,999","Baccalaureate","No","No",-66.1825,18.3516,4214,4134,44.3,0.3,0.1,99.2,0,0,71,14,28,1024,33,913,29.7,4.9,837,81,85,9003,8345,9393,10782,12816,,33,460,24,,"Group 4",4
243106,"University of Puerto Rico-Aguadilla","Aguadilla","PR","Outlying areas","Public 4-year","Public","4-year","Suburb","1,000-4,999","Baccalaureate","No","No",-67.1379,18.4987,2238,2238,55.3,0.4,0.5,96.1,0,0,98,,20,875,47.7,611,43.2,10.8,503,82,86,8317,7670,8655,9460,9173,11744,29,333,,,"Group 4",4
243115,"University of Puerto Rico-Arecibo","Arecibo","PR","Outlying areas","Public 4-year","Public","4-year","City","1,000-4,999","Baccalaureate","No","No",-66.7411,18.4692,3099,3099,61.3,0,0,100,0,0,79,,18,730,50.7,619,50.2,10.3,681,86,89,11759,11261,12466,13259,13208,,66,484,,,"Group 4",4
243133,"University of Puerto Rico-Bayamon","Bayamon","PR","Outlying areas","Public 4-year","Public","4-year","City","1,000-4,999","Baccalaureate","No","No",-66.1435,18.3714,3087,3087,50.8,0,0,100,0,0,78,100,21,955,31.4,885,27.6,2.3,684,78,78,7827,9314,9780,10808,11242,9655,9,339,,,"Group 4",4
243142,"University of Puerto Rico-Carolina","Carolina","PR","Outlying areas","Public 4-year","Public","4-year","Suburb","1,000-4,999","Baccalaureate","No","No",-65.9902,18.3921,2641,2641,63.8,0.2,3.6,94.9,0,0,76,,17,778,40.2,457,47.9,36.1,701,74,78,14151,13801,14401,14824,14999,,33,304,,,"Group 4",4
243151,"University of Puerto Rico at Cayey","Cayey","PR","Outlying areas","Public 4-year","Public","4-year","Suburb","1,000-4,999","Baccalaureate","No","No",-66.1621,18.1188,2275,2275,68,0,0,100,0,0,79,100,19,685,48.6,685,48.6,8.2,482,76,86,9477,8652,9610,10406,11049,15746,,346,,,"Group 4",4
243179,"University of Puerto Rico-Humacao","Humacao","PR","Outlying areas","Public 4-year","Public","4-year","Suburb","1,000-4,999","Baccalaureate","No","No",-65.8386,18.1466,2987,2987,66.6,0.2,3.6,87.8,0,0,75,25,11,665,52.9,545,51.7,12.5,599,79,91,13137,12801,13940,15920,17922,,42,370,,,"Group 4",4
243197,"University of Puerto Rico-Mayaguez","Mayaguez","PR","Outlying areas","Public 4-year","Public","4-year","City","10,000-19,999","Master's","No","No",-67.1392,18.2111,11506,10563,44.8,0,0,92.8,0,0.3,84,100,19,2285,47,2285,47,5,1691,65,76,12857,10257,14659,15527,16110,16166,,1726,164,24,"Group 4",4
243212,"University of Puerto Rico at Ponce","Ponce","PR","Outlying areas","Public 4-year","Public","4-year","City","1,000-4,999","Baccalaureate","No","No",-66.6062,17.9933,2328,2328,54.9,0,0,100,0,0,80,,21,605,50.6,426,51.9,12.7,599,81,89,7358,7047,7848,8335,8538,9585,29,262,,,"Group 4",4
243221,"University of Puerto Rico-Rio Piedras","San Juan","PR","Outlying areas","Public 4-year","Public","4-year","City","10,000-19,999","Doctoral","No","No",-66.05,18.4028,16705,12801,62.7,0.1,5.3,80,0,0,80,17,12,2113,52.5,2113,52.5,19.5,1743,65,77,6868,5691,7089,8024,9161,12782,,1433,371,222,"Group 4",4
243346,"Universidad Ana G. Mendez-Carolina Campus","Carolina","PR","Outlying areas","Private nonprofit 4-year","Private nonprofit","4-year","Suburb","5,000-9,999","Master's","No","No",-65.9839,18.4148,6481,5477,61.1,0,0,100,0,0,70,15,23,1538,36.4,779,29.5,5.4,806,70,70,7569,6465,9118,12484,9867,6301,164,587,270,,"Group 4",4
243443,"Universidad del Sagrado Corazon","Santurce","PR","Outlying areas","Private nonprofit 4-year","Private nonprofit","4-year","City","1,000-4,999","Master's","No","No",-66.0596,18.4412,5074,4455,63.9,0.2,0.2,99.6,0,0,79,73,21,766,43.6,764,43.7,17.3,813,71,88,13076,12215,12926,15784,17318,19383,32,697,229,,"Group 4",4
243577,"Universidad Politecnica de Puerto Rico","Hato Rey","PR","Outlying areas","Private nonprofit 4-year","Private nonprofit","4-year","City","1,000-4,999","Master's","No","No",-66.0561,18.4222,5053,4345,28.6,0.2,0.1,99.5,0.1,0,77,50,17,505,23.6,495,23.6,3.6,530,62,69,16534,15277,16276,18513,20951,21701,4,436,157,1,"Group 4",4
243586,"Pontifical Catholic University of Puerto Rico-Mayaguez","Mayaguez","PR","Outlying areas","Private nonprofit 4-year","Private nonprofit","4-year","City","Under 1,000","Baccalaureate","No","No",-67.1457,18.1824,808,729,65.4,0,0,99.9,0,0,77,,14,190,42.1,151,40.4,11.3,111,83,86,8132,7867,8404,11642,13024,,21,90,18,,"Group 4",4
243601,"Universidad Ana G. Mendez-Gurabo Campus","Gurabo","PR","Outlying areas","Private nonprofit 4-year","Private nonprofit","4-year","Suburb","5,000-9,999","Doctoral","No","No",-66.0063,18.2396,11497,9003,59.9,0,0,100,0,0,75,19,26,2294,30.2,1404,28.7,6.2,1392,83,92,7668,6848,7897,9578,13157,,337,964,584,57,"Group 4",4
243665,"University of the Virgin Islands","Charlotte Amalie","VI","Outlying areas","Public 4-year","Public","4-year","Rural","1,000-4,999","Master's","Yes","No",-64.9729,18.3442,1982,1702,71.9,5.7,66.9,13.2,0.9,5.8,76,35,10,280,28.6,266,28.2,10.9,224,46,70,7632,6828,6211,8895,10729,10895,20,166,54,13,"Group 3",3
243744,"Stanford University","Stanford","CA","Far West","Private nonprofit 4-year","Private nonprofit","4-year","Suburb","10,000-19,999","Doctoral","No","No",-122.1674,37.4294,20955,9383,50.7,23.2,8,17.6,23.1,12.5,98,,6,1700,92.8,1700,92.8,58.1,1733,19,60,17998,-79,-350,1323,8816,50452,,1546,2475,1069,"Group 1",1
243780,"Purdue University-Main Campus","West Lafayette","IN","Great Lakes","Public 4-year","Public","4-year","City","20,000 and above","Doctoral","No","No",-86.9144,40.4282,56210,41678,42.7,60.3,3,6.9,12.6,10.9,92,69,14,7698,83.1,7697,83.1,64.4,9364,13,43,12421,4927,5925,8948,18919,21130,61,7798,3155,1078,"Group 2",2
262129,"New College of Florida","Sarasota","FL","Southeast","Public 4-year","Public","4-year","City","Under 1,000","Baccalaureate","No","No",-82.5586,27.3849,729,709,67.7,64.6,3.8,17.1,4.2,3.5,65,,8,199,61.8,199,61.8,55.3,188,30,96,8368,1528,3287,2632,6901,12891,2,125,8,,"Group 3",3
366252,"Pennsylvania College of Technology","Williamsport","PA","Mid East","Public 4-year","Public","4-year","City","1,000-4,999","Baccalaureate","No","No",-77.0237,41.2341,6277,6252,40.5,82.9,3.9,5.9,1.4,0,76,33,14,1178,50.4,412,53.9,41.7,1088,32,66,24650,21863,22302,23543,28493,30514,706,528,20,,"Group 3",3
366711,"California State University-San Marcos","San Marcos","CA","Far West","Public 4-year","Public","4-year","Suburb","10,000-19,999","Master's","No","No",-117.159,33.1306,16760,15456,59.5,25.4,3.6,50.7,9.8,1.2,75,49,21,2405,54.2,2405,54.2,23.8,2410,44,65,10500,6812,7246,9980,13773,19772,,3427,473,,"Group 2",2
377555,"University of Washington-Bothell Campus","Bothell","WA","Far West","Public 4-year","Public","4-year","Suburb","5,000-9,999","Master's","No","No",-122.1913,47.7598,6793,6168,46.2,30.4,10.2,10.6,34.7,4.4,86,76,21,771,68.2,771,68.2,50.2,947,28,48,10013,5081,5969,8059,16230,23389,,1645,206,,"Group 2",2
377564,"University of Washington-Tacoma Campus","Tacoma","WA","Far West","Public 4-year","Public","4-year","City","1,000-4,999","Master's","No","No",-122.4385,47.2446,5681,4829,49.3,35,11.4,15.4,23.4,1.9,78,59,15,567,62.3,567,62.3,51.1,596,40,67,11290,4709,5936,7900,16772,22095,,1438,326,16,"Group 2",2
385619,"Everglades University","Boca Raton","FL","Southeast","Private nonprofit 4-year","Private nonprofit","4-year","City","1,000-4,999","Master's","No","No",-80.1083,26.3912,3072,2610,51.9,44,19.5,18.2,1.5,0.2,78,,17,632,57.8,632,57.8,44.9,280,51,76,26561,26784,27219,29715,31583,32266,,296,146,,"Group 3",3
399911,"Soka University of America","Aliso Viejo","CA","Far West","Private nonprofit 4-year","Private nonprofit","4-year","Suburb","Under 1,000","Baccalaureate","No","No",-117.7353,33.5545,462,451,65,14.6,2,12.4,12.4,52.1,92,,7,107,86.9,107,86.9,78.5,129,17,100,18807,14587,9183,9378,12566,32663,,98,4,,"Group 1",1
409698,"California State University-Monterey Bay","Seaside","CA","Far West","Public 4-year","Public","4-year","Suburb","5,000-9,999","Master's","No","No",-121.7962,36.6524,7861,6918,59.7,26,2.5,53.4,6.5,2.7,79,23,16,922,63.2,922,63.2,40.5,891,43,70,15222,9654,11487,13868,17745,23874,,1967,298,,"Group 2",2
426314,"Embry-Riddle Aeronautical University-Worldwide","Daytona Beach","FL","Southeast","Private nonprofit 4-year","Private nonprofit","4-year","City","10,000-19,999","Master's","No","No",-81.0484,29.1899,17233,12808,15.1,52.7,8.8,19.5,3.8,4.5,67,44,22,603,21.6,433,23.1,13.6,139,25,42,20183,18761,18701,20836,24015,24015,506,1525,1154,,"Group 4",4
433387,"Western Governors University","Salt Lake City","UT","Rocky Mountains","Private nonprofit 4-year","Private nonprofit","4-year","Suburb","20,000 and above","Master's","No","No",-111.8698,40.6848,236992,167263,58.5,56.8,12.5,14.1,4,0,62,,42,900,50.9,900,50.9,33.8,1377,35,40,9555,9358,9848,10666,13731,14297,,23973,22141,,"Group 2",2
433660,"Florida Gulf Coast University","Fort Myers","FL","Southeast","Public 4-year","Public","4-year","Suburb","10,000-19,999","Doctoral","No","No",-81.7726,26.4636,18327,15924,56.4,59.3,6.2,24.5,2,2.3,83,67,21,2558,56,2558,56,41.9,2714,29,65,10548,6146,7093,9954,14265,16165,398,2882,491,72,"Group 2",2
436818,"University of Connecticut-Waterbury Campus","Waterbury","CT","New England","Public 4-year","Public","4-year","City","Under 1,000",,"No","No",-73.0392,41.5556,872,872,56.4,44.7,8.9,27.1,10.6,2.3,79,20,20,306,59.5,306,59.5,40.5,235,50,72,8220,4695,3649,8414,13850,18325,,,,,"Group 2",2
436827,"University of Connecticut-Avery Point","Groton","CT","New England","Public 4-year","Public","4-year","Suburb","Under 1,000",,"No","No",-72.0653,41.3164,559,559,44.7,60.8,3.6,17.7,9.7,1.3,80,67,13,210,56.7,210,56.7,38.6,179,34,57,9139,4820,6993,8988,13760,20876,,,,,"Group 3",3
436836,"University of Connecticut-Stamford","Stamford","CT","New England","Public 4-year","Public","4-year","City","1,000-4,999",,"No","No",-73.5422,41.0561,2557,2557,48.7,31.3,14.3,33.7,9.7,4.8,78,18,19,547,56.9,547,56.9,32.7,646,50,68,13150,9196,10418,14767,21374,25757,,,,,"Group 2",2
441900,"Nevada State University","Henderson","NV","Far West","Public 4-year","Public","4-year","Rural","5,000-9,999","Baccalaureate","No","No",-114.938,35.9823,7885,7805,73.2,20.8,8.6,40.5,12.2,0,77,27,19,464,31,464,31,11.9,356,22,35,16255,11793,12021,15176,17591,19917,,841,40,,"Group 2",2
441937,"California State University-Channel Islands","Camarillo","CA","Far West","Public 4-year","Public","4-year","Rural","5,000-9,999","Master's","No","No",-119.0436,34.1629,7214,6711,65.6,23.4,2.2,59.5,6.3,1.1,73,21,15,913,53.5,913,53.5,28.1,602,47,69,10931,7077,7350,9293,15043,20871,,1813,118,,"Group 4",4
442569,"University of Arkansas Grantham","LIttle Rock","AR","Southeast","Public 4-year","Public","4-year","City","1,000-4,999","Master's","No","No",-92.3436,34.776,8066,7046,64,44.1,32.1,7.6,1.1,0.8,24,16,20,819,24.3,321,24.9,20.2,131,62,100,9186,9067,9365,10971,13197,14752,262,555,339,,"Group 4",4
445188,"University of California-Merced","Merced","CA","Far West","Public 4-year","Public","4-year","Suburb","5,000-9,999","Doctoral","No","No",-120.4249,37.3662,9511,8718,49.2,8.6,4.8,55.3,21.2,5,83,41,21,2285,69.1,2285,69.1,48.6,2371,59,85,13232,8572,9581,11594,17323,30561,,1804,108,107,"Group 2",2
445708,"Johnson & Wales University-Charlotte","Charlotte","NC","Southeast","Private nonprofit 4-year","Private nonprofit","4-year","City","1,000-4,999","Baccalaureate","No","No",-80.8512,35.2335,1237,1237,65.5,31.9,44.5,11.9,2.4,1.4,64,100,12,568,52.1,443,33.9,29.6,388,52,99,29481,24385,27441,30472,31188,33744,161,135,,,"Group 3",3
446048,"Ave Maria University","Ave Maria","FL","Southeast","Private nonprofit 4-year","Private nonprofit","4-year","Rural","1,000-4,999","Baccalaureate","No","No",-81.4389,26.336,1372,1300,54.5,70.6,4.1,12.8,4.1,2.8,75,,12,283,55.5,283,55.5,49.1,356,23,98,23515,19716,18784,22156,24553,25967,,248,18,1,"Group 3",3
446604,"Uta Mesivta of Kiryas Joel","Monroe","NY","Mid East","Private nonprofit 4-year","Private nonprofit","4-year","City","1,000-4,999","Special focus","No","No",-74.1612,41.3339,2591,2591,0,99.5,0,0,0,0.5,96,,16,315,78.4,315,78.4,,566,86,94,5987,4542,5140,6270,8352,9976,,403,,,"Group 4",4
446640,"Harrisburg University of Science and Technology","Harrisburg","PA","Mid East","Private nonprofit 4-year","Private nonprofit","4-year","City","1,000-4,999","Master's","No","No",-76.8803,40.2619,5749,2188,46.8,41.3,24.8,14.2,7.3,0.9,73,14,17,196,43.4,196,42.9,25.5,132,48,93,14882,10291,12086,12510,18031,17783,,104,686,6,"Group 4",4
447689,"Georgia Gwinnett College","Lawrenceville","GA","Southeast","Public 4-year","Public","4-year","Suburb","10,000-19,999","Baccalaureate","No","No",-84.0046,33.9794,13555,13555,59,22.7,32.3,25.3,11.5,3,69,53,20,2126,19.8,2126,19.8,6.1,1918,50,75,11037,10362,10832,12810,16049,16240,1,1150,,,"Group 4",4
456959,"University of Minnesota-Rochester","Rochester","MN","Plains","Public 4-year","Public","4-year","City","Under 1,000","Special focus","No","No",-92.4635,44.0223,656,656,80.3,54,15.2,9,15.1,1.1,72,33,13,188,56.9,188,56.9,52.7,190,36,78,13840,3010,4452,3168,16790,24800,,159,,,"Group 3",3
459949,"Texas A&M University-San Antonio","San Antonio","TX","Southwest","Public 4-year","Public","4-year","City","5,000-9,999","Master's","No","No",-98.5242,29.3048,8479,7619,64.9,14.1,5.9,74.5,1.4,1.2,63,33,19,521,29.4,521,29.4,11.9,980,51,64,13263,11412,11600,14295,18063,20436,,1266,127,,"Group 4",4
463056,"University of Connecticut-Hartford Campus","Hartford","CT","New England","Public 4-year","Public","4-year","City","1,000-4,999",,"No","No",-72.6722,41.7627,1695,1695,49.7,42.8,15,19.9,15.3,1.7,78,20,24,511,65.4,511,65.4,44,606,46,70,10972,7387,8299,11663,17908,23256,,,,,"Group 2",2
464226,"Ottawa University-Surprise","Surprise","AZ","Southwest","Private nonprofit 4-year","Private nonprofit","4-year","Suburb","Under 1,000","Baccalaureate","No","No",-112.3682,33.6289,966,869,33,38.9,11.7,31.9,1.5,3.9,44,17,12,151,22.5,151,22.5,17.2,244,37,100,35030,30933,33393,34695,36196,36647,,147,30,,"Group 3",3
476717,"Be'er Yaakov Talmudic Seminary","Spring Valley","NY","Mid East","Private nonprofit 4-year","Private nonprofit","4-year","Suburb","Under 1,000","Special focus","No","No",-74.0296,41.1382,681,681,0,99.7,0,0,0,0.3,97,,17,115,53,115,53,,193,89,97,5047,4324,5055,8219,14299,,,89,,,"Group 4",4
482149,"Augusta University","Augusta","GA","Southeast","Public 4-year","Public","4-year","City","5,000-9,999","Doctoral","No","No",-81.9891,33.4704,10199,5966,64.3,47.3,27,9.7,7.4,1.2,73,47,16,886,48.6,882,48.6,27,1032,38,80,13486,10597,11947,13829,16848,16901,1,1012,551,495,"Group 3",3
482158,"Middle Georgia State University","Macon","GA","Southeast","Public 4-year","Public","4-year","City","5,000-9,999","Master's","No","No",-83.7321,32.8081,9626,9032,56.4,52.8,30.8,6.8,3.1,1.6,61,45,18,1086,25.6,740,26.2,10.8,1094,41,69,13326,12194,13045,14948,17887,18331,203,983,185,28,"Group 4",4
482680,"University of North Georgia","Dahlonega","GA","Southeast","Public 4-year","Public","4-year","Town","10,000-19,999","Master's","No","No",-83.9857,34.5302,21038,20078,56.3,70.8,3.8,15.4,3.8,1.2,73,57,18,3631,36.8,1450,51.7,34.7,3651,28,76,11687,7958,9023,11167,13074,13702,559,2134,238,54,"Group 2",2
482936,"Florida Polytechnic University","Lakeland","FL","Southeast","Public 4-year","Public","4-year","Rural","1,000-4,999","Baccalaureate","No","No",-81.846,28.1501,1661,1589,19,56.6,7.1,24,4.4,1.2,75,24,17,315,53,315,53,38.4,433,33,94,11923,6261,8232,11322,14621,14127,,214,36,,"Group 2",2
484844,"Minerva University","San Francisco","CA","Far West","Private nonprofit 4-year","Private nonprofit","4-year","City","Under 1,000",,"No","No",-122.408,37.7827,686,624,58,6.9,0,0.6,2.2,88.8,96,,12,197,88.8,197,88.8,76.1,140,0,67,16556,,,,,,,169,5,,"Group 1",1
484905,"University of North Texas at Dallas","Dallas","TX","Southwest","Public 4-year","Public","4-year","City","1,000-4,999","Master's","No","No",-96.8034,32.6596,4595,3760,67,9.8,28.9,49.5,2.7,5,70,47,17,290,43.8,290,43.8,29.3,284,51,72,9109,7316,8563,7686,14157,15780,,758,144,96,"Group 4",4
486840,"Kennesaw State University","Kennesaw","GA","Southeast","Public 4-year","Public","4-year","Suburb","20,000 and above","Doctoral","No","No",-84.5831,34.0388,49914,44419,50.3,45.7,25,14.3,5.6,1.7,79,65,23,5071,48.1,5071,48.1,21.1,6669,35,75,17566,13754,14822,17890,20179,20512,,5763,1549,52,"Group 2",2
486901,"Milligan University","Milligan","TN","Southeast","Private nonprofit 4-year","Private nonprofit","4-year","Suburb","1,000-4,999","Master's","No","No",-82.2941,36.3001,1244,788,49.2,76,5.2,7.2,1.4,6.3,79,,9,204,60.3,204,60.3,52.9,175,23,96,21463,12172,14848,20830,22332,25534,,198,134,12,"Group 3",3
487524,"Husson University","Bangor","ME","New England","Private nonprofit 4-year","Private nonprofit","4-year","City","1,000-4,999","Doctoral","No","No",-68.7915,44.829,3526,2732,60.4,83.5,5.9,0.9,1.2,0.8,76,21,17,570,56.7,566,56.7,36.9,562,35,82,21101,14178,15745,16854,21654,25766,9,503,233,58,"Group 2",2
488846,"University of the People","Pasadena","CA","Far West","Private nonprofit 4-year","Private nonprofit","4-year","City","20,000 and above","Master's","No","No",-118.138,34.1462,47205,37961,46.4,6,3.4,3.2,1.6,0,79,70,27,596,36.7,394,28.2,18.3,1450,0,66,1639,,,,,,1368,792,1983,,"Group 2",2
490805,"Purdue University Northwest","Hammond","IN","Great Lakes","Public 4-year","Public","4-year","Suburb","5,000-9,999","Master's","No","No",-87.4742,41.5843,10438,9413,56.6,56,10.1,24.1,3.4,1.9,68,40,17,1070,44,1070,44,27.9,1235,28,53,9637,4256,4935,10143,13805,14972,,1308,310,2,"Group 3",3
498562,"Commonwealth University of Pennsylvania","Bloomsburg","PA","Mid East","Public 4-year","Public","4-year","Town","10,000-19,999",,"No","No",-76.4478,41.0078,15299,13634,61.1,79.4,6,6.1,1.3,0.4,75,35,19,3010,53,2881,54,41.2,2155,29,70,18004,13799,14068,17711,21110,23167,95,2171,421,12,"Group 2",2
498571,"Pennsylvania Western University","California","PA","Mid East","Public 4-year","Public","4-year","Town","10,000-19,999","Master's","No","No",-79.8868,40.065,15415,10564,61.1,76.8,8.9,4,1.2,1.1,70,25,17,2624,51,2286,52.7,39.8,1914,37,72,19579,14651,15059,18863,23147,24265,209,2029,1563,53,"Group 3",3
